context,query_id,decode_seed,sample_seed,correct,vanilla_correct,delta_vs_vanilla,generated_tokens,truncated,final_answer_reason,extracted_answer,manual_review,legacy_full_response_correct,response_sha256
base,deepmath:09eec24f931f9826a092da35ba28b7b3691646581d223b25c5709fb43c5aa36b,20260911,617330456,1,1,0,989,0,accepted,\text{The identity is true.},0,0,d4695e3eda1be9b610c1c0c0c32151f89242330098b4e86a10f9033d2a78b11c
base,deepmath:09eec24f931f9826a092da35ba28b7b3691646581d223b25c5709fb43c5aa36b,20260912,617330457,1,1,0,1198,0,accepted,"\,2(\nabla_i R^{ij})n_j=(\nabla_kR)n^k\,",0,0,a18515907ce611f47d27b2f66b691c0fcc0f98af0345f706829eb3033ef02086
base,deepmath:09f51dd4abe1c1c28ff754a377c67880ccb554f077e097031e2c86f9c5d634a3,20260911,921673035,1,1,0,2833,0,accepted,"\text{Yes.  For distinct }\psi\in X,\;G_{\psi}\text{ are pairwise non‑isomorphic.}",0,0,771c8f03eb679fe54b903f9d76510bb4a4254ccca1db11c217608f66ef5940d7
base,deepmath:09f51dd4abe1c1c28ff754a377c67880ccb554f077e097031e2c86f9c5d634a3,20260912,921673036,1,1,0,3510,0,accepted,\text{Yes.  The groups } G_{\psi}\text{ are pairwise non‑isomorphic.},0,0,f38e2498bb237bb14cbd05580814886bbf35d9b3ff87b1e2e905676dd02d316c
base,deepmath:0a0e31d9b21a0596bc240f3f28a23a6c870fb8362383556b1894dd96edfc5a4f,20260911,778782470,1,1,0,2005,0,accepted,-1,0,1,aee7d8d9b34ab951f938644131ca60814f0e88d391bddd7afb5dba87e4d5cec3
base,deepmath:0a0e31d9b21a0596bc240f3f28a23a6c870fb8362383556b1894dd96edfc5a4f,20260912,778782471,1,1,0,1886,0,accepted,-1,0,1,9e8a470173f95feb054c6f48d01b538f7265c2d26603b6bf49ff0045888b7f29
base,deepmath:0a2c98118a2cf02eab513fcb6eaf25657685aa14b00a9c07af72344084dee305,20260911,473004756,1,1,0,3040,0,accepted,\text{In general }L^{1}(\mathbb X)\text{ does not have the Schur property; it does so only when the measure space is purely atomic with countably many atoms.},0,0,7789594c6ee54b1c5b07802040dffe87b4219603f5353d224ac4f72b770ff7b7
base,deepmath:0a2c98118a2cf02eab513fcb6eaf25657685aa14b00a9c07af72344084dee305,20260912,473004757,1,1,0,3550,0,accepted,\text{Only purely atomic }L^{1}\text{-spaces have the Schur property; in general }L^{1}(\mathbb X)\text{ does not.},1,0,e024f35b5712234db12de90a81d9f2a1a1e70f07f9d6fdb74bba725c3d0458b2
base,deepmath:0a4c1daba399c1c956c35084f45598b1a275b9a0c9700bb3357de14285fb0f33,20260911,1051497479,1,1,0,2000,0,accepted,2,0,1,81774dd863ad46e3b3fcf8129e113c7bdb7ec267b848a586fb2daf3a57c881d2
base,deepmath:0a4c1daba399c1c956c35084f45598b1a275b9a0c9700bb3357de14285fb0f33,20260912,1051497480,1,1,0,3219,0,accepted,2,0,1,2198575b0a41389e8f2f2e5edc421290c705d6ff3029fa5e0e6f53837426f5a3
base,deepmath:0a534095d77ca56ac6db6453f1f2cba0146ce6824dcd630fcb24aabece34d64d,20260911,1367567735,0,0,0,10240,1,no_final_channel,,0,1,02d71978560fe55fc36a04a9165a2ae44c9d39cec4466c71604bb578556f8bf0
base,deepmath:0a534095d77ca56ac6db6453f1f2cba0146ce6824dcd630fcb24aabece34d64d,20260912,1367567736,1,1,0,7163,0,accepted,1,0,1,4fdf5077f98c1dcbbc785e3d0f539c9860c92da6c3809c4cfc2151a82f7fd5bb
base,deepmath:0ac5cd29827e6d59f5a051f2dbebfab03376928097362d7af1e04b3408b93daa,20260911,244992474,1,1,0,1609,0,accepted,\text{A non‑linear inner‑product preserving map necessarily preserves distance.},0,0,e0a7f1e7e0861e2f451be37b1bf38038a7bd75bdc1243bf9e3bcf45be3a39f33
base,deepmath:0ac5cd29827e6d59f5a051f2dbebfab03376928097362d7af1e04b3408b93daa,20260912,244992475,1,1,0,1039,0,accepted,\text{A non‑linear inner‑product preserving map necessarily preserves distance.},0,0,b314730d85ae2d19b06d2257560135f6fb43a703fa2741020d2ed14ff3c40b43
base,deepmath:0ad2165ec53313080292b90a28eacb3f4c787cc24868fc48ee1b5eed786a806b,20260911,467654611,1,1,0,1406,0,accepted,"\,M\;\cong\;\mathbb Z\,",0,0,8b9eccf912806be68ef3770c8be3487ae3e0165f457e2d356db48e244d6c9722
base,deepmath:0ad2165ec53313080292b90a28eacb3f4c787cc24868fc48ee1b5eed786a806b,20260912,467654612,1,1,0,1420,0,accepted,M\;\cong\;\mathbb Z,0,0,d80e56ed055f446831c435b4166e89ab62927bf2a2fae973225f6764aa7f04d7
base,deepmath:0ad9004d18f50d90b613d9add7e20e7f6aacf8a68d61eebd280b2507fc9d1c68,20260911,2089733415,1,1,0,902,0,accepted,6,0,1,0fde0d6932a10f52654ed194a842ce5403c541ba67627fe2fa5804d5ad07b48a
base,deepmath:0ad9004d18f50d90b613d9add7e20e7f6aacf8a68d61eebd280b2507fc9d1c68,20260912,2089733416,1,1,0,748,0,accepted,6,0,1,bae4233474d7544cf84852f5b7b5e8ad9e540010cac60291b95a783f8d440fca
base,deepmath:0adecec663c191db5a668ed948a24aa1c0729496ed3ba2077b06c62844f6a8fd,20260911,525343606,1,1,0,1115,0,accepted,\displaystyle \frac{2\pi}{3},0,1,6044e35e14feabdd0a36d3d2cf45dd360d026e2d5e2f96f6ed7eaa834bd37847
base,deepmath:0adecec663c191db5a668ed948a24aa1c0729496ed3ba2077b06c62844f6a8fd,20260912,525343607,1,1,0,1145,0,accepted,"\displaystyle \int_{-\pi}^{\pi}\left|\sum_{n=1}^{\infty}\frac{1}{2^n}e^{inx}\right|^2 dx
      =\frac{2\pi}{3}",0,1,98e54174726fd028bbaeff1ec281c7cf4a12851f90a5d2f9f5e07d8649e47956
base,deepmath:0b1debca0c0ee5a5397565364c004dc71354830e3f63e78a8d43a936c2a0fdd8,20260911,1823020238,1,1,0,3060,0,accepted,\text{yes},0,1,585fb97cc3ba346e77a977590ba8ad5e466199b7bd6e1624008f356e3b74b0d9
base,deepmath:0b1debca0c0ee5a5397565364c004dc71354830e3f63e78a8d43a936c2a0fdd8,20260912,1823020239,1,1,0,4573,0,accepted,\text{Yes},0,1,d7ac0e6d17a730cbba384462d89f7936ba0851daf29de5da0fd515bb5b5fd0a3
base,deepmath:0b307b3dff05eab2cd2259730c90d849202caa8e3956a2bcb3bedccaf4adeb9a,20260911,393305067,1,1,0,606,0,accepted,6\pi i,0,1,5228a9f9919d3a49334a3ba436b808fa18628abf02c03a45394453044d53135e
base,deepmath:0b307b3dff05eab2cd2259730c90d849202caa8e3956a2bcb3bedccaf4adeb9a,20260912,393305068,1,1,0,682,0,accepted,6\pi i,0,1,418edfb8a8cef8c1ccbbbaeff6805c67a191d2f2b5d1f7f71b581a4288333bd8
base,deepmath:0b4a8a3b280b80a10d5e0a4281c2412278518a515522739e4f14a1068c03d770,20260911,1482764664,1,1,0,1062,0,accepted,0,0,1,cfa3ff7c6660d63b28dee12b9b4ada860c8ae81551f3e7034cdc4778c402cb7a
base,deepmath:0b4a8a3b280b80a10d5e0a4281c2412278518a515522739e4f14a1068c03d770,20260912,1482764665,1,1,0,1275,0,accepted,"\,0\,",0,1,78d5a8da865f05aff5140a03ea1ee20ef55ea49acd70d5a39f050a32a62ebca7
base,deepmath:0bc69d2c8caa51758be4450d51b18b647c9bee5f0aa6882fd601b97e2642e63f,20260911,1765029760,1,1,0,2399,0,accepted,,0,0,f56f76597404801552c00d9663b388e3537fa8ac914b8171a9a8766a40465cbb
base,deepmath:0bc69d2c8caa51758be4450d51b18b647c9bee5f0aa6882fd601b97e2642e63f,20260912,1765029761,1,1,0,2281,0,accepted,"\text{A continuous }f:A\to Y\text{ extends to }X\text{ iff }X
\text{ is normal.}",1,0,5906271a69e60230d8034195b31bc47376ddc339d49310c98e21cc3e5ea12751
base,deepmath:0bd14ae75e2eb74b2eca4124f37a1a900bd7228090218b5d4e9e8b533cb8782d,20260911,818529422,1,1,0,1176,0,accepted,"\,p-1\,",0,1,c20474553b659273407308e4321f41b567cbc871396aefd05468bebf82c42764
base,deepmath:0bd14ae75e2eb74b2eca4124f37a1a900bd7228090218b5d4e9e8b533cb8782d,20260912,818529423,1,1,0,1385,0,accepted,"\,p-1\,",0,1,f9cebdedea43a922006c06bd7bd96f69f9040441c9b2d915963dd5db6f6f7e73
base,deepmath:0c2330f1106124502a5c4611ea036dd2541a823daf53d51276cb6e6d6717e49e,20260911,2138420734,1,1,0,7160,0,accepted,\text{No},0,1,4a8a3e1a334444477935be356e87a9f1800c2e7363c988e28efa77e80c7090c3
base,deepmath:0c2330f1106124502a5c4611ea036dd2541a823daf53d51276cb6e6d6717e49e,20260912,2138420735,0,0,0,10240,1,no_final_channel,,0,0,9749cf87f671cb3ee4baa203c8e59b818a8305ffdfef254be77425d084303e16
base,deepmath:0c6ae8d4f7b9253e5d93f6fc579f45669cb5705013615b6a5b4c1213a3428e0b,20260911,1883942759,1,1,0,1127,0,accepted,(\mu\times\nu)(E)=0,0,1,abece74006fe49f27a9356eab75beb60f7c6490975355921511d2cab55522c36
base,deepmath:0c6ae8d4f7b9253e5d93f6fc579f45669cb5705013615b6a5b4c1213a3428e0b,20260912,1883942760,1,1,0,1333,0,accepted,(\mu\times\nu)(E)=0,0,1,57d764d39eedee0710ad566057721b37577782203cdbdd87604e476855e479dc
base,deepmath:0c98bcec3b0a0354eebe20b788cc321a347286b450e5a09e1a4be52cc2f362ee,20260911,1774885841,1,1,0,1022,0,accepted,\dfrac{\pi}{4},0,1,a8028c28db15e4825ab02395f21a6e45a486243d9c8fad602d1dc33a8ba813f4
base,deepmath:0c98bcec3b0a0354eebe20b788cc321a347286b450e5a09e1a4be52cc2f362ee,20260912,1774885842,1,1,0,1216,0,accepted,\dfrac{\pi}{4},0,1,5e9f9158bcc288f329822b3c439dd8ee1bc74845feccd48c13909baa6761d357
base,deepmath:0ca28fd43f4b1efdac7c7c4fb5a0c6286661c5b8783764919735c68691ec284e,20260911,34919405,1,1,0,2655,0,accepted,8,0,1,a6eece801592ba434ecd7fb269214d3dcc68b1407f0c3b18b0c433e956ca6925
base,deepmath:0ca28fd43f4b1efdac7c7c4fb5a0c6286661c5b8783764919735c68691ec284e,20260912,34919406,1,1,0,4911,0,accepted,8,0,1,c38e6328bbf4a09be23ea35b2387db1c5dd4f225faec902fb50a9c351c9d6b35
base,deepmath:0cb24630c9195633176d626fa237ae86bdf92eab7c4963e1772f6c8aa07538fd,20260911,1895914089,1,1,0,1552,0,accepted,\text{yes},0,1,1ffef1e15d1866bc3798b5421509f8d26367fffbe3d1fc8d3f08047e2eb7ec89
base,deepmath:0cb24630c9195633176d626fa237ae86bdf92eab7c4963e1772f6c8aa07538fd,20260912,1895914090,1,1,0,2414,0,accepted,\text{yes},0,1,593af55b82796865162ca2ff6209fbb8cc3951daf6161b15cb05a84e5f721138
base,deepmath:0cc1d5af0de6015927c0acdf150652a7d5a11d5088175929f52fc6e99e6c2de9,20260911,1306667817,1,1,0,1661,0,accepted,3n-6,0,1,1bd94e82d7e304b5fcae5c4b725eb941fd4f6bea8a96386fd971636c1d3a9b32
base,deepmath:0cc1d5af0de6015927c0acdf150652a7d5a11d5088175929f52fc6e99e6c2de9,20260912,1306667818,1,1,0,1638,0,accepted,"\,3n-6\,",0,1,820e14e481b45ec8a795a87c8018870f0b60244a3c891ca43c79bb0f0e8a7002
base,deepmath:0ce8fbb3afcf395ea80201f16c6399f879c0ecfda334d254b759cb97254ad989,20260911,1402173473,1,1,0,1171,0,accepted,\frac{\pi}{6},0,1,b4575bf69f468b9ff0a63c202938ce40854603b61295e7ed5e909a2bba9ef9c6
base,deepmath:0ce8fbb3afcf395ea80201f16c6399f879c0ecfda334d254b759cb97254ad989,20260912,1402173474,1,1,0,1751,0,accepted,\dfrac{\pi}{6},0,1,8ca591d5be1aa915af85963eea0f901e293870cb2b633808f1e7b0b6ec4105eb
base,deepmath:0cfd41d2e3e58eccf1405849cf5c6b0587838024fa2b7f8fa6ed1f97eb3d1287,20260911,411389796,1,1,0,1863,0,accepted,"\text{Yes, } g(\nabla f_p,\nabla f_p) \text{ is independent of the choice of coordinates.}",0,0,017d2b2c000f3e5268ef7ba2f91ab9ea9d5f45fe53bc9a05b981e79da2638932
base,deepmath:0cfd41d2e3e58eccf1405849cf5c6b0587838024fa2b7f8fa6ed1f97eb3d1287,20260912,411389797,1,1,0,718,0,accepted,"\text{Yes, } g(\nabla f_{p},\nabla f_{p}) \text{ is coordinate‑independent.}",0,0,c8bad40444a2efa049dd9e99d9325332f192f01139719fba5ab4229136771413
base,deepmath:0cff2780fbc19b9cc6044eac9895950ac246a05680deed996283bc9f5076ef9f,20260911,735804863,0,0,0,4437,0,boolean_mismatch,No.  ,0,0,674a4bf8127c2e8cb246f312ef0f56fe85ae0a844c6a96aebba3d4d5f2d0b7f5
base,deepmath:0cff2780fbc19b9cc6044eac9895950ac246a05680deed996283bc9f5076ef9f,20260912,735804864,1,1,0,2782,0,accepted,"\,U^{*}U=I_{X}\,",0,0,d166cac1dc5f447a7874f7bf500d5d114509c2fc841394d7c3107bc5b51d67f6
base,deepmath:0d46dbf4318385acc93af82a1a66ea5538f2394865ad45314635ccf936ba495b,20260911,403948851,1,1,0,1939,0,accepted,999,0,1,dad605b05106e4de917da0c0369327c49767431edd1a6a83e35df0e0b8bc2df5
base,deepmath:0d46dbf4318385acc93af82a1a66ea5538f2394865ad45314635ccf936ba495b,20260912,403948852,1,1,0,2026,0,accepted,999,0,1,49d55134e9032d8b7a0d13a60277dc866ebb7216042e023d09fe3717e015c022
base,deepmath:0d6a08898c5a3339a2cb79f4b5cb6611102fc601bb2a10787ffbff7c3f570956,20260911,1249605084,1,1,0,1958,0,accepted,"\,J(R)=pR=\Bigl\{\frac{a}{b}\in R\;\big|\;p\mid a\Bigr\}\;",1,0,33f99460eb5844970af3be510ea69a5f76f15bc6417c2b040b52755fd5be402d
base,deepmath:0d6a08898c5a3339a2cb79f4b5cb6611102fc601bb2a10787ffbff7c3f570956,20260912,1249605085,1,1,0,1214,0,accepted,"\,J(R)=pR=\Bigl\{\frac{a}{b}\mid a\in p\mathbb Z,\; b\in\mathbb Z,\; p\nmid b\Bigr\}\,",1,0,b70bb95964ac5d212076bc83021c92812c05a0182a502abb5cd71711d04658b8
base,deepmath:0d8d7f0878793a9c1c29ff557ebd796b904ad793adb36391f030379222be1e3e,20260911,525823808,1,1,0,1457,0,accepted,32,0,1,408448f9c3c1435a1a1818fdbaa8f8da176f8978115d92a16541ed99c35e568b
base,deepmath:0d8d7f0878793a9c1c29ff557ebd796b904ad793adb36391f030379222be1e3e,20260912,525823809,1,1,0,2131,0,accepted,32,0,1,ccf6a33885998be9a9d97879ee04cacc0963c3d8165ae20aefe1f3cb804ca1e6
base,deepmath:0d9a6adc26d4d0fa13685c4827a313ae8eca2fc31a41a6ace39c087cbf8c13b7,20260911,1811268895,1,1,0,1607,0,accepted,\frac{1}{3},0,1,db2561ecbd6131996afd46b9b303d3050d1781dc7592f381386f2b1909df08e5
base,deepmath:0d9a6adc26d4d0fa13685c4827a313ae8eca2fc31a41a6ace39c087cbf8c13b7,20260912,1811268896,1,1,0,2007,0,accepted,\frac13,0,1,219390569328b405cf110e3208156736985e02169577a58ae874e396d763f037
base,deepmath:0db75eb28d46830a2bf2e05f82e5e7ea66e6654fdaabfe9137c834ce27c22c89,20260911,873833451,1,1,0,2122,0,accepted,\text{The Hahn–Banach extension is continuous iff the dominating sublinear functional is continuous; otherwise it can be discontinuous.},1,0,cd4d30725a5bc8e23a3f30a0324da21503b64018013eac7a2e1e58eb70cd75de
base,deepmath:0db75eb28d46830a2bf2e05f82e5e7ea66e6654fdaabfe9137c834ce27c22c89,20260912,873833452,1,1,0,1883,0,accepted,\text{The Hahn–Banach extension of a sublinear functional is not always continuous.},0,0,ce71a7edcf23e27a79d58cbe90523f6f4f975ca72d2ac1989683b1f3e5833a20
base,deepmath:0dc9891017d2f0cff77328b293a738ca6ec75f7704f329ff7ced47e9a1a27b74,20260911,1475690855,1,1,0,5314,0,accepted,S\equiv -1\pmod p,0,1,fe86d74c9092e32f6cad94a1d4363817dedf1a119923cf9fa7745d81866096a8
base,deepmath:0dc9891017d2f0cff77328b293a738ca6ec75f7704f329ff7ced47e9a1a27b74,20260912,1475690856,1,1,0,2906,0,accepted,-1\pmod p,1,0,94e246a0905bc34eb19bbaad4672fe7915191f3372ff01ddaeb6cec5438c3ce2
base,deepmath:0e038c59bfab69ad0739a83615a2395400d618acb6001c38b2c3e36c2760a584,20260911,535504254,1,1,0,1123,0,accepted,"\text{Yes, }C^0\text{ is path‑connected.}",0,0,5af2123f592bbd2607cc6c3b7382433963f231e2b90c6a22884d1b053adeeb65
base,deepmath:0e038c59bfab69ad0739a83615a2395400d618acb6001c38b2c3e36c2760a584,20260912,535504255,1,1,0,1199,0,accepted,"\text{The space }C^{0}\text{ is path‑connected (indeed, contractible).}",0,0,1e9a212aba81de14ed9456d22fd5a2736ce2beccccb0115b2baede940fd2d122
base,deepmath:0e7906a7e663f12fa63919fea449bf3ca2891ac237edad7304b7b668a3b03c39,20260911,1640613427,1,1,0,1537,0,accepted,\text{The area is infinite.},1,0,89c15cc4d33db4605777e1a96e48d10de83a614822bb56cbc7c60a23f3c94792
base,deepmath:0e7906a7e663f12fa63919fea449bf3ca2891ac237edad7304b7b668a3b03c39,20260912,1640613428,1,1,0,1489,0,accepted,\text{The area is infinite.},1,0,b7fbe9e0bb65db90cf16b6faef6eb6754f8195919e83011aee4f9b90c0327a5b
base,deepmath:0ee318748d03a3ae14803cc63247d74ad92937fe4ab4671343d4d5bd8ed8dd7e,20260911,2037170321,1,1,0,2349,0,accepted,\displaystyle \int_{C}\frac{dz}{z^2+1}=\pi,0,0,ce81f39de00032105f2cb647afd3712a8de4f44f687c48ec5b492a1b640b7a99
base,deepmath:0ee318748d03a3ae14803cc63247d74ad92937fe4ab4671343d4d5bd8ed8dd7e,20260912,2037170322,1,1,0,2460,0,accepted,\pi,0,1,c1d82e1fb053a77459d2472bb7d89db4a702d9b1da9f8b800e26b94e078e10bd
base,deepmath:0eed371c6c80305cc5cab7e04989ea9959deab0fe2746edc52d1bc86260c5b12,20260911,1798713109,1,1,0,4192,0,accepted,"\,n^k\,",0,1,13c9676c638afb0b0cc369a9914b98c958d9ce51c9b3adefd62dcbbd154461b6
base,deepmath:0eed371c6c80305cc5cab7e04989ea9959deab0fe2746edc52d1bc86260c5b12,20260912,1798713110,1,1,0,3331,0,accepted,"[\mathbb{Q}(\sqrt[n]{p_1}, \ldots, \sqrt[n]{p_k}):\mathbb{Q}]=n^k",0,0,d60aabc9342f71a6dc19b9ded35ba5286a024a1904be5527f9d8c0cdcd1b934f
base,deepmath:0ef587d0b5741ec3324ef7c37d9e0a52e0cca6b7673854f8b867158fa682f27e,20260911,1879644585,1,1,0,1312,0,accepted,"\,M(t)=B\,W(t)\text{ for }t\in[0,1]\,",0,0,32d0ec080a6c129e26fdf838c2722b2ae281ad5616fea28ba1e07f454913beac
base,deepmath:0ef587d0b5741ec3324ef7c37d9e0a52e0cca6b7673854f8b867158fa682f27e,20260912,1879644586,1,1,0,2074,0,accepted,"\,\text{Yes, e.g. }M(t)=\xi B(t)\text{ is a continuous local martingale with }M(0)=0,\;M\not\equiv0,\;\text{and }M(t)=0\text{ a.s. on a set of positive probability.}\,",0,0,de2b56a0b57cdd4f2c10d3fb1ff72d33a1f382b4f3d1dd484e394f374755b590
base,deepmath:0f6c16aabe55ebdfd35bca5285055a101e288cef612d487a8815aa9d15417305,20260911,778361324,1,1,0,764,0,accepted,f(b),0,1,51a740fecb5def5708cb81f70e2ccf8e524958979f098f83cd4caa2be5d9b9a7
base,deepmath:0f6c16aabe55ebdfd35bca5285055a101e288cef612d487a8815aa9d15417305,20260912,778361325,1,1,0,712,0,accepted,"\displaystyle \int_{[a,b]} f(x)\,\delta_b(dx)=f(b)",0,0,a31c51b1a7682eda24dea92e9801ee76deab4d75189219a974d35586c972a495
base,deepmath:0f7c180d53ac8d5ecda9eec2678b1e7c3bc890fd3fdf8534b355364469f8f07f,20260911,574671046,1,1,0,1428,0,accepted,"\displaystyle \int_C x^2\,d\mu(x)=\frac{3}{8}",0,1,30cda54217c0c2178d771325aa20a0e44462611967381c97544fb485e4a13153
base,deepmath:0f7c180d53ac8d5ecda9eec2678b1e7c3bc890fd3fdf8534b355364469f8f07f,20260912,574671047,1,1,0,2464,0,accepted,"\displaystyle \int_C x^2\,d\mu = \frac{3}{8}",0,1,37b7b4349d7542bb052d9a7c6f754ff1f0532af7bc295d1f0f118096579ff396
base,deepmath:0f8ec6ae9305b4bc5e6fc38ee7fe190a5cde2ee84129a5c00ee1afe870f8ed7a,20260911,422559799,1,1,0,781,0,accepted,"\dim Sp(2n,\tilde{F}) = 2n^2 + n",0,0,9da0813ceb23d02de83cc3b46c17a7c8f025e4972073be271f497849a21d5c8c
base,deepmath:0f8ec6ae9305b4bc5e6fc38ee7fe190a5cde2ee84129a5c00ee1afe870f8ed7a,20260912,422559800,1,1,0,1429,0,accepted,2n^{2}+n,0,1,3e5a77c28437b244741d34ab26d45e890f85f65f61977069b2d4013d3c391afa
base,deepmath:0fab24a01957c86ec519b8217b9552c35dab0904bb7b7a60e41e6e9eac973ada,20260911,1079812063,1,1,0,2498,0,accepted,"\,|\mathcal P|=2^{\aleph_0}\,",0,0,9b8d420c4cc4521bdbec658817abec23efe16cfe482a29f2d5d3bb47e739b01e
base,deepmath:0fab24a01957c86ec519b8217b9552c35dab0904bb7b7a60e41e6e9eac973ada,20260912,1079812064,1,1,0,2341,0,accepted,"\,|\mathcal P|=2^{\aleph_0}\,",0,0,4c1250392bcd5f5132b868ab4b8c834bd2f27fd18fac90294c1d4a2c87a73cbb
base,deepmath:0fc78160733481a9cdc811f9fa8e22a318277792c3057a3aa313f8c04bb02f69,20260911,1374943726,1,1,0,3052,0,accepted,\text{Such an }f\text{ always exists.},0,0,820f1887fcde991037fc684c570d92217f143337c94a3df6e7955941eb8aa1be
base,deepmath:0fc78160733481a9cdc811f9fa8e22a318277792c3057a3aa313f8c04bb02f69,20260912,1374943727,1,1,0,3784,0,accepted,"\,f(x)=\varphi^{-1}\!\Bigl(\varphi(x)+\tfrac12\Bigr)\,",0,0,661365c180b4bf16d62b792e77d74011c71d11118162cd76cbeb433d2b3c5ef6
base,deepmath:0fd97c8595beb389fde9340278b2638736837040e430a785d69e9be5581e43f6,20260911,1838582144,1,1,0,894,0,accepted,\displaystyle \frac{\partial x(t;A)}{\partial A}\Big|_{A=0}=t,0,0,1701266b785ef0ae07c5652b66908ad2253eca75f9e5a3f5380d4ceeb04a9921
base,deepmath:0fd97c8595beb389fde9340278b2638736837040e430a785d69e9be5581e43f6,20260912,1838582145,1,1,0,787,0,accepted,t,0,1,49e12cf6b48f6b44fdaf1ebe39ef6ad771f8e4efe1e3905a7a1b8c3d83a58d96
base,deepmath:102db25a39c620293d19014fa8da17b523a0ed37fab4a4b100d1b69cc4db8cb1,20260911,1501599064,1,1,0,1621,0,accepted,\text{True},0,1,9f4880e7eb4816b50bafbc384d86a26550e97ab9f073f5d8bc2f4834b9cd6dd9
base,deepmath:102db25a39c620293d19014fa8da17b523a0ed37fab4a4b100d1b69cc4db8cb1,20260912,1501599065,1,1,0,3307,0,accepted,\text{True},0,1,c4478ee977c4db85f163b42749652e5aed1a17c43b5758c3b113e42028c39554
base,deepmath:10854dacc8b150d76e1748abe388f27b975539da351dc3ff033a36082a1d74a2,20260911,560799296,1,1,0,2755,0,accepted,0,0,1,743d2aca1636bf097dde8ca630dc06b9b1ad2530c2c9db3257e64f4e7bbd33b0
base,deepmath:10854dacc8b150d76e1748abe388f27b975539da351dc3ff033a36082a1d74a2,20260912,560799297,1,1,0,3013,0,accepted,0,0,1,14c09ab6fb907ea9fbcc94d7d1aa58a20943fcfdad29d39037bbf064b8fa8d69
current,deepmath:09eec24f931f9826a092da35ba28b7b3691646581d223b25c5709fb43c5aa36b,20260911,617330456,1,1,0,906,0,accepted,\text{The equation is true.},0,0,550591f02cfa40ae0d88d3837e020ead46fbf29a5a4143ff09e65ae42dd0055f
current,deepmath:09eec24f931f9826a092da35ba28b7b3691646581d223b25c5709fb43c5aa36b,20260912,617330457,1,1,0,896,0,accepted,"\,2(\nabla_i R^{ij})n_j=(\nabla_kR)n^k\,",0,0,f2442da57b5e21e733a164cd4cdbdb5faea7b44e9295f45bd843009b614437e8
current,deepmath:09f51dd4abe1c1c28ff754a377c67880ccb554f077e097031e2c86f9c5d634a3,20260911,921673035,1,1,0,7492,0,accepted,"\text{The groups }G_{\psi}\text{ are pairwise non‑isomorphic for all }
\psi\in X.",1,0,d4a74cf8156d10b7dc95cf7838b86a803e456a8677416f396eec278a4406fa61
current,deepmath:09f51dd4abe1c1c28ff754a377c67880ccb554f077e097031e2c86f9c5d634a3,20260912,921673036,1,1,0,2126,0,accepted,\text{Yes.  The groups }G_{\psi}\text{ are pairwise non‑isomorphic for all }\psi\in X.,0,0,d3610eb8345af8d7d0f32180469589eec3fbf547ff9b0a53672e95425290d8fc
current,deepmath:0a0e31d9b21a0596bc240f3f28a23a6c870fb8362383556b1894dd96edfc5a4f,20260911,778782470,1,1,0,2325,0,accepted,-1,0,1,a156fb7c325f1a61a6cbbf8de26b390603b8707cfc46ba308afbf0d73553c799
current,deepmath:0a0e31d9b21a0596bc240f3f28a23a6c870fb8362383556b1894dd96edfc5a4f,20260912,778782471,1,1,0,1920,0,accepted,-1,0,1,46cc2c94ea690da0303059f75d489d4a980d832b7528d53d48a6f19bfc71680a
current,deepmath:0a2c98118a2cf02eab513fcb6eaf25657685aa14b00a9c07af72344084dee305,20260911,473004756,1,1,0,3118,0,accepted,"\text{No, }L^{1}(\mathbb{X})\text{ does not have the Schur property.}",0,0,f455dc4cee2acc17a69921ebd3479e6e221835d2c44d0fe2f1a5541ab95c634e
current,deepmath:0a2c98118a2cf02eab513fcb6eaf25657685aa14b00a9c07af72344084dee305,20260912,473004757,1,1,0,4601,0,accepted,"\text{Only when } \mu \text{ is purely atomic does } L^1(\mathbb X)
\text{ have the Schur property; otherwise it does not.}",0,0,4e89da235c7638feb0b84e2c6d58ea5dd1cfc1d332dd10928be578155500ba3d
current,deepmath:0a4c1daba399c1c956c35084f45598b1a275b9a0c9700bb3357de14285fb0f33,20260911,1051497479,1,1,0,854,0,accepted,2,0,1,9c15e73ecc3e3e87d4fd073618485d0073aee125ff436a3e318b7f9c29b63b9d
current,deepmath:0a4c1daba399c1c956c35084f45598b1a275b9a0c9700bb3357de14285fb0f33,20260912,1051497480,1,1,0,1023,0,accepted,2,0,1,7367ad42d81cfbf9f2106cd6a23724e96633c55053ae888aa0ac92766fae76dd
current,deepmath:0a534095d77ca56ac6db6453f1f2cba0146ce6824dcd630fcb24aabece34d64d,20260911,1367567735,1,0,1,4004,0,accepted,1,0,1,a469c33ec2c68889307fe93a69a7ef1005c344094b9bbd04c19a45fb1c1ed0bf
current,deepmath:0a534095d77ca56ac6db6453f1f2cba0146ce6824dcd630fcb24aabece34d64d,20260912,1367567736,0,1,-1,10240,1,no_final_channel,,0,1,c49eb6d94b34f02f2a889577439b02347c7b65dbda483fc4191dc244de30af54
current,deepmath:0ac5cd29827e6d59f5a051f2dbebfab03376928097362d7af1e04b3408b93daa,20260911,244992474,1,1,0,1259,0,accepted,\text{Yes.  Any map that preserves the inner product also preserves the induced distance.},0,0,dc76cae7dbd75249cb71c582a9d77cf962a0b225020da040542876b29a24f35f
current,deepmath:0ac5cd29827e6d59f5a051f2dbebfab03376928097362d7af1e04b3408b93daa,20260912,244992475,1,1,0,996,0,accepted,"\text{Yes, any map that preserves the inner product necessarily preserves distance.}",0,0,8f918b761fbc310fe55036d21ae8b226e42e7b711378a3b643008bc8dba1767e
current,deepmath:0ad2165ec53313080292b90a28eacb3f4c787cc24868fc48ee1b5eed786a806b,20260911,467654611,1,1,0,1486,0,accepted,M\;\cong\;\mathbb Z,0,0,035dc8665a09213a48d5bff57575b71e95f16f29ac7891d4dc4ea16aba1d950f
current,deepmath:0ad2165ec53313080292b90a28eacb3f4c787cc24868fc48ee1b5eed786a806b,20260912,467654612,1,1,0,1162,0,accepted,"\,M \cong \mathbb{Z}\,",0,0,c671cb9bbe3cad4c040aa215d5c9cecf6a8707bbfd243f590bf960cae7209660
current,deepmath:0ad9004d18f50d90b613d9add7e20e7f6aacf8a68d61eebd280b2507fc9d1c68,20260911,2089733415,1,1,0,890,0,accepted,6,0,1,d926aa7d4a854368f80d04a534b6d08f591cb7d74f8988caa5486a70df48cfd8
current,deepmath:0ad9004d18f50d90b613d9add7e20e7f6aacf8a68d61eebd280b2507fc9d1c68,20260912,2089733416,1,1,0,433,0,accepted,6,0,1,9db0eb665bac38299bbbd08ce7668a00f048b65a40597423ae9865b2998a6251
current,deepmath:0adecec663c191db5a668ed948a24aa1c0729496ed3ba2077b06c62844f6a8fd,20260911,525343606,1,1,0,1224,0,accepted,\dfrac{2\pi}{3},0,1,eb99f69f27e76e3d36c4b54ef1a140d50850352f1358ecd44b2ef3e0e7da1893
current,deepmath:0adecec663c191db5a668ed948a24aa1c0729496ed3ba2077b06c62844f6a8fd,20260912,525343607,1,1,0,1309,0,accepted,\frac{2\pi}{3},0,1,cbfc53a8c96f66042d1a3f353fe0e16ad72d8e98179a4915e6e02931b4c3fe5e
current,deepmath:0b1debca0c0ee5a5397565364c004dc71354830e3f63e78a8d43a936c2a0fdd8,20260911,1823020238,1,1,0,2857,0,accepted,\text{Yes},0,1,cdcc6b8cb2044387c9d097a34d2faeb7e5848a2e30bef8123539142c05ae97ff
current,deepmath:0b1debca0c0ee5a5397565364c004dc71354830e3f63e78a8d43a936c2a0fdd8,20260912,1823020239,1,1,0,1897,0,accepted,\text{Yes},0,1,2ff74993f66223dc0a789154d7928aff3732387a3ca0a84d156f89ba6ff8c072
current,deepmath:0b307b3dff05eab2cd2259730c90d849202caa8e3956a2bcb3bedccaf4adeb9a,20260911,393305067,1,1,0,615,0,accepted,6\pi i,0,1,4adfad9412d034cf663da8085b9a626aa6b9a731ff5c62d8f408147330a6232c
current,deepmath:0b307b3dff05eab2cd2259730c90d849202caa8e3956a2bcb3bedccaf4adeb9a,20260912,393305068,1,1,0,596,0,accepted,6\pi i,0,1,84fc5542748c70e114b520b42d92d7d3edf576bb3a2df16640421fb024da98f1
current,deepmath:0b4a8a3b280b80a10d5e0a4281c2412278518a515522739e4f14a1068c03d770,20260911,1482764664,1,1,0,1176,0,accepted,0,0,1,c5eab266aa51dc3411cdba5e859d82cf48ca8d8a8c5048997afea952fb480530
current,deepmath:0b4a8a3b280b80a10d5e0a4281c2412278518a515522739e4f14a1068c03d770,20260912,1482764665,1,1,0,800,0,accepted,0,0,1,a563bd9439d0c640e09ffa69e7b911ebf05480bf78f7edf3df49606f1598c80a
current,deepmath:0bc69d2c8caa51758be4450d51b18b647c9bee5f0aa6882fd601b97e2642e63f,20260911,1765029760,1,1,0,3589,0,accepted,"\text{No, a continuous extension need not exist.}",0,0,5d3a6eb199502661775c450c119930bfce90fe5a93037d5988ea7d20d363fec2
current,deepmath:0bc69d2c8caa51758be4450d51b18b647c9bee5f0aa6882fd601b97e2642e63f,20260912,1765029761,1,1,0,7543,0,accepted,\text{In general a continuous map }f:A\to Y\text{ need not extend to }X.,1,0,9cdc442e5b13efcf31aa689afd9163a81a02db629cb37e543c35b670eba49dc7
current,deepmath:0bd14ae75e2eb74b2eca4124f37a1a900bd7228090218b5d4e9e8b533cb8782d,20260911,818529422,1,1,0,529,0,accepted,p-1,0,1,57ac056e14b9c7ca04ca14b44377ebd75a055b43759a496b2960bace1d71a91f
current,deepmath:0bd14ae75e2eb74b2eca4124f37a1a900bd7228090218b5d4e9e8b533cb8782d,20260912,818529423,1,1,0,855,0,accepted,p-1,0,1,a2bae28d4667efbe5aa12be9b7abb67d4db31ce4a40bd8dd5962e96d5fd0f18d
current,deepmath:0c2330f1106124502a5c4611ea036dd2541a823daf53d51276cb6e6d6717e49e,20260911,2138420734,1,1,0,6204,0,accepted,"\text{No, not necessarily.}",0,0,71f1f6844eefde1b81233d3d27a5bc106bfea8c42c7969c155c3f11528ab586b
current,deepmath:0c2330f1106124502a5c4611ea036dd2541a823daf53d51276cb6e6d6717e49e,20260912,2138420735,1,0,1,6005,0,accepted,\text{No},0,1,0815c387992086f6f1ca939c6ad19a659383d4db3e07fd803a08d524e5789fab
current,deepmath:0c6ae8d4f7b9253e5d93f6fc579f45669cb5705013615b6a5b4c1213a3428e0b,20260911,1883942759,1,1,0,1491,0,accepted,(\mu\times\nu)(E)=0,0,1,2a9c06ff7ca4c9bdad70569d36af2cdfdd960be85feef1bf0807e3f918cb6ad2
current,deepmath:0c6ae8d4f7b9253e5d93f6fc579f45669cb5705013615b6a5b4c1213a3428e0b,20260912,1883942760,1,1,0,798,0,accepted,0,0,1,9e1a7a6a4566ddfe427489a9092d79b23e29a21de9b6550b8a2284a0b89f1614
current,deepmath:0c98bcec3b0a0354eebe20b788cc321a347286b450e5a09e1a4be52cc2f362ee,20260911,1774885841,1,1,0,760,0,accepted,\dfrac{\pi}{4},0,1,d8a3cf0a86bc6e4e6d73b772051a1f997beb36bd92bf9b73b7823ca68d07c616
current,deepmath:0c98bcec3b0a0354eebe20b788cc321a347286b450e5a09e1a4be52cc2f362ee,20260912,1774885842,1,1,0,1019,0,accepted,\dfrac{\pi}{4},0,1,9a69cc0aabab1c049c8d6d2b396b2503e853c64464b3647969d05b6e77d50643
current,deepmath:0ca28fd43f4b1efdac7c7c4fb5a0c6286661c5b8783764919735c68691ec284e,20260911,34919405,1,1,0,2057,0,accepted,8,0,1,ec7b7a05773d6695a99e5e3761c4afd2a946e1d4f0d72506e6ac27b1b6a76acb
current,deepmath:0ca28fd43f4b1efdac7c7c4fb5a0c6286661c5b8783764919735c68691ec284e,20260912,34919406,1,1,0,2783,0,accepted,8,0,1,da002b7b8e24df9f6b6ad8ed36476dfe901a1606c633f2170392b12a26c96f13
current,deepmath:0cb24630c9195633176d626fa237ae86bdf92eab7c4963e1772f6c8aa07538fd,20260911,1895914089,1,1,0,1939,0,accepted,\text{yes},0,1,7ef083082c344d218b5c4f0e030e12218366554927eecaf4deaffaca34871bf3
current,deepmath:0cb24630c9195633176d626fa237ae86bdf92eab7c4963e1772f6c8aa07538fd,20260912,1895914090,1,1,0,4998,0,accepted,\text{yes},0,1,f56d20b821ee324aee873434ebdbb09a805a99ae810618874c2bd76eb0a72df3
current,deepmath:0cc1d5af0de6015927c0acdf150652a7d5a11d5088175929f52fc6e99e6c2de9,20260911,1306667817,1,1,0,1063,0,accepted,3n-6,0,1,edc543eac935f95638b2ef3727c8ff02ee1c93538730b0be5f815a20add67d9b
current,deepmath:0cc1d5af0de6015927c0acdf150652a7d5a11d5088175929f52fc6e99e6c2de9,20260912,1306667818,1,1,0,962,0,accepted,"\,3n-6\,",0,1,f2efea27c517acda1f16cac17f9de026c3d5ae1a4f762c8dd12634a78fda4db1
current,deepmath:0ce8fbb3afcf395ea80201f16c6399f879c0ecfda334d254b759cb97254ad989,20260911,1402173473,1,1,0,1194,0,accepted,\dfrac{\pi}{6},0,1,627bbab406fc9a22d479cfdac3a0381c81b623bbba6ddcd43959f5989683d741
current,deepmath:0ce8fbb3afcf395ea80201f16c6399f879c0ecfda334d254b759cb97254ad989,20260912,1402173474,1,1,0,848,0,accepted,\dfrac{\pi}{6},0,1,52bdfc4d6a5f832663eb58afcf68811b21a722ead48948b99b654a6429180661
current,deepmath:0cfd41d2e3e58eccf1405849cf5c6b0587838024fa2b7f8fa6ed1f97eb3d1287,20260911,411389796,1,1,0,905,0,accepted,"\,g(\nabla f_p,\nabla f_p)\text{ is independent of the choice of coordinates.}\,",0,0,9ca87ac4baec917ddbc9ca42ffb5209d7445136cd867d9e699838374ab67e376
current,deepmath:0cfd41d2e3e58eccf1405849cf5c6b0587838024fa2b7f8fa6ed1f97eb3d1287,20260912,411389797,1,1,0,1010,0,accepted,"\text{Yes, }g(\nabla f_p,\nabla f_p)\text{ is independent of the choice of coordinates.}",0,0,63bc4635430ec1b0e9d3e10cbbd833e8933b114a654ddce01345fedbf217021c
current,deepmath:0cff2780fbc19b9cc6044eac9895950ac246a05680deed996283bc9f5076ef9f,20260911,735804863,1,0,1,2860,0,accepted,"\,U^{*}U=I_{X}\,",0,0,96b0f78c1d21a10f093e8c3ab66591de1f1a8922076757d4bbc1643bad29471c
current,deepmath:0cff2780fbc19b9cc6044eac9895950ac246a05680deed996283bc9f5076ef9f,20260912,735804864,1,1,0,1854,0,accepted,U^{*}U=I_{X},0,0,ac9ac5daf94481281115ede346f36ec787e4e7e531d01891a15320e3fc932d4c
current,deepmath:0d46dbf4318385acc93af82a1a66ea5538f2394865ad45314635ccf936ba495b,20260911,403948851,1,1,0,2801,0,accepted,999,0,1,e7b0834df377d9a822e237631cc2d015ef05f32149c7e78198467be33e0395b8
current,deepmath:0d46dbf4318385acc93af82a1a66ea5538f2394865ad45314635ccf936ba495b,20260912,403948852,1,1,0,3275,0,accepted,999,0,1,faa2ecebb5eed832177d4f0624dc9efa0d8e882e0ba213ff0de50f344f00b862
current,deepmath:0d6a08898c5a3339a2cb79f4b5cb6611102fc601bb2a10787ffbff7c3f570956,20260911,1249605084,1,1,0,1399,0,accepted,"\,J(R)=\Bigl\{\frac{a}{b}\in\mathbb Q : a,b\in\mathbb Z,\;b\neq0,\;p\nmid b,\;p\mid a\Bigr\}\,",1,0,1217de41ceef117582c0bd52ad71c9a3ddddd4f6d24ac0725550e88958c9811e
current,deepmath:0d6a08898c5a3339a2cb79f4b5cb6611102fc601bb2a10787ffbff7c3f570956,20260912,1249605085,1,1,0,850,0,accepted,"J(R)=p\,R=\left\{\frac{a}{b}\in R : p\mid a\right\}",1,0,7ec6dc98fc03aad1d0f44caf02ab0a61a0dd31a048b6182d9634d22ec01d097b
current,deepmath:0d8d7f0878793a9c1c29ff557ebd796b904ad793adb36391f030379222be1e3e,20260911,525823808,1,1,0,2066,0,accepted,32,0,1,f7dc6a1d71e177c0b45f212122c0e815804c67134f1c3cd7d1ec6380c78dc3f9
current,deepmath:0d8d7f0878793a9c1c29ff557ebd796b904ad793adb36391f030379222be1e3e,20260912,525823809,1,1,0,1329,0,accepted,32,0,1,d65aec35ab0b5e75622908263805bfe8cfce763cc687f166ae6d7ac25e004352
current,deepmath:0d9a6adc26d4d0fa13685c4827a313ae8eca2fc31a41a6ace39c087cbf8c13b7,20260911,1811268895,1,1,0,1732,0,accepted,"\displaystyle \operatorname{Var}\!\left(\int_{0}^{1}W(t)^{2}\,dt\right)=\frac13",0,1,0bcdd5a00fc1dccac1ebeac2e763e74f5da150c1196f1bf4db2aa2d3fdff1dd2
current,deepmath:0d9a6adc26d4d0fa13685c4827a313ae8eca2fc31a41a6ace39c087cbf8c13b7,20260912,1811268896,1,1,0,1872,0,accepted,\displaystyle \operatorname{Var}(X)=\frac13,0,1,075e707185761aa974aeafc58ff409e4e0962a1a2280e6477bc61245348738d1
current,deepmath:0db75eb28d46830a2bf2e05f82e5e7ea66e6654fdaabfe9137c834ce27c22c89,20260911,873833451,1,1,0,2156,0,accepted,\text{The Hahn–Banach extension of a sublinear functional is continuous iff the sublinear functional itself is continuous; otherwise it may be discontinuous.},0,0,3c9b98e6d3faa60b7f819fe88b2900a1320fe6549313fbef68ca8ca3d18a0cab
current,deepmath:0db75eb28d46830a2bf2e05f82e5e7ea66e6654fdaabfe9137c834ce27c22c89,20260912,873833452,1,1,0,1890,0,accepted,\text{No – the extension is continuous iff the sublinear functional is continuous.},0,0,08e9fd6dc1c770c8862dae1c4400bc9af756cd41084680584fc469886fd15a8e
current,deepmath:0dc9891017d2f0cff77328b293a738ca6ec75f7704f329ff7ced47e9a1a27b74,20260911,1475690855,0,1,-1,10240,1,no_final_channel,,0,1,0c772b7fbcc9a38e5d3f711341178291bfe8b7e4d5c71cfa5048177d3b84cc20
current,deepmath:0dc9891017d2f0cff77328b293a738ca6ec75f7704f329ff7ced47e9a1a27b74,20260912,1475690856,0,1,-1,4074,0,answer_mismatch,0,0,0,f1ae2a6cd5ef725963e95fa9f59bb57eabc4a0a9de8d72627aa23b4f11e39c9e
current,deepmath:0e038c59bfab69ad0739a83615a2395400d618acb6001c38b2c3e36c2760a584,20260911,535504254,1,1,0,1090,0,accepted,\text{The space of bounded continuous functions on }\mathbb R\text{ is path‑connected.},0,0,2ee91c98146b031d370fc24fe140516728e7a535585e9bb83fc38714786c4018
current,deepmath:0e038c59bfab69ad0739a83615a2395400d618acb6001c38b2c3e36c2760a584,20260912,535504255,1,1,0,1263,0,accepted,\text{The space }C^{0}\text{ is path‑connected.},0,0,5e158e329568654b931a195025c1c636788acb50c5faf3fe88848c12a7b8d3ea
current,deepmath:0e7906a7e663f12fa63919fea449bf3ca2891ac237edad7304b7b668a3b03c39,20260911,1640613427,1,1,0,1894,0,accepted,A=\infty,0,1,2f66aacb9df743a6c34442c704bd73b994981da564b9e1e2e0d1cc569cea71cd
current,deepmath:0e7906a7e663f12fa63919fea449bf3ca2891ac237edad7304b7b668a3b03c39,20260912,1640613428,1,1,0,1643,0,accepted,\text{Infinite},1,0,3ce158e3334055d09a88d9d497801cf0789799a85f8205d51a8eeb0e4885eaa8
current,deepmath:0ee318748d03a3ae14803cc63247d74ad92937fe4ab4671343d4d5bd8ed8dd7e,20260911,2037170321,1,1,0,2069,0,accepted,\displaystyle \int_{C}\frac{dz}{z^2+1}=\pi,0,0,be3a01e601ceb0b04bcd9caaefcce9dd85516a2cff85fe3ad18c637601abf44b
current,deepmath:0ee318748d03a3ae14803cc63247d74ad92937fe4ab4671343d4d5bd8ed8dd7e,20260912,2037170322,1,1,0,1485,0,accepted,\displaystyle \int_{C}\frac{dz}{z^{2}+1}= \pi,0,0,356a19df9f1017fbaa7e39a9d96033dc8b2a74bcbf105f6298e809e96d8c46f8
current,deepmath:0eed371c6c80305cc5cab7e04989ea9959deab0fe2746edc52d1bc86260c5b12,20260911,1798713109,1,1,0,3006,0,accepted,"[\mathbb{Q}(\sqrt[n]{p_1},\ldots ,\sqrt[n]{p_k}):\mathbb{Q}]=n^k",0,1,6c2a28d1a3d29008fdd7f24a5bd7c8ccf731c12d53c723bd1b6a5fc27bfe8903
current,deepmath:0eed371c6c80305cc5cab7e04989ea9959deab0fe2746edc52d1bc86260c5b12,20260912,1798713110,1,1,0,3030,0,accepted,"[\mathbb{Q}(\sqrt[n]{p_{1}},\dots ,\sqrt[n]{p_{k}}):\mathbb{Q}] = n^{k}",0,0,9a2eca007a1535b1347434b0986340275b0e4ed3f526b3c6dd1fdb7b5842a056
current,deepmath:0ef587d0b5741ec3324ef7c37d9e0a52e0cca6b7673854f8b867158fa682f27e,20260911,1879644585,1,1,0,1457,0,accepted,"\text{Yes, such a continuous local martingale exists.}",0,0,db9b687dc0faf4b1b46244621924b5ed14380b98050bf23ee019e0421b0cba00
current,deepmath:0ef587d0b5741ec3324ef7c37d9e0a52e0cca6b7673854f8b867158fa682f27e,20260912,1879644586,1,1,0,1583,0,accepted,"M(t)=Y\,B(t),\; Y\sim\text{Bernoulli}(p),\;0<p<1.",0,0,4cd1703d082e73dec80594885a7396639800704a2326aa2af9c56d9d5d6cdc58
current,deepmath:0f6c16aabe55ebdfd35bca5285055a101e288cef612d487a8815aa9d15417305,20260911,778361324,1,1,0,718,0,accepted,"\displaystyle \int_{[a,b]} f(x)\,\delta_{b}(dx)=f(b)",0,0,11b506e9ec71023753dcd152c74cc9489e389ce88f7f1148d7afb886feb90904
current,deepmath:0f6c16aabe55ebdfd35bca5285055a101e288cef612d487a8815aa9d15417305,20260912,778361325,1,1,0,657,0,accepted,"\displaystyle \int_{[a,b]} f(x)\,\delta_b(dx)=f(b)",0,0,f558dd8d4a3993b7f47726e9acfd290484be68154c967af0eb09c650fa79b7fb
current,deepmath:0f7c180d53ac8d5ecda9eec2678b1e7c3bc890fd3fdf8534b355364469f8f07f,20260911,574671046,1,1,0,1862,0,accepted,"\displaystyle \int_{C}x^2\,d\mu=\frac38",0,0,75f17f3e966e4d830d0b291461f2bc32d041cc2292a55f3e4e20e2c45e43aceb
current,deepmath:0f7c180d53ac8d5ecda9eec2678b1e7c3bc890fd3fdf8534b355364469f8f07f,20260912,574671047,1,1,0,1379,0,accepted,"\int_{C} x^{2}\,d\mu = \frac{3}{8}",0,0,4f4a20fd8058bf106e3297eaf0e9557903579264ba6dcee75a26960a3902c691
current,deepmath:0f8ec6ae9305b4bc5e6fc38ee7fe190a5cde2ee84129a5c00ee1afe870f8ed7a,20260911,422559799,1,1,0,482,0,accepted,"\,2n^{2}+n\,",0,1,ba6dddbdba7a5cd8e6d40b5968eaa355786d02bc4daa244c3b858bb63a3aa682
current,deepmath:0f8ec6ae9305b4bc5e6fc38ee7fe190a5cde2ee84129a5c00ee1afe870f8ed7a,20260912,422559800,1,1,0,1439,0,accepted,2n^{2}+n,0,1,948cdf6ae8d27d90eb234d0f5679cbc71f0a8bf852e866fec26787ca76a5eea5
current,deepmath:0fab24a01957c86ec519b8217b9552c35dab0904bb7b7a60e41e6e9eac973ada,20260911,1079812063,1,1,0,2513,0,accepted,|\mathcal P|=2^{\aleph_0},0,0,59c00e162c105e93e9bbd51bc0ca89287ff0f4eb591bc290ae49171002eef884
current,deepmath:0fab24a01957c86ec519b8217b9552c35dab0904bb7b7a60e41e6e9eac973ada,20260912,1079812064,1,1,0,3526,0,accepted,"\,|\mathcal P|=2^{\aleph_0}\,",0,0,944b96ba4140ac5adad5eb52f77bc671c839251a04ef5018936df9ac8b0f4608
current,deepmath:0fc78160733481a9cdc811f9fa8e22a318277792c3057a3aa313f8c04bb02f69,20260911,1374943726,1,1,0,4957,0,accepted,"\text{There exists a unique continuous strictly increasing }
       f:\mathbb R\to\mathbb R\text{ with }f(f(x))=g(x).",0,0,1e1293a57b243f9753084f3c77ebaee9f65384d6629d210e859146bfef5f1584
current,deepmath:0fc78160733481a9cdc811f9fa8e22a318277792c3057a3aa313f8c04bb02f69,20260912,1374943727,1,1,0,2554,0,accepted,"\text{Yes.  There is a continuous (indeed strictly increasing) }f:\mathbb R\to\mathbb R
\text{ with }f(f(x))=g(x).",0,0,92ad7f834ec3559eaf79af7ec5ff6b0069f683b6307434510257dbb95704a7b7
current,deepmath:0fd97c8595beb389fde9340278b2638736837040e430a785d69e9be5581e43f6,20260911,1838582144,1,1,0,897,0,accepted,t,0,1,327f203c33dc2ee9863c4f7936918c6fb923ed45542fcbbd539a3f0c69a33339
current,deepmath:0fd97c8595beb389fde9340278b2638736837040e430a785d69e9be5581e43f6,20260912,1838582145,1,1,0,1082,0,accepted,t,0,1,cf767c78abc34df9731d36f4184133870e00af4bc12f39eaa379829766cd840c
current,deepmath:102db25a39c620293d19014fa8da17b523a0ed37fab4a4b100d1b69cc4db8cb1,20260911,1501599064,1,1,0,1195,0,accepted,\text{True},0,1,23024d99dc8c47240bfc3f7ec6e23ed951abe45fe40192c956e1a32254f304c0
current,deepmath:102db25a39c620293d19014fa8da17b523a0ed37fab4a4b100d1b69cc4db8cb1,20260912,1501599065,1,1,0,1218,0,accepted,\text{True},0,1,8d14e35e49719e94800acbef61880bee6ca41cd4aabb09bc7306ce3d45a85043
current,deepmath:10854dacc8b150d76e1748abe388f27b975539da351dc3ff033a36082a1d74a2,20260911,560799296,1,1,0,2358,0,accepted,0,0,1,dedc6e88c59261dee223f8ecb6309cd684eb8b17c339e0092b7a81151adfbedb
current,deepmath:10854dacc8b150d76e1748abe388f27b975539da351dc3ff033a36082a1d74a2,20260912,560799297,1,1,0,2090,0,accepted,0,0,1,d6df0ab90d50e247a6687144cfd2885d7c20b19553edc327b75915b5cfe64c22
verify,deepmath:09eec24f931f9826a092da35ba28b7b3691646581d223b25c5709fb43c5aa36b,20260911,617330456,1,1,0,1092,0,accepted,\text{The equation is true.},0,0,602a295cdd3af68527687dec9f8011228d93747a5e7c667d4d65c09989d84928
verify,deepmath:09eec24f931f9826a092da35ba28b7b3691646581d223b25c5709fb43c5aa36b,20260912,617330457,1,1,0,1370,0,accepted,"\text{Yes, the equation is true.}",0,0,3e7a18c07001f840ba78fd907fe968fb93e536fe4da2ede7b9dcfa77070dd5b3
verify,deepmath:09f51dd4abe1c1c28ff754a377c67880ccb554f077e097031e2c86f9c5d634a3,20260911,921673035,1,1,0,3907,0,accepted,\text{All groups }G_{\psi}\text{ are pairwise non‑isomorphic}.,1,0,05c356b8c36674fad88faf629116cbb99672b5820abfdfcbccfba7fc7f21c67f
verify,deepmath:09f51dd4abe1c1c28ff754a377c67880ccb554f077e097031e2c86f9c5d634a3,20260912,921673036,1,1,0,5143,0,accepted,\text{All the groups }G_{\psi}\text{ are pairwise non‑isomorphic}.,1,0,18fc819e1b6537b85a09714d31215b81f4723b2384e5817985cc1d2aafdb1166
verify,deepmath:0a0e31d9b21a0596bc240f3f28a23a6c870fb8362383556b1894dd96edfc5a4f,20260911,778782470,1,1,0,1891,0,accepted,-1,0,1,28427a3b6375cb1d4daabbc8cd782a64cfa980acca6430ed893fd2e29b5bcc16
verify,deepmath:0a0e31d9b21a0596bc240f3f28a23a6c870fb8362383556b1894dd96edfc5a4f,20260912,778782471,1,1,0,3518,0,accepted,-1,0,1,4c14b87eefedcc77678df9cc95a8507cb97924390ea53e4c8ed49b036a4ab55c
verify,deepmath:0a2c98118a2cf02eab513fcb6eaf25657685aa14b00a9c07af72344084dee305,20260911,473004756,1,1,0,2841,0,accepted,"\text{No, }L^{1}(\mathbb X)\text{ is not a Schur space.}",0,0,db73303ff50f332d1fe19713d7f324e56b61673304cc3678f678d89cf076465e
verify,deepmath:0a2c98118a2cf02eab513fcb6eaf25657685aa14b00a9c07af72344084dee305,20260912,473004757,1,1,0,7687,0,accepted,"\text{ }L^{1}(\mu)\text{ has the Schur property iff }\mu
\text{ is purely atomic.}",0,0,f6f0c735ad36963c6fdd1a5285089b97ad9c877457e26f67817f1890121f6bed
verify,deepmath:0a4c1daba399c1c956c35084f45598b1a275b9a0c9700bb3357de14285fb0f33,20260911,1051497479,1,1,0,1257,0,accepted,2,0,1,bf905b0d8651f6faf5bc023e33a9fdf943dda1dfa308b0569f4cf778ef5d21dd
verify,deepmath:0a4c1daba399c1c956c35084f45598b1a275b9a0c9700bb3357de14285fb0f33,20260912,1051497480,1,1,0,872,0,accepted,2,0,1,4b55cf561b51745436801f7cb0b4d185c19dbe0d73f37f2590c64f31f1c06748
verify,deepmath:0a534095d77ca56ac6db6453f1f2cba0146ce6824dcd630fcb24aabece34d64d,20260911,1367567735,0,0,0,10240,1,no_final_channel,,0,0,9ff6688012129840d39d355daf2df5aa3e359bc6ca01f290ff2d31a6f5c69ac0
verify,deepmath:0a534095d77ca56ac6db6453f1f2cba0146ce6824dcd630fcb24aabece34d64d,20260912,1367567736,0,1,-1,10240,1,no_final_channel,,0,1,6330669f1eab3d84a3e67cf91d2c4d5e06b58a8a8c2536138036a2c23a19fea7
verify,deepmath:0ac5cd29827e6d59f5a051f2dbebfab03376928097362d7af1e04b3408b93daa,20260911,244992474,1,1,0,1831,0,accepted,\text{Yes – any map that preserves the inner product automatically preserves distance.},0,0,98d4ebca53be545f0d5d7253250c1e12a28d72c44ba94921d6f2ac3e96243326
verify,deepmath:0ac5cd29827e6d59f5a051f2dbebfab03376928097362d7af1e04b3408b93daa,20260912,244992475,1,1,0,1596,0,accepted,"\text{Yes, an inner‑product preserving map is an isometry.}",0,0,b2586baf5b112ea784d28153f1986b63d90cd1d9a146362e6f26e4c34393faf6
verify,deepmath:0ad2165ec53313080292b90a28eacb3f4c787cc24868fc48ee1b5eed786a806b,20260911,467654611,1,1,0,1312,0,accepted,M\;\cong\;\mathbb Z,0,0,513958d0a50132cfd82aa79f872c317ccc73686a472a023e275ac4f73f2ae159
verify,deepmath:0ad2165ec53313080292b90a28eacb3f4c787cc24868fc48ee1b5eed786a806b,20260912,467654612,1,1,0,2178,0,accepted,M \;\cong\; \mathbb Z,0,0,bd54e240ec7a39d7170244f0d44d8a691de25fcaeb9fb8c707adc2005fe145a6
verify,deepmath:0ad9004d18f50d90b613d9add7e20e7f6aacf8a68d61eebd280b2507fc9d1c68,20260911,2089733415,1,1,0,714,0,accepted,6,0,1,db9af38c579f38a1007c52b9ccaee051b4ac53ffb7974748725949ae7844d4ba
verify,deepmath:0ad9004d18f50d90b613d9add7e20e7f6aacf8a68d61eebd280b2507fc9d1c68,20260912,2089733416,1,1,0,795,0,accepted,6,0,1,ae428c7640aa0c311be0b4e35293e315363d3622f2b75125cfe84bd6f1a08fca
verify,deepmath:0adecec663c191db5a668ed948a24aa1c0729496ed3ba2077b06c62844f6a8fd,20260911,525343606,1,1,0,2149,0,accepted,\displaystyle \frac{2\pi}{3},0,1,7033c4c0c78d688de0021aae16de0fa08ef3d5558291b3a39fabb28ebcca6f4d
verify,deepmath:0adecec663c191db5a668ed948a24aa1c0729496ed3ba2077b06c62844f6a8fd,20260912,525343607,1,1,0,1719,0,accepted,\frac{2\pi}{3},0,1,fb30ad2a56af32bfe92a2f269e053f81ad7abafe26732fe985da6d7dac96001b
verify,deepmath:0b1debca0c0ee5a5397565364c004dc71354830e3f63e78a8d43a936c2a0fdd8,20260911,1823020238,1,1,0,1991,0,accepted,\text{Yes},0,1,0a31a78ae82620902f5c5b245995b0c9e35428cfcb809c030d0d1e631f188c4f
verify,deepmath:0b1debca0c0ee5a5397565364c004dc71354830e3f63e78a8d43a936c2a0fdd8,20260912,1823020239,1,1,0,2301,0,accepted,\text{Yes},0,1,76e466232bb3147495ef852ded2ab4447a257101b1a8f81b0b9eebb396148cfa
verify,deepmath:0b307b3dff05eab2cd2259730c90d849202caa8e3956a2bcb3bedccaf4adeb9a,20260911,393305067,1,1,0,886,0,accepted,6\pi i,0,1,c683696a1c064eb47e733d914dee81479f95c6d9224700636bb65425a40cd885
verify,deepmath:0b307b3dff05eab2cd2259730c90d849202caa8e3956a2bcb3bedccaf4adeb9a,20260912,393305068,1,1,0,806,0,accepted,6\pi i,0,1,faa50fbbba15820e2c0183e746b780c4a035a2118d74c972d7c533eddcb65116
verify,deepmath:0b4a8a3b280b80a10d5e0a4281c2412278518a515522739e4f14a1068c03d770,20260911,1482764664,1,1,0,1842,0,accepted,0,0,1,243a021fe31d9f7bf0eb5a0dacea602ad8a1889649b339dbcce0cf0e500b1e23
verify,deepmath:0b4a8a3b280b80a10d5e0a4281c2412278518a515522739e4f14a1068c03d770,20260912,1482764665,1,1,0,1921,0,accepted,0,0,1,707c7eb52ac4daddc665bae2768e24f1663603f90ace3dd7c79bb15691b5813f
verify,deepmath:0bc69d2c8caa51758be4450d51b18b647c9bee5f0aa6882fd601b97e2642e63f,20260911,1765029760,1,1,0,4232,0,accepted,\text{A continuous map }f:A\to Y\text{ need not extend to }X\text{; extension is guaranteed only when }X\text{ is normal and }Y\text{ is an absolute retract.},0,0,9752df36b19751448ab2e2cb271858e67b0b929307f474496999bd3a23f10a8a
verify,deepmath:0bc69d2c8caa51758be4450d51b18b647c9bee5f0aa6882fd601b97e2642e63f,20260912,1765029761,1,1,0,4720,0,accepted,\text{A continuous }f:A\to Y\text{ extends to }X\text{ iff }X\text{ is normal.},0,0,14372ca582b3beacde2101aa0220445bc7ae56d728c9d6709bf81aaca953b449
verify,deepmath:0bd14ae75e2eb74b2eca4124f37a1a900bd7228090218b5d4e9e8b533cb8782d,20260911,818529422,1,1,0,1872,0,accepted,"\,n_{\max}=p-1\,",0,0,5c12c9522f2066c087c2897be994e287199be042ce0f7a6fad375f629f34691b
verify,deepmath:0bd14ae75e2eb74b2eca4124f37a1a900bd7228090218b5d4e9e8b533cb8782d,20260912,818529423,1,1,0,2024,0,accepted,"\,n_{\max}=p-1\,",0,1,a4a92e2e13c5283f2f754452d18a90053f8e513de78ea6aaf1d6f6e2f6af9bd7
verify,deepmath:0c2330f1106124502a5c4611ea036dd2541a823daf53d51276cb6e6d6717e49e,20260911,2138420734,1,1,0,4882,0,accepted,"\text{No, not necessarily.}",0,0,6c138340c4a4ed57aeba98f5808b0b6c347a9ddfd0146e028d967c66ede84091
verify,deepmath:0c2330f1106124502a5c4611ea036dd2541a823daf53d51276cb6e6d6717e49e,20260912,2138420735,1,0,1,5773,0,accepted,"\text{No, not necessarily.}",0,0,7e2e9922bd49e1f0c7d9712642332584d6371c0f84e77f676cdbccb1387dbd69
verify,deepmath:0c6ae8d4f7b9253e5d93f6fc579f45669cb5705013615b6a5b4c1213a3428e0b,20260911,1883942759,1,1,0,1383,0,accepted,(\mu\times\nu)(E)=0,0,1,a8bbbf2359fff438c81193387e76f6bceff14b715561d474dc236550bbd17a1c
verify,deepmath:0c6ae8d4f7b9253e5d93f6fc579f45669cb5705013615b6a5b4c1213a3428e0b,20260912,1883942760,1,1,0,1086,0,accepted,(\mu\times\nu)(E)=0,0,1,a38c14e1b83a4f452c1463ae6de29b87621c1b8bb4c260c4cbd7523c3e1de40a
verify,deepmath:0c98bcec3b0a0354eebe20b788cc321a347286b450e5a09e1a4be52cc2f362ee,20260911,1774885841,1,1,0,1049,0,accepted,\dfrac{\pi}{4},0,1,ff24a44c81c6f59b470c2a2506f1bf0eb5a362eb995a89135ef66ba20b4068b2
verify,deepmath:0c98bcec3b0a0354eebe20b788cc321a347286b450e5a09e1a4be52cc2f362ee,20260912,1774885842,1,1,0,1146,0,accepted,\dfrac{\pi}{4},0,1,571ce992eab08cc4bb28f010f994512133350aad6e64073542c3b1e587e80525
verify,deepmath:0ca28fd43f4b1efdac7c7c4fb5a0c6286661c5b8783764919735c68691ec284e,20260911,34919405,1,1,0,2782,0,accepted,8,0,1,783421b4eabeb1b737d4dda7485aedc71a41ae9726ad077617b44ff36151eb37
verify,deepmath:0ca28fd43f4b1efdac7c7c4fb5a0c6286661c5b8783764919735c68691ec284e,20260912,34919406,1,1,0,3195,0,accepted,8,0,1,0b0b4db536168b87bbf5332ad98de2eeb025f694873573a278c697879c91e6f4
verify,deepmath:0cb24630c9195633176d626fa237ae86bdf92eab7c4963e1772f6c8aa07538fd,20260911,1895914089,1,1,0,8540,0,accepted,\text{yes},0,1,6f3cb406d40f2a40837f35d424076c47c913b51cc805c5dcf8f6c99de43c6f15
verify,deepmath:0cb24630c9195633176d626fa237ae86bdf92eab7c4963e1772f6c8aa07538fd,20260912,1895914090,1,1,0,9006,0,accepted,\text{yes},0,1,c178a66674cd741a16b76eb464a5332ba380ed27c0e5047afcf4e77b2aeb70f6
verify,deepmath:0cc1d5af0de6015927c0acdf150652a7d5a11d5088175929f52fc6e99e6c2de9,20260911,1306667817,1,1,0,1705,0,accepted,3n-6,0,1,9c020325ad7eaa222ecccfac1dc0b4fcccff0368ad090d2c00b6877c65cdd441
verify,deepmath:0cc1d5af0de6015927c0acdf150652a7d5a11d5088175929f52fc6e99e6c2de9,20260912,1306667818,1,1,0,1146,0,accepted,3n-6,0,1,019985a86e21dd704f8738bd60036c5a707fefb9982fe2258f90cb537d30bb32
verify,deepmath:0ce8fbb3afcf395ea80201f16c6399f879c0ecfda334d254b759cb97254ad989,20260911,1402173473,1,1,0,1398,0,accepted,\dfrac{\pi}{6},0,1,454cd58916368f320d1f8ae09bd4ad0817555f47852b9052d86b6c14747c08eb
verify,deepmath:0ce8fbb3afcf395ea80201f16c6399f879c0ecfda334d254b759cb97254ad989,20260912,1402173474,1,1,0,1230,0,accepted,\frac{\pi}{6},0,1,cf3f6a3bd2777eb3e730ea3c9356331cdea9eeec5381264a8eb0719a710f9840
verify,deepmath:0cfd41d2e3e58eccf1405849cf5c6b0587838024fa2b7f8fa6ed1f97eb3d1287,20260911,411389796,1,1,0,1190,0,accepted,"\text{Yes, }g(\nabla f_{p},\nabla f_{p})\text{ is coordinate‑independent.}",0,0,42af3e68de974392f0a2906b8a348ef673183166898a1ef7faf3e21220fe409f
verify,deepmath:0cfd41d2e3e58eccf1405849cf5c6b0587838024fa2b7f8fa6ed1f97eb3d1287,20260912,411389797,1,1,0,953,0,accepted,"\text{Yes, }g(\nabla f_p,\nabla f_p)\text{ is independent of the choice of coordinates.}",0,0,26160f14443203caccee57c5525b3bad4918e6f1ecc18c78edb4b84bcc5f278b
verify,deepmath:0cff2780fbc19b9cc6044eac9895950ac246a05680deed996283bc9f5076ef9f,20260911,735804863,1,0,1,1396,0,accepted,U^{*}U=I_{X},0,0,596e0e9e65d9e1fc03583f822403bab689137de48536291bebf1b1350e2339cf
verify,deepmath:0cff2780fbc19b9cc6044eac9895950ac246a05680deed996283bc9f5076ef9f,20260912,735804864,1,1,0,5593,0,accepted,,0,0,76318ffc29c9f94905a6e7d1c261f1e5f40521eadd6acba90b4bd3c0bc44205f
verify,deepmath:0d46dbf4318385acc93af82a1a66ea5538f2394865ad45314635ccf936ba495b,20260911,403948851,1,1,0,2436,0,accepted,999,0,1,e629894ab7bfcff510210655f59c806799c593afb23a9b69a6d639e4215170e8
verify,deepmath:0d46dbf4318385acc93af82a1a66ea5538f2394865ad45314635ccf936ba495b,20260912,403948852,1,1,0,2044,0,accepted,999,0,1,140f8677595d830565f04af5cc4b7ca1c974729fc2e110fba65fe848ef6bb685
verify,deepmath:0d6a08898c5a3339a2cb79f4b5cb6611102fc601bb2a10787ffbff7c3f570956,20260911,1249605084,1,1,0,2433,0,accepted,"\,J(R)=pR=\Bigl\{\frac{a}{b}\in R\;\bigm|\;p\mid a\Bigr\}\;",1,0,4835e1da5a1e37bade7cec002f8f0bfde3c49d4effa3b9a060ca9510a0d7f04a
verify,deepmath:0d6a08898c5a3339a2cb79f4b5cb6611102fc601bb2a10787ffbff7c3f570956,20260912,1249605085,1,1,0,1111,0,accepted,J(R)=\left\{\frac{a}{b}\in R:\;p\mid a\right\}=pR.,0,0,d8554dfe4df28a20a619b4d403537b1b83618bff072250a2a6fd0a2e64ad3bae
verify,deepmath:0d8d7f0878793a9c1c29ff557ebd796b904ad793adb36391f030379222be1e3e,20260911,525823808,1,1,0,1677,0,accepted,32,0,1,aa508b54fc9dc429c0e07da14f8255fe21b40b2696c336dfe3828615ed42e2e3
verify,deepmath:0d8d7f0878793a9c1c29ff557ebd796b904ad793adb36391f030379222be1e3e,20260912,525823809,1,1,0,2912,0,accepted,32,0,1,d6581620148ac71ca5ef75215e214039ef60c93ebd6c1973bbb57cb69af27e8d
verify,deepmath:0d9a6adc26d4d0fa13685c4827a313ae8eca2fc31a41a6ace39c087cbf8c13b7,20260911,1811268895,1,1,0,3202,0,accepted,\frac13,0,1,35cfbeb370e2b5c36c9492317c6e2e62a97ee88dbeca31e24a2b46582d41dcf5
verify,deepmath:0d9a6adc26d4d0fa13685c4827a313ae8eca2fc31a41a6ace39c087cbf8c13b7,20260912,1811268896,1,1,0,1411,0,accepted,\frac13,0,1,275ca06c031aa5953b9233156568a6a4b6e15a214eb00ad034a298353f831d5f
verify,deepmath:0db75eb28d46830a2bf2e05f82e5e7ea66e6654fdaabfe9137c834ce27c22c89,20260911,873833451,1,1,0,3009,0,accepted,"\text{No, the Hahn–Banach extension of a sublinear functional need not be continuous.}",0,0,a7cb3f7d80c9ec9d2e78e68beb2ab2c2e62aac59d7dcf05a67e8da50e4f6c8ec
verify,deepmath:0db75eb28d46830a2bf2e05f82e5e7ea66e6654fdaabfe9137c834ce27c22c89,20260912,873833452,1,1,0,2248,0,accepted,"\text{No. A Hahn–Banach extension is continuous iff the sublinear
functional is continuous; otherwise it may be discontinuous.}",0,0,254bc96131fb4c082cf57b0be012c5282305304be81dbc2a4e35d8d3917d031f
verify,deepmath:0dc9891017d2f0cff77328b293a738ca6ec75f7704f329ff7ced47e9a1a27b74,20260911,1475690855,1,1,0,3085,0,accepted,p-1,1,0,f20e87364549bb8f09ec904a105d005330850a8b85207c00c33c269be04cb3a5
verify,deepmath:0dc9891017d2f0cff77328b293a738ca6ec75f7704f329ff7ced47e9a1a27b74,20260912,1475690856,1,1,0,4538,0,accepted,p-1,1,0,0a72e363140ed321384c6a964824ce9d51bdfc8775c86bc7c18312e904b95bc3
verify,deepmath:0e038c59bfab69ad0739a83615a2395400d618acb6001c38b2c3e36c2760a584,20260911,535504254,1,1,0,1038,0,accepted,"\text{Yes, }C^0(\mathbb R,\mathbb R)\text{ with the sup norm is path‑connected.}",0,0,08238689d49233f1fec778fec1d1d1f93111e737be7c612a6e2ea45d39594075
verify,deepmath:0e038c59bfab69ad0739a83615a2395400d618acb6001c38b2c3e36c2760a584,20260912,535504255,1,1,0,937,0,accepted,\text{The space }C^0\text{ is path‑connected.},0,0,a1535f89e532b8a8ff4fe9c82f3c931ee01256f4575633d5689e59f11694b801
verify,deepmath:0e7906a7e663f12fa63919fea449bf3ca2891ac237edad7304b7b668a3b03c39,20260911,1640613427,1,1,0,2265,0,accepted,\text{The area is infinite.},1,0,85077bca121bc5244e242cf447bc53d372b918f3ab5377949f26cee12e6b62e1
verify,deepmath:0e7906a7e663f12fa63919fea449bf3ca2891ac237edad7304b7b668a3b03c39,20260912,1640613428,1,1,0,2112,0,accepted,\text{The area is infinite.},1,0,1642448333148c5345de03ea413cb8079b087ac5959fc43726e6c4ba476138dc
verify,deepmath:0ee318748d03a3ae14803cc63247d74ad92937fe4ab4671343d4d5bd8ed8dd7e,20260911,2037170321,1,1,0,1954,0,accepted,\displaystyle \int_{C}\frac{dz}{z^{2}+1}=\pi,0,0,ea4f61d7459383d30193cb4215b60c1ba144082904971afb93463740322c3f0e
verify,deepmath:0ee318748d03a3ae14803cc63247d74ad92937fe4ab4671343d4d5bd8ed8dd7e,20260912,2037170322,1,1,0,3628,0,accepted,\displaystyle \int_{C}\frac{dz}{z^{2}+1}=\pi,0,0,e9d513cf0d0838f220c8a5166a491f6c5006e4980609abdd8d6fd40b6f93d6e5
verify,deepmath:0eed371c6c80305cc5cab7e04989ea9959deab0fe2746edc52d1bc86260c5b12,20260911,1798713109,1,1,0,4633,0,accepted,"[\mathbb{Q}(\sqrt[n]{p_1},\dots ,\sqrt[n]{p_k}):\mathbb{Q}]=n^k",0,1,883ddcf4719d7be9f07e77de43c5cf79ba496606403d35a614f70af1da3e3313
verify,deepmath:0eed371c6c80305cc5cab7e04989ea9959deab0fe2746edc52d1bc86260c5b12,20260912,1798713110,1,1,0,3623,0,accepted,n^k,0,1,2ab1317c560f9e78761d9f44b8465d805bdc97d8d21c95b00dbe8810ce7648ee
verify,deepmath:0ef587d0b5741ec3324ef7c37d9e0a52e0cca6b7673854f8b867158fa682f27e,20260911,1879644585,1,1,0,2214,0,accepted,\text{Such a continuous local martingale exists.},0,0,2b6601630c8c71144fb835ebcee1f71482e6f49e47fe6988257c42ccbefb8d08
verify,deepmath:0ef587d0b5741ec3324ef7c37d9e0a52e0cca6b7673854f8b867158fa682f27e,20260912,1879644586,1,1,0,2648,0,accepted,"\text{Yes, such a process can be constructed.}",0,0,59afed63f1b3eb625108563cebc46aba39346cc7cee027ad809faeff72ac95c2
verify,deepmath:0f6c16aabe55ebdfd35bca5285055a101e288cef612d487a8815aa9d15417305,20260911,778361324,1,1,0,813,0,accepted,f(b),0,1,ca3a33058defd2a1151d32172aa702bf9235e3aa08b6489d47e7de12a6b9b672
verify,deepmath:0f6c16aabe55ebdfd35bca5285055a101e288cef612d487a8815aa9d15417305,20260912,778361325,1,1,0,677,0,accepted,"\int_{[a,b]} f(x)\,\delta_b(dx)=f(b)",0,0,a5f90fcab3ae3b8184655de7e63cea7cc1363f38661da0eef793fed8301e86f6
verify,deepmath:0f7c180d53ac8d5ecda9eec2678b1e7c3bc890fd3fdf8534b355364469f8f07f,20260911,574671046,1,1,0,1893,0,accepted,\frac38,0,1,a25115e3b4e24f35542b938b0f018adaf92e49a2342e5647fda1d3180b8ca0d3
verify,deepmath:0f7c180d53ac8d5ecda9eec2678b1e7c3bc890fd3fdf8534b355364469f8f07f,20260912,574671047,1,1,0,1358,0,accepted,\frac{3}{8},0,1,279ec307a8524559aa79ed8d4d282484ac2188d63e00a4be68c55922feab5231
verify,deepmath:0f8ec6ae9305b4bc5e6fc38ee7fe190a5cde2ee84129a5c00ee1afe870f8ed7a,20260911,422559799,1,1,0,863,0,accepted,"\,\dim Sp(2n,\tilde{F}) = 2n^{2}+n\,",0,0,97c7c4d616c14ee2aef76e88849c1d69f9e4d740b279b9de63c6d39e5c19a8ae
verify,deepmath:0f8ec6ae9305b4bc5e6fc38ee7fe190a5cde2ee84129a5c00ee1afe870f8ed7a,20260912,422559800,1,1,0,1549,0,accepted,"\dim Sp(2n,\tilde{F}) = 2n^{2}+n",0,0,0080bdf589a435a722abbcce3bc8b80685317718a1f8427fede3b100d66b4c20
verify,deepmath:0fab24a01957c86ec519b8217b9552c35dab0904bb7b7a60e41e6e9eac973ada,20260911,1079812063,1,1,0,3155,0,accepted,2^{\aleph_0},0,1,414e1c8d7e686081dce603a4a8225e67d24a1279595280274c4ce5e25ec86885
verify,deepmath:0fab24a01957c86ec519b8217b9552c35dab0904bb7b7a60e41e6e9eac973ada,20260912,1079812064,1,1,0,2383,0,accepted,"\,2^{\aleph_0}\,",0,0,0c4771ffa5daf16adcbcc509a06a81f4543e3ba8583b3ccad3aea55d253597f2
verify,deepmath:0fc78160733481a9cdc811f9fa8e22a318277792c3057a3aa313f8c04bb02f69,20260911,1374943726,1,1,0,5115,0,accepted,\text{Such a continuous function }f\text{ always exists.},0,0,a8c1e63ae54bf850f438133ddaf73e4ef3cdc1f139299496b00113156ee38b2d
verify,deepmath:0fc78160733481a9cdc811f9fa8e22a318277792c3057a3aa313f8c04bb02f69,20260912,1374943727,1,1,0,8477,0,accepted,\text{Such a function }f\text{ exists.},0,0,8933f74c32d40372e9c7d489b5b966833a719fdfa2300fd4e0136a18be9b39d4
verify,deepmath:0fd97c8595beb389fde9340278b2638736837040e430a785d69e9be5581e43f6,20260911,1838582144,1,1,0,1111,0,accepted,t,0,1,f8834a988bb52dad71e6f9e7a66e132a45cd73921f8a32ecc277deed9052fda2
verify,deepmath:0fd97c8595beb389fde9340278b2638736837040e430a785d69e9be5581e43f6,20260912,1838582145,1,1,0,930,0,accepted,\displaystyle \frac{\partial x(t;A)}{\partial A}\Big|_{A=0}=t,0,0,66d72990a6112d037b26e5496349576c286b56f491bf48d666c73ba30a038c5a
verify,deepmath:102db25a39c620293d19014fa8da17b523a0ed37fab4a4b100d1b69cc4db8cb1,20260911,1501599064,1,1,0,1109,0,accepted,\text{True},0,1,de336fc8f69f1cbb7c90dea421434e452aa3af745d8c11d10537e2b94236d59e
verify,deepmath:102db25a39c620293d19014fa8da17b523a0ed37fab4a4b100d1b69cc4db8cb1,20260912,1501599065,1,1,0,1755,0,accepted,\text{True},0,1,97206b2d7dd729789016c189395276652faa2ea76d9c41ad451a56e383df4768
verify,deepmath:10854dacc8b150d76e1748abe388f27b975539da351dc3ff033a36082a1d74a2,20260911,560799296,1,1,0,2437,0,accepted,0,0,1,468516762d2a59ab37f7c075dc9d09603d3d0d883f65c027c733babcca4def4a
verify,deepmath:10854dacc8b150d76e1748abe388f27b975539da351dc3ff033a36082a1d74a2,20260912,560799297,1,1,0,3270,0,accepted,0,0,1,60fe5abc2e70c4c3ee8e0834cf4673b40a956263130dda8a4becabafb74e2199
concise,deepmath:09eec24f931f9826a092da35ba28b7b3691646581d223b25c5709fb43c5aa36b,20260911,617330456,1,1,0,619,0,accepted,\text{The equation is true.},0,0,ecf2bea7b2ddd2a0d83d67e304b580923baa06f4890fde35c68f9b0b74ef7d0b
concise,deepmath:09eec24f931f9826a092da35ba28b7b3691646581d223b25c5709fb43c5aa36b,20260912,617330457,1,1,0,1018,0,accepted,\text{True},0,1,687891f9f69af3434258afa35250c270b1aef7d5ca61a055c334042c42693d03
concise,deepmath:09f51dd4abe1c1c28ff754a377c67880ccb554f077e097031e2c86f9c5d634a3,20260911,921673035,1,1,0,3551,0,accepted,"\text{Yes, the groups }G_{\psi}\text{ are pairwise non‑isomorphic
for all }\psi\in X.",0,0,3ad75edf16d1aab4868791543d67d8fc910d2efea60fb3049301281cb3ee6895
concise,deepmath:09f51dd4abe1c1c28ff754a377c67880ccb554f077e097031e2c86f9c5d634a3,20260912,921673036,1,1,0,2348,0,accepted,\text{Yes.  For every }\psi\in X\text{ the groups }G_{\psi}\text{ are pairwise non‑isomorphic}.,0,0,55f7e0bb91d09ce58f80f79bca6a0935dfb1e783328854f53bfdbad532e3be08
concise,deepmath:0a0e31d9b21a0596bc240f3f28a23a6c870fb8362383556b1894dd96edfc5a4f,20260911,778782470,1,1,0,1611,0,accepted,-1,0,1,117ebe5c26961ca1a4541f4bc739cf24254c500a445ce79c694ce4eea43fd318
concise,deepmath:0a0e31d9b21a0596bc240f3f28a23a6c870fb8362383556b1894dd96edfc5a4f,20260912,778782471,1,1,0,1715,0,accepted,-1,0,1,0adc2bd840ea75175f7b87a8048ad45e7a8ccfe9c6e57084346fba0b2e563662
concise,deepmath:0a2c98118a2cf02eab513fcb6eaf25657685aa14b00a9c07af72344084dee305,20260911,473004756,1,1,0,3484,0,accepted,\text{Only if the measure is purely atomic; otherwise }L^{1}\text{ lacks Schur.},1,0,b258901510b0fccb0e7f36d69a4a3110ec6fd3605044e666ea73bf3a60226068
concise,deepmath:0a2c98118a2cf02eab513fcb6eaf25657685aa14b00a9c07af72344084dee305,20260912,473004757,1,1,0,2537,0,accepted,"\text{The space }L^{1}(\mu)\text{ has the Schur property iff }\mu
\text{ is purely atomic.}",1,0,ee632e3800aac4cbc4c59284e9ae65aa7556e34fb9de75169aa3b3913e2e70b0
concise,deepmath:0a4c1daba399c1c956c35084f45598b1a275b9a0c9700bb3357de14285fb0f33,20260911,1051497479,1,1,0,849,0,accepted,2,0,1,24fe7fc4798edbf9c2cbd86bf64a3204aadfd37733816aaefe249ce43bd9de08
concise,deepmath:0a4c1daba399c1c956c35084f45598b1a275b9a0c9700bb3357de14285fb0f33,20260912,1051497480,1,1,0,1204,0,accepted,2,0,1,19ddb5f5e1da0505dd870e67eaac07f64d58d441e502536b5e355cf1342573ff
concise,deepmath:0a534095d77ca56ac6db6453f1f2cba0146ce6824dcd630fcb24aabece34d64d,20260911,1367567735,1,0,1,2740,0,accepted,,1,1,331e2943583d91fcd11e88e9e846cba5d3bbe1e472e757165922f047e3bd64fd
concise,deepmath:0a534095d77ca56ac6db6453f1f2cba0146ce6824dcd630fcb24aabece34d64d,20260912,1367567736,1,1,0,4625,0,accepted,\displaystyle \frac{[ALO]}{[BMO]}=1,0,1,52fdb1b943eff0b550411f79d765ea4b9c63f0fa71875a648085e9c1442735d4
concise,deepmath:0ac5cd29827e6d59f5a051f2dbebfab03376928097362d7af1e04b3408b93daa,20260911,244992474,1,1,0,724,0,accepted,"\text{Yes, a map that preserves the inner product necessarily preserves distance.}",0,0,a6054d568ae9ee6e1aa3433d263b66db542d45a72e091f04680afdb01a5a7bfc
concise,deepmath:0ac5cd29827e6d59f5a051f2dbebfab03376928097362d7af1e04b3408b93daa,20260912,244992475,1,1,0,993,0,accepted,"\text{Yes, a non‑linear inner‑product preserving map preserves distance.}",0,0,d79f54da71d4b62c5e801474612b63550c5bb0ad7ba07c17cbb55e1d45f2d874
concise,deepmath:0ad2165ec53313080292b90a28eacb3f4c787cc24868fc48ee1b5eed786a806b,20260911,467654611,1,1,0,1081,0,accepted,"\,M \;\cong\; \mathbb Z\,",0,0,53b6d9a3f5c47f7fd6412f3acf58c6fda6cd2b11aa5ebe3b29033b31597cafe4
concise,deepmath:0ad2165ec53313080292b90a28eacb3f4c787cc24868fc48ee1b5eed786a806b,20260912,467654612,1,1,0,711,0,accepted,M\;\cong\;\mathbb Z,0,0,ef827ebc55917ee36d6dfcab08126e8a46ffbfdd47fcd0d769a196fddf46e672
concise,deepmath:0ad9004d18f50d90b613d9add7e20e7f6aacf8a68d61eebd280b2507fc9d1c68,20260911,2089733415,1,1,0,812,0,accepted,6,0,1,9f3a3c6053176417a1b400975dbd6325339bc8127deab9a6da145b049ab5c53a
concise,deepmath:0ad9004d18f50d90b613d9add7e20e7f6aacf8a68d61eebd280b2507fc9d1c68,20260912,2089733416,1,1,0,644,0,accepted,6,0,1,4c02547ff5339f23de45f53305a618d1691ec86f2d63d994c2bd2ba0b3271c52
concise,deepmath:0adecec663c191db5a668ed948a24aa1c0729496ed3ba2077b06c62844f6a8fd,20260911,525343606,1,1,0,925,0,accepted,\frac{2\pi}{3},0,1,fe740613201efd4d2366955515016c56cafd570ffbc6343fe23af06ce9221287
concise,deepmath:0adecec663c191db5a668ed948a24aa1c0729496ed3ba2077b06c62844f6a8fd,20260912,525343607,1,1,0,1005,0,accepted,\dfrac{2\pi}{3},0,1,d9201e8c0f6d0b6f6928cf2cacec4f906d33fe16d282ccdfba679e0700f857b0
concise,deepmath:0b1debca0c0ee5a5397565364c004dc71354830e3f63e78a8d43a936c2a0fdd8,20260911,1823020238,1,1,0,3643,0,accepted,\text{Yes},0,1,0e3c7ad5e4f8abf668788f3b0dffbe072a49ede85756de160bb45cd296eb0994
concise,deepmath:0b1debca0c0ee5a5397565364c004dc71354830e3f63e78a8d43a936c2a0fdd8,20260912,1823020239,1,1,0,1731,0,accepted,\text{Yes},0,1,45d3da566640e9048b77d5ff3f75f8cd67b3ba56db05eda3859bd40bcf19928f
concise,deepmath:0b307b3dff05eab2cd2259730c90d849202caa8e3956a2bcb3bedccaf4adeb9a,20260911,393305067,1,1,0,735,0,accepted,6\pi i,0,1,de19b4a177b695dd707232bd43e44d14f6ed3cb71413d454a9071b5a064a0fbf
concise,deepmath:0b307b3dff05eab2cd2259730c90d849202caa8e3956a2bcb3bedccaf4adeb9a,20260912,393305068,1,1,0,469,0,accepted,6\pi i,0,1,eda052f5b92a9ee5edc74bfcc7545b186c2fdc5396110a8fc9a4cb86161cd2e3
concise,deepmath:0b4a8a3b280b80a10d5e0a4281c2412278518a515522739e4f14a1068c03d770,20260911,1482764664,1,1,0,1376,0,accepted,0,0,1,9de16679d7d40da8abd96b0ba4379c65ec42c0f6ce967d13c6b4d1a3a52071cd
concise,deepmath:0b4a8a3b280b80a10d5e0a4281c2412278518a515522739e4f14a1068c03d770,20260912,1482764665,1,1,0,731,0,accepted,0,0,1,305b688fec3294526248250217efed30a9e107291a9a3d5d4fe2bcf0111a6225
concise,deepmath:0bc69d2c8caa51758be4450d51b18b647c9bee5f0aa6882fd601b97e2642e63f,20260911,1765029760,1,1,0,2241,0,accepted,\text{A continuous }f:A\to Y\text{ extends to }X\text{ iff }X\text{ is normal.},1,0,6ac480e9e1b630b4e46ea3daa3715136b50326101ad6181a7ee1fbb5e7c5b7f4
concise,deepmath:0bc69d2c8caa51758be4450d51b18b647c9bee5f0aa6882fd601b97e2642e63f,20260912,1765029761,1,1,0,1326,0,accepted,\text{A continuous map }f:A\to Y\text{ need not extend to }X\text{ for arbitrary metric }Y.,0,0,e23dfecadc88767a6983d6e1b9cbb024b744dc7d31f59afa94c41917e0990ea9
concise,deepmath:0bd14ae75e2eb74b2eca4124f37a1a900bd7228090218b5d4e9e8b533cb8782d,20260911,818529422,1,1,0,846,0,accepted,"\,n_{\max}=p-1\,",0,0,2515a368d5c1d78a7b531e47a152d81eb731efd8a960077e3a91d7173170a490
concise,deepmath:0bd14ae75e2eb74b2eca4124f37a1a900bd7228090218b5d4e9e8b533cb8782d,20260912,818529423,1,1,0,612,0,accepted,p-1,0,1,510ab5d31039eab4f9ecbc9a93c272bd641fea5f38a7aecf7c68debe7f943115
concise,deepmath:0c2330f1106124502a5c4611ea036dd2541a823daf53d51276cb6e6d6717e49e,20260911,2138420734,0,1,-1,10240,1,no_final_channel,,0,0,978910c7e5e7e29c286eecf2a52420a77048f6a691d0b465b0b629e5fad5a5a7
concise,deepmath:0c2330f1106124502a5c4611ea036dd2541a823daf53d51276cb6e6d6717e49e,20260912,2138420735,1,0,1,2229,0,accepted,\text{No},0,1,001c2308faac87c776030603b63cb146eaf421176f903a20c3093fa2c4e152cd
concise,deepmath:0c6ae8d4f7b9253e5d93f6fc579f45669cb5705013615b6a5b4c1213a3428e0b,20260911,1883942759,1,1,0,999,0,accepted,(\mu\times\nu)(E)=0,0,1,2109239a13c5fd2d92faeaf17c77c32e5f4d3881b9667fd6fa140bd139138541
concise,deepmath:0c6ae8d4f7b9253e5d93f6fc579f45669cb5705013615b6a5b4c1213a3428e0b,20260912,1883942760,1,1,0,893,0,accepted,0,0,1,8ee2c80389fc7ecdb16f3199d2bfa49d303ee7d436d7476b4286a0fb2b1f459f
concise,deepmath:0c98bcec3b0a0354eebe20b788cc321a347286b450e5a09e1a4be52cc2f362ee,20260911,1774885841,1,1,0,804,0,accepted,\dfrac{\pi}{4},0,1,93ceb03858c35bf9bfdef1603173a259995922a31e14c15aaa4767c67edd4c1d
concise,deepmath:0c98bcec3b0a0354eebe20b788cc321a347286b450e5a09e1a4be52cc2f362ee,20260912,1774885842,1,1,0,1134,0,accepted,\dfrac{\pi}{4},0,1,2a260c0a0a223eb1345c615ffd1164116884f6b053f5a9b4f6574b2c5048affc
concise,deepmath:0ca28fd43f4b1efdac7c7c4fb5a0c6286661c5b8783764919735c68691ec284e,20260911,34919405,1,1,0,2444,0,accepted,8,0,1,6cca1f4c88d35d3476317af5c93ef785cfe85f6a134a6a88acba17802d1ebefd
concise,deepmath:0ca28fd43f4b1efdac7c7c4fb5a0c6286661c5b8783764919735c68691ec284e,20260912,34919406,1,1,0,2233,0,accepted,8,0,1,ea16db3558e430e24649f8f5f66cb204095399fc509e0bc6f24f6d0d1c4ae510
concise,deepmath:0cb24630c9195633176d626fa237ae86bdf92eab7c4963e1772f6c8aa07538fd,20260911,1895914089,1,1,0,1764,0,accepted,\text{yes},0,1,e99eaf41106059815112b6052472de1fbc3522ec3d814be83c18f3719060a659
concise,deepmath:0cb24630c9195633176d626fa237ae86bdf92eab7c4963e1772f6c8aa07538fd,20260912,1895914090,1,1,0,4086,0,accepted,\text{yes},0,1,93d85428872b699bd3d5102ee3d0bbe8ae9df0ebae338497174ae677c9c360ba
concise,deepmath:0cc1d5af0de6015927c0acdf150652a7d5a11d5088175929f52fc6e99e6c2de9,20260911,1306667817,1,1,0,800,0,accepted,3n-6,0,1,2e4f34fc1c8268a41d5ab8b5e66d6f88b200dc8f545a1089cebef6ef5cd7d641
concise,deepmath:0cc1d5af0de6015927c0acdf150652a7d5a11d5088175929f52fc6e99e6c2de9,20260912,1306667818,1,1,0,1736,0,accepted,3n-6,0,1,f734ef00034645931a0261e52a23629a3721da945a8dba5edb945611f13d27f9
concise,deepmath:0ce8fbb3afcf395ea80201f16c6399f879c0ecfda334d254b759cb97254ad989,20260911,1402173473,1,1,0,1051,0,accepted,\frac{\pi}{6},0,1,96a8410ee472969e678fb067a047bb024364654f97ac386c4b7fc4cca099eb59
concise,deepmath:0ce8fbb3afcf395ea80201f16c6399f879c0ecfda334d254b759cb97254ad989,20260912,1402173474,1,1,0,1104,0,accepted,\dfrac{\pi}{6},0,1,14b341d1abef83aea264ed07358a16d69a9395f3b0168aacd822348fb13e242e
concise,deepmath:0cfd41d2e3e58eccf1405849cf5c6b0587838024fa2b7f8fa6ed1f97eb3d1287,20260911,411389796,1,1,0,784,0,accepted,"g(\nabla f_p,\nabla f_p)\text{ is independent of the choice of coordinates.}",1,0,705e4c8533f7b6afd16512844659db60a243c2effb9d1bf005ca42598957a83d
concise,deepmath:0cfd41d2e3e58eccf1405849cf5c6b0587838024fa2b7f8fa6ed1f97eb3d1287,20260912,411389797,1,1,0,789,0,accepted,"\,g(\nabla f_p,\nabla f_p)\text{ is independent of the coordinate system.}\,",1,0,3fa279bee9eb416ca0804538fe70a96c9204a2a70c69ee382224ec9811329ded
concise,deepmath:0cff2780fbc19b9cc6044eac9895950ac246a05680deed996283bc9f5076ef9f,20260911,735804863,1,0,1,1229,0,accepted,U^{*}U=I_{X},1,0,63b42c435463e55db4d1d8afb1c1291f3afd148a76014d4715cab57f0c755bea
concise,deepmath:0cff2780fbc19b9cc6044eac9895950ac246a05680deed996283bc9f5076ef9f,20260912,735804864,1,1,0,1817,0,accepted,U^{*}U=I_{X},0,0,bb5093d116aa1cbb76c0e98c52c66a078a7f6a7f8dd6159fa8881eec828e88f7
concise,deepmath:0d46dbf4318385acc93af82a1a66ea5538f2394865ad45314635ccf936ba495b,20260911,403948851,1,1,0,1467,0,accepted,999,0,1,767f9d6ff50e2ca2d736edc5857280a981314c5353cce0e1ad5bf11e038f34bd
concise,deepmath:0d46dbf4318385acc93af82a1a66ea5538f2394865ad45314635ccf936ba495b,20260912,403948852,1,1,0,1651,0,accepted,999,0,1,28f5c20a0c0bdcedb1c417fdee6a56879d2e78d488461f44870b2a4e587fdc63
concise,deepmath:0d6a08898c5a3339a2cb79f4b5cb6611102fc601bb2a10787ffbff7c3f570956,20260911,1249605084,1,1,0,2048,0,accepted,"\,J(R)=pR=\left\{\dfrac{a}{b}\in R\mid p\mid a\right\}\,",1,0,4eba9a605cce2977a7f8ee3fd6e4a8ef916f49ea489050da93f809a232c1728e
concise,deepmath:0d6a08898c5a3339a2cb79f4b5cb6611102fc601bb2a10787ffbff7c3f570956,20260912,1249605085,1,1,0,716,0,accepted,"\,J(R)=p\,R\,",0,1,9248b2c36ac0be9bb557188d98ef91df0b49285bc6792a654f180d8b6c3c68a0
concise,deepmath:0d8d7f0878793a9c1c29ff557ebd796b904ad793adb36391f030379222be1e3e,20260911,525823808,1,1,0,1119,0,accepted,32,0,1,454927352117977f73e330cd6a39fcb67615b1c28f2e52a72bff2466019a950f
concise,deepmath:0d8d7f0878793a9c1c29ff557ebd796b904ad793adb36391f030379222be1e3e,20260912,525823809,1,1,0,877,0,accepted,32,0,1,7c640d2667f72e212de8430c7eae4a72e8ed043d6bdf466f92ec2ca2f224e5ab
concise,deepmath:0d9a6adc26d4d0fa13685c4827a313ae8eca2fc31a41a6ace39c087cbf8c13b7,20260911,1811268895,1,1,0,1808,0,accepted,\frac13,0,1,f583aecded94ae76008bf20983f3e68b850f680a25b3761ada469e5a13474469
concise,deepmath:0d9a6adc26d4d0fa13685c4827a313ae8eca2fc31a41a6ace39c087cbf8c13b7,20260912,1811268896,1,1,0,1753,0,accepted,\frac13,0,1,f798388ef2541a1bc795848dd3e8578259d62224c6a4b6200df1ce8035435250
concise,deepmath:0db75eb28d46830a2bf2e05f82e5e7ea66e6654fdaabfe9137c834ce27c22c89,20260911,873833451,1,1,0,807,0,accepted,"\text{No, continuity is not guaranteed.}",0,0,90fdd43d606131768f14aee5b702daae0e2abc5634afe248b20f3c36346a0ef3
concise,deepmath:0db75eb28d46830a2bf2e05f82e5e7ea66e6654fdaabfe9137c834ce27c22c89,20260912,873833452,1,1,0,2137,0,accepted,"\text{No, the extension need not be continuous.}",0,0,bfb8f45d74490a77967b57f460da01a5e3bebd41e876c468368bdcc2fb1fce6b
concise,deepmath:0dc9891017d2f0cff77328b293a738ca6ec75f7704f329ff7ced47e9a1a27b74,20260911,1475690855,0,1,-1,10240,1,no_final_channel,,0,1,1a89b7bcf49702ce69193c74acb3ee33f3d9b4c04fc04d0411cd4d1442e2343f
concise,deepmath:0dc9891017d2f0cff77328b293a738ca6ec75f7704f329ff7ced47e9a1a27b74,20260912,1475690856,0,1,-1,10240,1,no_final_channel,,0,1,b8a8e4dd13e07c9c504325aed2b20e59955338a46669d7e64a2284d67a0d4a20
concise,deepmath:0e038c59bfab69ad0739a83615a2395400d618acb6001c38b2c3e36c2760a584,20260911,535504254,1,1,0,1096,0,accepted,"\text{Yes, }C^0\text{ is path‑connected.}",0,0,63cb8c8b0f7cdc3597f0949154ecb90720d7a2343d8298cabfca27ef0fb910cb
concise,deepmath:0e038c59bfab69ad0739a83615a2395400d618acb6001c38b2c3e36c2760a584,20260912,535504255,1,1,0,1045,0,accepted,\text{The space of bounded continuous functions on }\mathbb R\text{ is path‑connected.},0,0,ad4d73982135b53e296c54b3dc52a29235287dcd54336cb392e9fee77e8af30d
concise,deepmath:0e7906a7e663f12fa63919fea449bf3ca2891ac237edad7304b7b668a3b03c39,20260911,1640613427,1,1,0,1242,0,accepted,\infty,0,1,5c51adc82b7dd25cf3967abd41bbb8d3971e9a3edcfdf43846fb0cdcef498f01
concise,deepmath:0e7906a7e663f12fa63919fea449bf3ca2891ac237edad7304b7b668a3b03c39,20260912,1640613428,1,1,0,1039,0,accepted,\text{The area diverges to }+\infty.,0,0,36052be034c1f38b619792e9a28c3a9da6ccb7d81384159137759f670008255a
concise,deepmath:0ee318748d03a3ae14803cc63247d74ad92937fe4ab4671343d4d5bd8ed8dd7e,20260911,2037170321,1,1,0,1315,0,accepted,\pi,0,1,ade6b1f7a812909941fcd48f1b3949ea6b22a9d56ce933d0e02e4fc9855eb058
concise,deepmath:0ee318748d03a3ae14803cc63247d74ad92937fe4ab4671343d4d5bd8ed8dd7e,20260912,2037170322,1,1,0,1311,0,accepted,\displaystyle \int_{C}\frac{dz}{z^2+1}= \pi,0,0,a2de716bbe71b4d5a85997f51f7fdd19292c39637e200e8604c86d5e8cd89af4
concise,deepmath:0eed371c6c80305cc5cab7e04989ea9959deab0fe2746edc52d1bc86260c5b12,20260911,1798713109,1,1,0,3171,0,accepted,"[\mathbb{Q}(\sqrt[n]{p_1},\dots ,\sqrt[n]{p_k}):\mathbb{Q}]=n^k",0,0,63fb5b18ff0e0224e10e75f3b0c6b8e394012c2ec090301f45988b0a8e408881
concise,deepmath:0eed371c6c80305cc5cab7e04989ea9959deab0fe2746edc52d1bc86260c5b12,20260912,1798713110,1,1,0,2913,0,accepted,"[\mathbb{Q}(\sqrt[n]{p_1},\dots ,\sqrt[n]{p_k}):\mathbb{Q}]=n^k",0,1,2dcc6fe834000b2f1849d09dce62018818693d3320cb7ad81e9e5ce39a159c81
concise,deepmath:0ef587d0b5741ec3324ef7c37d9e0a52e0cca6b7673854f8b867158fa682f27e,20260911,1879644585,1,1,0,1214,0,accepted,"\text{Yes, e.g. }M(t)=Z\,B(t)",0,0,18db995daa9811f845bc4d99708d2d72935bb906872f75d27a303b5d248db246
concise,deepmath:0ef587d0b5741ec3324ef7c37d9e0a52e0cca6b7673854f8b867158fa682f27e,20260912,1879644586,1,1,0,3161,0,accepted,"\text{Yes, e.g. }M_t=B_{t\wedge\tau}\text{ with }\tau=0\text{ on }A,\ \tau=T\text{ on }A^c",0,0,158a92aaa064a25d91da16c047e1a4b7877ba38db16a9971c53b19638e1c760c
concise,deepmath:0f6c16aabe55ebdfd35bca5285055a101e288cef612d487a8815aa9d15417305,20260911,778361324,1,1,0,475,0,accepted,"\,\displaystyle \int_{[a,b]} f(x)\,\delta_b(dx)=f(b)\,",0,0,2e2f291254d711b16066fed377b7e8884fbaedb41d4e65aec04ceaff950760ff
concise,deepmath:0f6c16aabe55ebdfd35bca5285055a101e288cef612d487a8815aa9d15417305,20260912,778361325,1,1,0,604,0,accepted,"\displaystyle \int_{[a,b]} f(x)\,\delta_b(dx)=f(b)",0,0,093513999e6340d6d9ec44e97c920c196c49d4aeace4473b318ce12658f81fa1
concise,deepmath:0f7c180d53ac8d5ecda9eec2678b1e7c3bc890fd3fdf8534b355364469f8f07f,20260911,574671046,1,1,0,1736,0,accepted,\dfrac{3}{8},0,1,a42f746f469fb637b930b0ab137d31603d4f86d322592a88df0634b31a7f9b14
concise,deepmath:0f7c180d53ac8d5ecda9eec2678b1e7c3bc890fd3fdf8534b355364469f8f07f,20260912,574671047,1,1,0,1617,0,accepted,"\displaystyle \int_{C} x^{2}\,d\mu=\frac38",0,1,887d18448dc4dddcc501232a6532d6e0935416904f2d7bffbd43689f4ab9af7b
concise,deepmath:0f8ec6ae9305b4bc5e6fc38ee7fe190a5cde2ee84129a5c00ee1afe870f8ed7a,20260911,422559799,1,1,0,895,0,accepted,"\,2n^{2}+n\,",0,1,ccc8c97c085d890c7fe54c17e17da6443094338c49ff860a2ebb13947015d560
concise,deepmath:0f8ec6ae9305b4bc5e6fc38ee7fe190a5cde2ee84129a5c00ee1afe870f8ed7a,20260912,422559800,1,1,0,510,0,accepted,"\,\dim Sp(2n,\tilde{F}) = 2n^2+n\,",0,0,e42e54f318c6d74768de721071acd0ffbc9da456a9a99d2941dd3ed4f76c3513
concise,deepmath:0fab24a01957c86ec519b8217b9552c35dab0904bb7b7a60e41e6e9eac973ada,20260911,1079812063,1,1,0,2131,0,accepted,"\,|\mathcal P|=2^{\aleph_0}\,",0,0,5be8ab1b700a93eab7168925ea1ea44e24f9f6d990d9854423b4bd86025ef623
concise,deepmath:0fab24a01957c86ec519b8217b9552c35dab0904bb7b7a60e41e6e9eac973ada,20260912,1079812064,1,1,0,2970,0,accepted,"\,2^{\aleph_0}\,",0,0,099d2ac23810979371a997237d70d7c6292f85bd71f53d63d59f5e7bfdd8f5fb
concise,deepmath:0fc78160733481a9cdc811f9fa8e22a318277792c3057a3aa313f8c04bb02f69,20260911,1374943726,1,1,0,2673,0,accepted,\text{Such a continuous function }f\text{ exists.},1,0,3dd1bd45a48492ba635b446387514012539cfc5b5757b439efacfa867d4f414a
concise,deepmath:0fc78160733481a9cdc811f9fa8e22a318277792c3057a3aa313f8c04bb02f69,20260912,1374943727,1,1,0,1643,0,accepted,\text{Such a continuous function }f\text{ always exists.},0,0,988b99a69c9a5679ded1eaa73d211d80cb6fd08259d0d78c6530003262e2e6db
concise,deepmath:0fd97c8595beb389fde9340278b2638736837040e430a785d69e9be5581e43f6,20260911,1838582144,1,1,0,1111,0,accepted,t,0,1,b5e9c5416d6a0e25365de46735ada69252ae9dc51c42ad769f686ed10c226996
concise,deepmath:0fd97c8595beb389fde9340278b2638736837040e430a785d69e9be5581e43f6,20260912,1838582145,1,1,0,799,0,accepted,"\,\displaystyle \frac{\partial x(t;A)}{\partial A}\Big|_{A=0}=t\,",0,0,53b083f31f2df8d0bf635f97ceeec75e6905f53eba480d6c74c44fc68b8d3fca
concise,deepmath:102db25a39c620293d19014fa8da17b523a0ed37fab4a4b100d1b69cc4db8cb1,20260911,1501599064,1,1,0,879,0,accepted,\text{True},0,1,789f6dff1fa94cae78484aeb69d91be8da6a494f441e5e0fbc5ad9fed553d33c
concise,deepmath:102db25a39c620293d19014fa8da17b523a0ed37fab4a4b100d1b69cc4db8cb1,20260912,1501599065,1,1,0,1255,0,accepted,\text{True},0,1,a8eb11c96d06b4e83b8f819281839820a9f8d0653dd5303888b4f72af577d73a
concise,deepmath:10854dacc8b150d76e1748abe388f27b975539da351dc3ff033a36082a1d74a2,20260911,560799296,1,1,0,2556,0,accepted,0,0,1,523c637903f2646e2491fde3a48e7f42e96f7e6bc8f5a4316866253bfd11e408
concise,deepmath:10854dacc8b150d76e1748abe388f27b975539da351dc3ff033a36082a1d74a2,20260912,560799297,1,1,0,2660,0,accepted,0,0,1,205997b37ea23d3b082a4e3040dfb3c95e597457882e124a6cc1e240d62ebf12
high,deepmath:09eec24f931f9826a092da35ba28b7b3691646581d223b25c5709fb43c5aa36b,20260911,617330456,1,1,0,5192,0,accepted,"\,\text{True.}\,",0,0,93cdd95412b012a69bf658c6d24498012c3b85ca48dd41fe6e45ede549ed32a2
high,deepmath:09eec24f931f9826a092da35ba28b7b3691646581d223b25c5709fb43c5aa36b,20260912,617330457,1,1,0,3007,0,accepted,\text{True},0,1,160b16c3bc2375f3aebf13a8948723f646bdf90ab284d84a08a3e0b63e674050
high,deepmath:09f51dd4abe1c1c28ff754a377c67880ccb554f077e097031e2c86f9c5d634a3,20260911,921673035,0,1,-1,10240,1,no_final_channel,,0,0,4f819ce6218b9e16ec14262bfdc6e7e9dc6aea9cde115e0ddf6e26478c4c5afb
high,deepmath:09f51dd4abe1c1c28ff754a377c67880ccb554f077e097031e2c86f9c5d634a3,20260912,921673036,0,1,-1,10240,1,no_final_channel,,0,0,7d7516160e61a4f1030f9aa8918200fc9c8bce870232cbded51e06c72aabd4da
high,deepmath:0a0e31d9b21a0596bc240f3f28a23a6c870fb8362383556b1894dd96edfc5a4f,20260911,778782470,0,1,-1,10240,1,no_final_channel,,0,1,0055e058f5e043fdf9584439b3f380877d64d8a356ff79e0dc746579f6ab09d2
high,deepmath:0a0e31d9b21a0596bc240f3f28a23a6c870fb8362383556b1894dd96edfc5a4f,20260912,778782471,0,1,-1,10240,1,no_final_channel,,0,1,aed14434c771f400b915268f5a70e7249de2f7e35e51739c0de69cb0e3eb1148
high,deepmath:0a2c98118a2cf02eab513fcb6eaf25657685aa14b00a9c07af72344084dee305,20260911,473004756,0,1,-1,10240,1,no_final_channel,,0,0,6d15c226e3c7038d575663432ef8bcbeb25558b839d24f6180af954763d49d61
high,deepmath:0a2c98118a2cf02eab513fcb6eaf25657685aa14b00a9c07af72344084dee305,20260912,473004757,0,1,-1,10240,1,no_final_channel,,0,0,853b5a56879cd3acdc09d1fcb6f9185359e0443463420fde8accc1ccab86351a
high,deepmath:0a4c1daba399c1c956c35084f45598b1a275b9a0c9700bb3357de14285fb0f33,20260911,1051497479,1,1,0,3340,0,accepted,2,0,1,6f73cc8ccc58c9663021bc4f6c3b957d1a4a7a4fb4fe7fa4b5633c8abf906505
high,deepmath:0a4c1daba399c1c956c35084f45598b1a275b9a0c9700bb3357de14285fb0f33,20260912,1051497480,0,1,-1,10240,1,no_final_channel,,0,1,730a57fa9522cb1656e852a3f5b68307d6387c37b71cca4977bdfefced8eb40c
high,deepmath:0a534095d77ca56ac6db6453f1f2cba0146ce6824dcd630fcb24aabece34d64d,20260911,1367567735,0,0,0,10240,1,no_final_channel,,0,1,47e4e7c2f63230bb501b648dd901e8c166ffb0c068976de92ea75ef3799bd618
high,deepmath:0a534095d77ca56ac6db6453f1f2cba0146ce6824dcd630fcb24aabece34d64d,20260912,1367567736,0,1,-1,10240,1,no_final_channel,,0,1,d4bfa01343464550a8b7bb9c1f2d9074903607543d0da9ce0d11a364b2a111c3
high,deepmath:0ac5cd29827e6d59f5a051f2dbebfab03376928097362d7af1e04b3408b93daa,20260911,244992474,1,1,0,5769,0,accepted,"\text{Yes, it preserves distance.}",0,0,8c8c1b688398006d9c05df9913f399b2772a6158a8d82c801c4872bc7f792129
high,deepmath:0ac5cd29827e6d59f5a051f2dbebfab03376928097362d7af1e04b3408b93daa,20260912,244992475,1,1,0,4381,0,accepted,"\text{Yes, it preserves distance.}",0,0,6e2bf8c4734301dcbe6b164fc66c60ca770e370fb0a1c45732749c3ae2777d8a
high,deepmath:0ad2165ec53313080292b90a28eacb3f4c787cc24868fc48ee1b5eed786a806b,20260911,467654611,1,1,0,7887,0,accepted,M\;\cong\;\mathbb{Z},0,1,211b6fe9d5907f11b5259d60f38c2f2977a979331c8f9426f5ef893d9d43483d
high,deepmath:0ad2165ec53313080292b90a28eacb3f4c787cc24868fc48ee1b5eed786a806b,20260912,467654612,1,1,0,9304,0,accepted,"\,M \;\cong\; \mathbb Z\,",0,0,e4aa4221ab0fd9f02ed2e56991683bb366ebd03a948ab274bc919960e463a533
high,deepmath:0ad9004d18f50d90b613d9add7e20e7f6aacf8a68d61eebd280b2507fc9d1c68,20260911,2089733415,1,1,0,1321,0,accepted,6,0,1,e180cb6cd6dd0607f18d9ca8a51d9c8c9c2ca160cf6dcf3021391b0f322ed347
high,deepmath:0ad9004d18f50d90b613d9add7e20e7f6aacf8a68d61eebd280b2507fc9d1c68,20260912,2089733416,1,1,0,1827,0,accepted,6,0,1,efcded05e711eed89826f6ea91e1e821acff76798a4f773f8d3e47bb9fbca6ce
high,deepmath:0adecec663c191db5a668ed948a24aa1c0729496ed3ba2077b06c62844f6a8fd,20260911,525343606,1,1,0,1428,0,accepted,\displaystyle \frac{2\pi}{3},0,1,e5a0beb0033a627973ec6caa18ec17dc62c1eacfed4e07bee49c8fcf56b82466
high,deepmath:0adecec663c191db5a668ed948a24aa1c0729496ed3ba2077b06c62844f6a8fd,20260912,525343607,1,1,0,2607,0,accepted,\dfrac{2\pi}{3},0,1,5833bd863b4a3fc55bf0cae2f09544172d74a8a26ac09ef9eb8cd227bab282c1
high,deepmath:0b1debca0c0ee5a5397565364c004dc71354830e3f63e78a8d43a936c2a0fdd8,20260911,1823020238,0,1,-1,10240,1,no_final_channel,,0,0,12efbc4ef8f5a3f92026efa46fd338c8c6f1d3cdcc5fb9f0485ac149efbfde20
high,deepmath:0b1debca0c0ee5a5397565364c004dc71354830e3f63e78a8d43a936c2a0fdd8,20260912,1823020239,0,1,-1,10240,1,no_final_channel,,0,0,40351bdfc8aea2046d9ffefc15a48b8c063c1857b1180332603c44b83b6ebcbe
high,deepmath:0b307b3dff05eab2cd2259730c90d849202caa8e3956a2bcb3bedccaf4adeb9a,20260911,393305067,1,1,0,1028,0,accepted,6\pi i,0,1,8573dbffeedf259d3a1fb2d37ce5701b1d35452edf0984fa9be34243d6079745
high,deepmath:0b307b3dff05eab2cd2259730c90d849202caa8e3956a2bcb3bedccaf4adeb9a,20260912,393305068,1,1,0,1234,0,accepted,6\pi i,0,1,0f45153c36c8ad9128a7d864d39e38b56d7eccc7ce356b6f6392b6c56f4614dc
high,deepmath:0b4a8a3b280b80a10d5e0a4281c2412278518a515522739e4f14a1068c03d770,20260911,1482764664,1,1,0,7806,0,accepted,0,0,1,a0e5d88f7e88b9231b9da0dcf5cb45714cd90c29a0b2aa0cf07b7e328d084682
high,deepmath:0b4a8a3b280b80a10d5e0a4281c2412278518a515522739e4f14a1068c03d770,20260912,1482764665,1,1,0,6192,0,accepted,0,0,1,ff9f37d349cb23c085f26c6091e870b06b10f762aedcf3c3fff8172c0ca88049
high,deepmath:0bc69d2c8caa51758be4450d51b18b647c9bee5f0aa6882fd601b97e2642e63f,20260911,1765029760,1,1,0,5401,0,accepted,"\text{In general, a continuous }f:A\to Y\text{ cannot always be extended to }X.",0,0,e04d5f036d9bfd66b97b309903ac6d72f6248df75bcb573f2e82581e5be3e91f
high,deepmath:0bc69d2c8caa51758be4450d51b18b647c9bee5f0aa6882fd601b97e2642e63f,20260912,1765029761,1,1,0,8681,0,accepted,,1,0,26122e867fb51c921b880902970127b9369e5e01bc478f4928dddd2072fbb986
high,deepmath:0bd14ae75e2eb74b2eca4124f37a1a900bd7228090218b5d4e9e8b533cb8782d,20260911,818529422,1,1,0,4041,0,accepted,"\,n=p-1\,",0,1,c70c0b55864bafa7c41403f6417c4fae847939adb295e215566f59a5f07fba0c
high,deepmath:0bd14ae75e2eb74b2eca4124f37a1a900bd7228090218b5d4e9e8b533cb8782d,20260912,818529423,1,1,0,4265,0,accepted,"\,p-1\,",0,1,5c7a64a00cff665cb4f3e4376cd7621c0bb3f855f271f58f2aa66626aecbb254
high,deepmath:0c2330f1106124502a5c4611ea036dd2541a823daf53d51276cb6e6d6717e49e,20260911,2138420734,1,1,0,8159,0,accepted,"\text{No, not necessarily.}",0,0,6f2b8fc6f950a9843977d5f7e29fa3000ae3b3666de8be05bb0938217f48463a
high,deepmath:0c2330f1106124502a5c4611ea036dd2541a823daf53d51276cb6e6d6717e49e,20260912,2138420735,0,0,0,10240,1,no_final_channel,,0,0,4970819c8a00c3e04128bee447b13f255c588c04930ef6dd2925c10832317526
high,deepmath:0c6ae8d4f7b9253e5d93f6fc579f45669cb5705013615b6a5b4c1213a3428e0b,20260911,1883942759,1,1,0,3984,0,accepted,(\mu\times\nu)(E)=0,0,1,af7a7119a01080f016cc57f40acdcf2e6a81348a5ff986f5bbd40c50ebd36480
high,deepmath:0c6ae8d4f7b9253e5d93f6fc579f45669cb5705013615b6a5b4c1213a3428e0b,20260912,1883942760,1,1,0,2505,0,accepted,,1,1,0e0beff05aa31ea9c0ff01f6d0057f4eafce1d62ed14a53219451ee5182f8e4f
high,deepmath:0c98bcec3b0a0354eebe20b788cc321a347286b450e5a09e1a4be52cc2f362ee,20260911,1774885841,1,1,0,1960,0,accepted,\frac{\pi}{4},0,1,135705174d26b96fdde64372a1da5093e2dc76630976047e6c691ea163e1bf2b
high,deepmath:0c98bcec3b0a0354eebe20b788cc321a347286b450e5a09e1a4be52cc2f362ee,20260912,1774885842,1,1,0,3483,0,accepted,\dfrac{\pi}{4},0,1,f407b650cccbc264f175bea08b2a740f6a8352fc5b20f69c5158ca3f222375d4
high,deepmath:0ca28fd43f4b1efdac7c7c4fb5a0c6286661c5b8783764919735c68691ec284e,20260911,34919405,1,1,0,6267,0,accepted,8,0,1,17dc3f1f87befa37138a0720f0536acc90669afb2c4e1105edef1403439f3edd
high,deepmath:0ca28fd43f4b1efdac7c7c4fb5a0c6286661c5b8783764919735c68691ec284e,20260912,34919406,1,1,0,6631,0,accepted,8,0,1,602d43ea1e91de70bbd4918f4e0ae9bd4e6590dfa6ccb8e2d641af292ce4dd63
high,deepmath:0cb24630c9195633176d626fa237ae86bdf92eab7c4963e1772f6c8aa07538fd,20260911,1895914089,0,1,-1,10240,1,no_final_channel,,0,0,a864e50b15cac76615b806be1a66fb688a736f4d6acb2ea4f645d64384b9c295
high,deepmath:0cb24630c9195633176d626fa237ae86bdf92eab7c4963e1772f6c8aa07538fd,20260912,1895914090,0,1,-1,10240,1,no_final_channel,,0,0,95c37a565782e9a36c44d09fd860cf9f24786dd3f1ba3cd7397b0cc6e93bbf9d
high,deepmath:0cc1d5af0de6015927c0acdf150652a7d5a11d5088175929f52fc6e99e6c2de9,20260911,1306667817,1,1,0,3212,0,accepted,3n-6,0,1,ae60ed6b8efe46df550f67148367a5821cb99ab9b09ed47e6b4fb879d9decfdf
high,deepmath:0cc1d5af0de6015927c0acdf150652a7d5a11d5088175929f52fc6e99e6c2de9,20260912,1306667818,1,1,0,5057,0,accepted,"\,3n-6\,",0,1,4ff3a7149c41a5ba6243faecf250f95fdf0fbfacd8ef200af6c3a1119b8625c8
high,deepmath:0ce8fbb3afcf395ea80201f16c6399f879c0ecfda334d254b759cb97254ad989,20260911,1402173473,1,1,0,1805,0,accepted,\dfrac{\pi}{6},0,1,18199d45310f79d2451222e36377e1f5e8f2d51eb652ec464df4177296ab6a64
high,deepmath:0ce8fbb3afcf395ea80201f16c6399f879c0ecfda334d254b759cb97254ad989,20260912,1402173474,1,1,0,3801,0,accepted,\displaystyle \frac{\pi}{6},0,1,8c81fbda16b6b580d0a0beba6e8c00e9405bebc1e3aaee7fcc09bf05702a6c39
high,deepmath:0cfd41d2e3e58eccf1405849cf5c6b0587838024fa2b7f8fa6ed1f97eb3d1287,20260911,411389796,1,1,0,5656,0,accepted,"\,g(\nabla f_p,\nabla f_p)\text{ is independent of the choice of coordinates.}\,",1,0,ae923272800fa8df23419112d8ed77bfd47fa1bf340632fe2e81aa8aa46e3e21
high,deepmath:0cfd41d2e3e58eccf1405849cf5c6b0587838024fa2b7f8fa6ed1f97eb3d1287,20260912,411389797,1,1,0,2323,0,accepted,"\,g(\nabla f_p,\nabla f_p)\text{ is independent of the choice of coordinates.}\,",0,0,0d1fb0865473bd4127db0c361eece4282540be105c793b404946efb205412175
high,deepmath:0cff2780fbc19b9cc6044eac9895950ac246a05680deed996283bc9f5076ef9f,20260911,735804863,1,0,1,9054,0,accepted,,0,0,9ae991d43265a20cb198a1abc98509235afed856b8310cd58ef9fbf48a237379
high,deepmath:0cff2780fbc19b9cc6044eac9895950ac246a05680deed996283bc9f5076ef9f,20260912,735804864,0,1,-1,10240,1,no_final_channel,,0,0,8485d621eee2dde96820e50d4296dbee7dabe68af66053cee8508c1aa8094683
high,deepmath:0d46dbf4318385acc93af82a1a66ea5538f2394865ad45314635ccf936ba495b,20260911,403948851,0,1,-1,10240,1,no_final_channel,,0,1,3bcfc4e5cbcf705e2151682d7e969fe36e3694554e366897ba9951df8a1551b7
high,deepmath:0d46dbf4318385acc93af82a1a66ea5538f2394865ad45314635ccf936ba495b,20260912,403948852,1,1,0,6676,0,accepted,999,0,1,345aa6f40f6a365dcf38702264c0d621b820ec5b42c288be2600ed75931ba5e0
high,deepmath:0d6a08898c5a3339a2cb79f4b5cb6611102fc601bb2a10787ffbff7c3f570956,20260911,1249605084,1,1,0,7559,0,accepted,"\,J(R)=p\,\mathbb Z_{(p)}=\Bigl\{\frac{a}{b}\in R\;\bigm|\;p\mid a\Bigr\}\,",1,0,36f7ccfc5d3821c4df831e860c30ad84c6494a9f8a7c9e6235d506f673650426
high,deepmath:0d6a08898c5a3339a2cb79f4b5cb6611102fc601bb2a10787ffbff7c3f570956,20260912,1249605085,1,1,0,4078,0,accepted,"\,J(R)=pR=\Bigl\{\frac{a}{b}\in R\;\big|\;p\mid a\Bigr\}\,",1,0,c2176e49ac43f4dcc365143b980e0c3e2f4e84d55688a145bbbf9b267bef8fca
high,deepmath:0d8d7f0878793a9c1c29ff557ebd796b904ad793adb36391f030379222be1e3e,20260911,525823808,0,1,-1,10240,1,missing_final_box,,0,1,5018c18c2829baf25c55203bb2bd4b11b82436d377a5be05db083d6228b2cfa7
high,deepmath:0d8d7f0878793a9c1c29ff557ebd796b904ad793adb36391f030379222be1e3e,20260912,525823809,1,1,0,6860,0,accepted,32,0,1,d0aa9bcdfa9cfbfcad69767dac12bac1076e9d68cea9cae04b2eb130e6f0b69e
high,deepmath:0d9a6adc26d4d0fa13685c4827a313ae8eca2fc31a41a6ace39c087cbf8c13b7,20260911,1811268895,1,1,0,3208,0,accepted,\frac13,0,1,bc6d2cb4e5b46326a4c2195a714302bbeb999b02cbcd541d399716613ad8e278
high,deepmath:0d9a6adc26d4d0fa13685c4827a313ae8eca2fc31a41a6ace39c087cbf8c13b7,20260912,1811268896,1,1,0,3408,0,accepted,\frac13,0,1,e392e9535c6f11f9ee324a2f79584efe0206def88f98333efa5e2fc4c29bfb54
high,deepmath:0db75eb28d46830a2bf2e05f82e5e7ea66e6654fdaabfe9137c834ce27c22c89,20260911,873833451,0,1,-1,10240,1,no_final_channel,,0,0,9fff92b53ed76bece1f6f337cf7ba82aa868283f7ce02828bc4a619af8d24e0a
high,deepmath:0db75eb28d46830a2bf2e05f82e5e7ea66e6654fdaabfe9137c834ce27c22c89,20260912,873833452,0,1,-1,10240,1,no_final_channel,,0,0,249b1c0af54b7b9663867771da196c638bbf3fd48424260a128a57a173b69bd1
high,deepmath:0dc9891017d2f0cff77328b293a738ca6ec75f7704f329ff7ced47e9a1a27b74,20260911,1475690855,0,1,-1,10240,1,no_final_channel,,0,1,58abfaffbb7ebb5824c04e00337577f53ebf5c4d4a305fef71e04ad7bb023705
high,deepmath:0dc9891017d2f0cff77328b293a738ca6ec75f7704f329ff7ced47e9a1a27b74,20260912,1475690856,1,1,0,6707,0,accepted,-1,0,1,23a9b84a5cede15718696dc245fc38feb83fc941c00a527b019aee1eb7b828bd
high,deepmath:0e038c59bfab69ad0739a83615a2395400d618acb6001c38b2c3e36c2760a584,20260911,535504254,1,1,0,5486,0,accepted,"\text{Yes – the space of bounded continuous functions on }\mathbb R\text{ with the sup norm is path‑connected (indeed, convex and contractible).}",0,0,b9569c80f7810438f5467bc802be2a75c6778030b9ad50a45b41631516842001
high,deepmath:0e038c59bfab69ad0739a83615a2395400d618acb6001c38b2c3e36c2760a584,20260912,535504255,1,1,0,5242,0,accepted,\text{The space }C^0(\mathbb{R})\text{ with the sup norm is path‑connected.},0,0,17f2dac9375bbd5b7b0a08a395fb2e9eb60f2b1d1115ef1e8346b0c06add40a5
high,deepmath:0e7906a7e663f12fa63919fea449bf3ca2891ac237edad7304b7b668a3b03c39,20260911,1640613427,0,1,-1,10240,1,no_final_channel,,0,1,e83ec5eb0d06f48cbde795895a7c849fc27d1af23a3943d133ff673cfb232e17
high,deepmath:0e7906a7e663f12fa63919fea449bf3ca2891ac237edad7304b7b668a3b03c39,20260912,1640613428,1,1,0,8753,0,accepted,\text{The area is infinite.},1,0,87c6efda6ee9d7058b192c0afa959864931d78c43f4e236a624f1ee09546aece
high,deepmath:0ee318748d03a3ae14803cc63247d74ad92937fe4ab4671343d4d5bd8ed8dd7e,20260911,2037170321,1,1,0,7353,0,accepted,\displaystyle \int_{C}\frac{dz}{z^{2}+1}=\pi,0,0,73d795ae2a4690568f5dec65ccb322bcd27175f7aee4c821a1bc3f427588f6c3
high,deepmath:0ee318748d03a3ae14803cc63247d74ad92937fe4ab4671343d4d5bd8ed8dd7e,20260912,2037170322,1,1,0,7267,0,accepted,\displaystyle \oint_{C}\frac{dz}{z^{2}+1}=\pi,0,0,9dd449313bb93a1d57c273e3abcb532c283ebb00a0eb5a44a88701f76f45e7f1
high,deepmath:0eed371c6c80305cc5cab7e04989ea9959deab0fe2746edc52d1bc86260c5b12,20260911,1798713109,0,1,-1,10240,1,no_final_channel,,0,0,a11c7de8ebd9e585fd6f290cb9f18d832191061e20554e7a33d6b4836ee075be
high,deepmath:0eed371c6c80305cc5cab7e04989ea9959deab0fe2746edc52d1bc86260c5b12,20260912,1798713110,0,1,-1,10240,1,no_final_channel,,0,0,8353072d0f117ca4528aa69b8c78196fcb9fdef3bc5f64e519c205bf48683c09
high,deepmath:0ef587d0b5741ec3324ef7c37d9e0a52e0cca6b7673854f8b867158fa682f27e,20260911,1879644585,1,1,0,7250,0,accepted,,0,0,a14c0977b63db86bb7f6c04e70e719a5b61acd7127a41e4bbc1447eb2bfa1969
high,deepmath:0ef587d0b5741ec3324ef7c37d9e0a52e0cca6b7673854f8b867158fa682f27e,20260912,1879644586,1,1,0,9686,0,accepted,\text{Yes},0,1,0391f6ca06c1b72f4b71ac31fab9fa4bf5c201edac8b90ffadeb338c926ea5f7
high,deepmath:0f6c16aabe55ebdfd35bca5285055a101e288cef612d487a8815aa9d15417305,20260911,778361324,1,1,0,3723,0,accepted,"\,\displaystyle \int_{[a,b]} f(x)\,\delta_b(dx)=f(b)\,",0,0,9041d10b26b86d3898478b288c0a8b767d5b719ed54a26a32d45f0a0b278b60d
high,deepmath:0f6c16aabe55ebdfd35bca5285055a101e288cef612d487a8815aa9d15417305,20260912,778361325,1,1,0,3490,0,accepted,"\displaystyle \int_{[a,b]} f(x)\,\delta_b(dx)=f(b)",0,1,6c5063171f88025c2ed75ee820d009458a7407a8db1e04956485af79097d2c1d
high,deepmath:0f7c180d53ac8d5ecda9eec2678b1e7c3bc890fd3fdf8534b355364469f8f07f,20260911,574671046,1,1,0,2250,0,accepted,"\displaystyle \int_{C}x^{2}\,d\mu(x)=\frac{3}{8}",0,1,7ded874ee4cbff5ca1cb8f511d2531aa3cf4615aa346459e1882dc0bbec01379
high,deepmath:0f7c180d53ac8d5ecda9eec2678b1e7c3bc890fd3fdf8534b355364469f8f07f,20260912,574671047,1,1,0,2768,0,accepted,"\displaystyle \int_C x^2\,d\mu = \frac{3}{8}",0,1,d32da736c82cf7c54274319e2fdafd6064f26cd4253626b5dcdca9b8587ebbb8
high,deepmath:0f8ec6ae9305b4bc5e6fc38ee7fe190a5cde2ee84129a5c00ee1afe870f8ed7a,20260911,422559799,1,1,0,1736,0,accepted,"\dim Sp(2n,\tilde F)=2n^2+n",0,0,afa7424eb5dcc03dbd06651f3eaca59b0a5d5b38ea48be2c103c970291a1db93
high,deepmath:0f8ec6ae9305b4bc5e6fc38ee7fe190a5cde2ee84129a5c00ee1afe870f8ed7a,20260912,422559800,1,1,0,2905,0,accepted,2n^2+n,0,1,065c20c200fc5c854fb136ebf3bf211e97452e8f5e5f2538f4381fd68cb4457e
high,deepmath:0fab24a01957c86ec519b8217b9552c35dab0904bb7b7a60e41e6e9eac973ada,20260911,1079812063,0,1,-1,10240,1,no_final_channel,,0,1,90918f094f369e957fd95d13a94ff828aa732f4f6463f40287cbd3206a1b84cb
high,deepmath:0fab24a01957c86ec519b8217b9552c35dab0904bb7b7a60e41e6e9eac973ada,20260912,1079812064,1,1,0,9992,0,accepted,2^{\aleph_0},0,1,5a017713ad320ae2592962adc1e0e4044d290cf051f214699b206133f3aad652
high,deepmath:0fc78160733481a9cdc811f9fa8e22a318277792c3057a3aa313f8c04bb02f69,20260911,1374943726,0,1,-1,10240,1,no_final_channel,,0,0,9ef97247f3b5ffcc69c299a0018ce0fcecf4e22f11aad0196a187018bffcfb1f
high,deepmath:0fc78160733481a9cdc811f9fa8e22a318277792c3057a3aa313f8c04bb02f69,20260912,1374943727,1,1,0,8581,0,accepted,"\text{Yes, such a continuous }f\text{ exists.}",0,0,2fa600ffb146cfaacc01dfd3081a19d1c9119531ab6b73f306b5f64f53b96b75
high,deepmath:0fd97c8595beb389fde9340278b2638736837040e430a785d69e9be5581e43f6,20260911,1838582144,1,1,0,4393,0,accepted,\displaystyle\frac{\partial x(t;A)}{\partial A}\Big|_{A=0}=t,0,1,7d1dd4adced90fd68b2ca605c658ab6fbea1321359f3ff4540babf6ba4db860c
high,deepmath:0fd97c8595beb389fde9340278b2638736837040e430a785d69e9be5581e43f6,20260912,1838582145,1,1,0,3168,0,accepted,\displaystyle \frac{\partial x(t;A)}{\partial A}\Big|_{A=0}=t,0,0,366e773f63e2b067bcd6485340a54eeb594caccbaf5153746c0a43d3a655b151
high,deepmath:102db25a39c620293d19014fa8da17b523a0ed37fab4a4b100d1b69cc4db8cb1,20260911,1501599064,0,1,-1,10240,1,no_final_channel,,0,0,6656cecf5adcdbce51edc2290e125f1dfd7f90e935f24b115b051d9f849b3277
high,deepmath:102db25a39c620293d19014fa8da17b523a0ed37fab4a4b100d1b69cc4db8cb1,20260912,1501599065,1,1,0,6073,0,accepted,\text{True},0,1,0b0f133676e369aee53709d68762af0466ee75ae17bb24c9db9e85a98e9541b6
high,deepmath:10854dacc8b150d76e1748abe388f27b975539da351dc3ff033a36082a1d74a2,20260911,560799296,1,1,0,6664,0,accepted,0,0,1,466ab3b30b229cabdfa668e947b8f0acf5fd02cb81a5d40fb1cf7e3ded5e3f75
high,deepmath:10854dacc8b150d76e1748abe388f27b975539da351dc3ff033a36082a1d74a2,20260912,560799297,1,1,0,6657,0,accepted,0,0,1,0b46821b536311173f3166a2e9ca803f75d446449a5954ed51deff5b43a5d871
high_verify,deepmath:09eec24f931f9826a092da35ba28b7b3691646581d223b25c5709fb43c5aa36b,20260911,617330456,1,1,0,2301,0,accepted,\text{True},0,1,58d488d0742dbc7855195857f3ac80bba0999f68ed7117b6de31d6e9b810e8e5
high_verify,deepmath:09eec24f931f9826a092da35ba28b7b3691646581d223b25c5709fb43c5aa36b,20260912,617330457,1,1,0,5619,0,accepted,\text{True},0,1,bd995d45cd1aa568ff87aa5f7839f98eb9ef4b4ce3b3db62c9e118be4509bb9e
high_verify,deepmath:09f51dd4abe1c1c28ff754a377c67880ccb554f077e097031e2c86f9c5d634a3,20260911,921673035,0,1,-1,10240,1,no_final_channel,,0,0,7366a82b2b206397cdc528737dce351bdd55e4610e41104db86d6eb619195675
high_verify,deepmath:09f51dd4abe1c1c28ff754a377c67880ccb554f077e097031e2c86f9c5d634a3,20260912,921673036,0,1,-1,10240,1,no_final_channel,,0,0,f45cfe3ee26d2d97f2f65acecef511488e8eeefef523e997736bdea3a628b12f
high_verify,deepmath:0a0e31d9b21a0596bc240f3f28a23a6c870fb8362383556b1894dd96edfc5a4f,20260911,778782470,0,1,-1,10240,1,no_final_channel,,0,1,172d7e0b1add2240e693cd9c8c0af112517fa845514196d6b91039d7ecf2c140
high_verify,deepmath:0a0e31d9b21a0596bc240f3f28a23a6c870fb8362383556b1894dd96edfc5a4f,20260912,778782471,1,1,0,9402,0,accepted,-1,0,1,1c9ae7779a3c03bd127035a96b778bd485c6f202ed5510910fbf079b104cea1c
high_verify,deepmath:0a2c98118a2cf02eab513fcb6eaf25657685aa14b00a9c07af72344084dee305,20260911,473004756,0,1,-1,10240,1,missing_final_box,,0,0,a4fac31b9523e16dd3520d742ebb477701250e4ec1fbd56e0825e67df46548ec
high_verify,deepmath:0a2c98118a2cf02eab513fcb6eaf25657685aa14b00a9c07af72344084dee305,20260912,473004757,1,1,0,8719,0,accepted,\text{Only when }\mathbb X\text{ is purely atomic does }L^1(\mathbb X)\text{ have the Schur property; otherwise it does not.},1,0,fdcffb6a7916bb6a1d605a7bfba7c78bae82ee6de1654a955049558dcffc6c8f
high_verify,deepmath:0a4c1daba399c1c956c35084f45598b1a275b9a0c9700bb3357de14285fb0f33,20260911,1051497479,1,1,0,3194,0,accepted,2,0,1,a7d28155e2f8e23b8d41b865533c794ddffb78ff9c09061b160d7ccf851221e8
high_verify,deepmath:0a4c1daba399c1c956c35084f45598b1a275b9a0c9700bb3357de14285fb0f33,20260912,1051497480,0,1,-1,10240,1,no_final_channel,,0,1,453c480314e0f7de8413e39cac81d4881f2d148c264acac7e0e3a6a17070fb1c
high_verify,deepmath:0a534095d77ca56ac6db6453f1f2cba0146ce6824dcd630fcb24aabece34d64d,20260911,1367567735,0,0,0,10240,1,no_final_channel,,0,0,d537ae32448aa7d3aa9314397df2aa7693095066e48bf6c80da12bad9e593974
high_verify,deepmath:0a534095d77ca56ac6db6453f1f2cba0146ce6824dcd630fcb24aabece34d64d,20260912,1367567736,0,1,-1,10240,1,no_final_channel,,0,1,eadc69dbd0d53490cce04a11428e9d1d82fe0237cfd74d5638894a4ef44cc363
high_verify,deepmath:0ac5cd29827e6d59f5a051f2dbebfab03376928097362d7af1e04b3408b93daa,20260911,244992474,1,1,0,6371,0,accepted,"\text{Yes, any map that preserves the inner product necessarily preserves distance.}",0,0,05ade7da0947e86faeb1b5146c05afe88a948774200bf509a9100adfaae8c426
high_verify,deepmath:0ac5cd29827e6d59f5a051f2dbebfab03376928097362d7af1e04b3408b93daa,20260912,244992475,1,1,0,6049,0,accepted,"\text{Yes, any inner‑product preserving map preserves distance.}",0,0,7b393d261795e2fdcc9b2aa2e6a91eb3f46d1e60707ae055507e51a2becce3b9
high_verify,deepmath:0ad2165ec53313080292b90a28eacb3f4c787cc24868fc48ee1b5eed786a806b,20260911,467654611,1,1,0,7270,0,accepted,"\,M\;\cong\;\mathbb Z\,",0,1,88682eaddc01237569d9af7e487edcf114557ccab99076756cec55ed2db64797
high_verify,deepmath:0ad2165ec53313080292b90a28eacb3f4c787cc24868fc48ee1b5eed786a806b,20260912,467654612,1,1,0,6630,0,accepted,\mathbb Z,0,0,2890e7e022fa22fe6cf88061e433395fdeb04f960ee3d59dcbb3608a0fdf8a2b
high_verify,deepmath:0ad9004d18f50d90b613d9add7e20e7f6aacf8a68d61eebd280b2507fc9d1c68,20260911,2089733415,1,1,0,1332,0,accepted,6,0,1,6e42cc7a74287bd47f0ee78046afa394c3eb056dc0b37353ecd9ac617b86b5fb
high_verify,deepmath:0ad9004d18f50d90b613d9add7e20e7f6aacf8a68d61eebd280b2507fc9d1c68,20260912,2089733416,1,1,0,1605,0,accepted,6,0,1,9d66deb9937958f1adf0fb653c4f1a292fba81822538b4ac48b78603ce7d0941
high_verify,deepmath:0adecec663c191db5a668ed948a24aa1c0729496ed3ba2077b06c62844f6a8fd,20260911,525343606,1,1,0,2137,0,accepted,\frac{2\pi}{3},0,1,d14ccc95b1654ed17320c2bd631fc2c30c2b0883f8ceb5e9355c1c61313d4c3b
high_verify,deepmath:0adecec663c191db5a668ed948a24aa1c0729496ed3ba2077b06c62844f6a8fd,20260912,525343607,1,1,0,2648,0,accepted,\dfrac{2\pi}{3},0,1,0ecbd39e66a6b972a00e4dfed22e682af8dfd1aeb232529c3b7c31c79f2bce25
high_verify,deepmath:0b1debca0c0ee5a5397565364c004dc71354830e3f63e78a8d43a936c2a0fdd8,20260911,1823020238,0,1,-1,10240,1,no_final_channel,,0,0,749b579b19d38c4f2354fa0173490e0c71827d002dc07ba63abc521ae9d23b72
high_verify,deepmath:0b1debca0c0ee5a5397565364c004dc71354830e3f63e78a8d43a936c2a0fdd8,20260912,1823020239,0,1,-1,10240,1,no_final_channel,,0,0,4d6907f6955f310ee2eb34163046a9100048b1b36c22f721bdf580197592ae12
high_verify,deepmath:0b307b3dff05eab2cd2259730c90d849202caa8e3956a2bcb3bedccaf4adeb9a,20260911,393305067,1,1,0,1235,0,accepted,6\pi i,0,1,0bfe05b23168bf20d4c5fe65bf38a176aeff6332d907cef78dbe1ecf94fa9f16
high_verify,deepmath:0b307b3dff05eab2cd2259730c90d849202caa8e3956a2bcb3bedccaf4adeb9a,20260912,393305068,1,1,0,931,0,accepted,6\pi i,0,1,9ddf796d5303bf9ec82fcf36f4cbecf851f32e10c963a5932dd628efa37817c8
high_verify,deepmath:0b4a8a3b280b80a10d5e0a4281c2412278518a515522739e4f14a1068c03d770,20260911,1482764664,1,1,0,10240,1,accepted,,1,1,203e4a5f24bb241ab9a8afbfe9074afde48d8ad6e6c32f286c41fe5473d1948e
high_verify,deepmath:0b4a8a3b280b80a10d5e0a4281c2412278518a515522739e4f14a1068c03d770,20260912,1482764665,1,1,0,9873,0,accepted,0,0,1,7b4a27ac22dca466c0046a9ef644cd5d56d47ad97a23bccdd6a88a020e37ea24
high_verify,deepmath:0bc69d2c8caa51758be4450d51b18b647c9bee5f0aa6882fd601b97e2642e63f,20260911,1765029760,1,1,0,6066,0,accepted,"\text{No. For example, let }X=D^{2}\subset\mathbb{R}^{2}\text{ be the closed unit disk, }A=\partial D^{2}\text{ its boundary circle, and }Y=S^{1}\text{ the unit circle.  Define }f:A\to Y\text{ by }f=\operatorname{id}_{S^{1}}\text{ (the identity map).  If a continuous extension }F:X\to Y\text{ existed, then }F|_{A}=\operatorname{id}_{S^{1}}\text{ would give a retraction of }D^{2}\text{ onto }S^{1}.  Since",0,0,188b6fe352cd3aa0c5db633dee363f03623d35cb99d3e8e0cc9e3a29e14b76ed
high_verify,deepmath:0bc69d2c8caa51758be4450d51b18b647c9bee5f0aa6882fd601b97e2642e63f,20260912,1765029761,0,1,-1,10240,1,no_final_channel,,0,0,af5cfc3f2042a3962c6f6b82dd5d01d1bb23a1d7177cd7553a9fa946daeb5734
high_verify,deepmath:0bd14ae75e2eb74b2eca4124f37a1a900bd7228090218b5d4e9e8b533cb8782d,20260911,818529422,1,1,0,5250,0,accepted,"\,n=p-1\,",0,1,8cbea22dd5f37e45cfb963057677b610f5583662d655f6ef0152ef792cd87972
high_verify,deepmath:0bd14ae75e2eb74b2eca4124f37a1a900bd7228090218b5d4e9e8b533cb8782d,20260912,818529423,1,1,0,4779,0,accepted,"\,p-1\,",0,1,996d4beb14c4dbf3be3a9a7076e1708a3f6556e39c05c4c6b193a32b0c3160a2
high_verify,deepmath:0c2330f1106124502a5c4611ea036dd2541a823daf53d51276cb6e6d6717e49e,20260911,2138420734,0,1,-1,10240,1,no_final_channel,,0,0,a2f0b1d74f1d85de0a04141b70b3719ce31671b3bb57a3728b64e7c4f9f9c4e6
high_verify,deepmath:0c2330f1106124502a5c4611ea036dd2541a823daf53d51276cb6e6d6717e49e,20260912,2138420735,0,0,0,10240,1,no_final_channel,,0,0,817264224e90a7d6b1dd10af937d4209729a7138b1d97b93ef86df42e4ac33f5
high_verify,deepmath:0c6ae8d4f7b9253e5d93f6fc579f45669cb5705013615b6a5b4c1213a3428e0b,20260911,1883942759,1,1,0,7421,0,accepted,0,0,1,ad58f3d76f088597a507829e8b006c6891c0383d6e208a5f2b77f183351f7b43
high_verify,deepmath:0c6ae8d4f7b9253e5d93f6fc579f45669cb5705013615b6a5b4c1213a3428e0b,20260912,1883942760,1,1,0,1732,0,accepted,(\mu\times\nu)(E)=0,0,1,6316bd8b3c5c2fdd4b64582e0d7c73b7868cfde9f7a6fcb2fd808c4fdb262580
high_verify,deepmath:0c98bcec3b0a0354eebe20b788cc321a347286b450e5a09e1a4be52cc2f362ee,20260911,1774885841,1,1,0,5088,0,accepted,\dfrac{\pi}{4},0,1,faafe77cf936b1311cdc8dc2eaac685a16481a8ec5895b6996fc84394ce666f9
high_verify,deepmath:0c98bcec3b0a0354eebe20b788cc321a347286b450e5a09e1a4be52cc2f362ee,20260912,1774885842,1,1,0,5011,0,accepted,\frac{\pi}{4},0,1,f266a898bba416710f5616c7ce9a711fabfb43f898e3e9bf957bc4810f36e22c
high_verify,deepmath:0ca28fd43f4b1efdac7c7c4fb5a0c6286661c5b8783764919735c68691ec284e,20260911,34919405,1,1,0,7407,0,accepted,8,0,1,a05e3d09bfe7614d5073a1c43b8074eee627dc36b7b8d72a8c6339a866af534b
high_verify,deepmath:0ca28fd43f4b1efdac7c7c4fb5a0c6286661c5b8783764919735c68691ec284e,20260912,34919406,1,1,0,6009,0,accepted,8,0,1,75bc0553f44500586a13181176f16216d5fe4dd25f6e6a6772a709cb2043caf5
high_verify,deepmath:0cb24630c9195633176d626fa237ae86bdf92eab7c4963e1772f6c8aa07538fd,20260911,1895914089,0,1,-1,10240,1,no_final_channel,,0,0,9e1a22d125060b7a9bb96b260f25853bd9fc7294a36ced5cfc42b89504690f0d
high_verify,deepmath:0cb24630c9195633176d626fa237ae86bdf92eab7c4963e1772f6c8aa07538fd,20260912,1895914090,0,1,-1,10240,1,no_final_channel,,0,0,842f640def77f04fdb66ada3606f5c4598be66acda21116103079ad93e6dd265
high_verify,deepmath:0cc1d5af0de6015927c0acdf150652a7d5a11d5088175929f52fc6e99e6c2de9,20260911,1306667817,0,1,-1,10240,1,no_final_channel,,0,1,ca2a3d3f58a723b7454472f93293dd41a2910d234501eebd1a18815ff49ed062
high_verify,deepmath:0cc1d5af0de6015927c0acdf150652a7d5a11d5088175929f52fc6e99e6c2de9,20260912,1306667818,1,1,0,8341,0,accepted,"\,3n-6\,",0,1,41c425d75372e71c4438886e97686ba6dbb7126ea7df38c6af2623e4baf71284
high_verify,deepmath:0ce8fbb3afcf395ea80201f16c6399f879c0ecfda334d254b759cb97254ad989,20260911,1402173473,1,1,0,1605,0,accepted,\dfrac{\pi}{6},0,1,a676d7962ad59bc57b6fde6c975410a9eaff5c45fb3b9c9431a72691b0304c29
high_verify,deepmath:0ce8fbb3afcf395ea80201f16c6399f879c0ecfda334d254b759cb97254ad989,20260912,1402173474,1,1,0,2092,0,accepted,\dfrac{\pi}{6},0,1,515c9dc2706ed8d40185c6319b7c22018cd890b97fb750ef74d84ea6e6cb1671
high_verify,deepmath:0cfd41d2e3e58eccf1405849cf5c6b0587838024fa2b7f8fa6ed1f97eb3d1287,20260911,411389796,1,1,0,5477,0,accepted,"g(\nabla f_p,\nabla f_p)\text{ is independent of the choice of coordinates.}",0,0,7bb4155b69a6ae9b27e5e2b6fce5a02d2ecf0e4c63f4785a1112b1d937d217a0
high_verify,deepmath:0cfd41d2e3e58eccf1405849cf5c6b0587838024fa2b7f8fa6ed1f97eb3d1287,20260912,411389797,1,1,0,2305,0,accepted,"g(\nabla f_p,\nabla f_p)\text{ is coordinate‑invariant.}",1,0,07b1fa506f551d8556deb2a77288ae6dc564d95fa9f0e9cc9a1aa2bc3c2bf122
high_verify,deepmath:0cff2780fbc19b9cc6044eac9895950ac246a05680deed996283bc9f5076ef9f,20260911,735804863,1,0,1,7063,0,accepted,"\,U^{*}U=I_{X}\,",1,0,eb66e3f4ef361530c5b7675de767000ddbbd211c64c0f55e463a53aca95db736
high_verify,deepmath:0cff2780fbc19b9cc6044eac9895950ac246a05680deed996283bc9f5076ef9f,20260912,735804864,1,1,0,7481,0,accepted,"\,U^{*}U=I_X\,",1,0,280569afcf5a3511e1f9ae102b5796afbf395d7192e439ed16ce52edb2785030
high_verify,deepmath:0d46dbf4318385acc93af82a1a66ea5538f2394865ad45314635ccf936ba495b,20260911,403948851,1,1,0,8774,0,accepted,999,0,1,9a333e21e67fe446bdbac433fe2b676f4f66c98a4e92733f5c5605d141b506ed
high_verify,deepmath:0d46dbf4318385acc93af82a1a66ea5538f2394865ad45314635ccf936ba495b,20260912,403948852,1,1,0,9083,0,accepted,999,0,1,90525b8eba17ac45cc199a41026146116d541a9c76dda2b8f1040fc836418053
high_verify,deepmath:0d6a08898c5a3339a2cb79f4b5cb6611102fc601bb2a10787ffbff7c3f570956,20260911,1249605084,1,1,0,5697,0,accepted,"\,J(R)=pR=\Bigl\{\frac{a}{b}\in R\mid p\mid a\Bigr\}\,",1,0,7e1aba1e6dd8a79c69c4e1d982cfe924c4c81e26ee82f3d24a65f2db14bc4176
high_verify,deepmath:0d6a08898c5a3339a2cb79f4b5cb6611102fc601bb2a10787ffbff7c3f570956,20260912,1249605085,1,1,0,4881,0,accepted,"J(R)=pR=\{\,a/b\in R\mid p\mid a\,\}",1,1,7d73180ca51770e5cf2a0103717b23564baf2c342fadd33918e6d663932c677b
high_verify,deepmath:0d8d7f0878793a9c1c29ff557ebd796b904ad793adb36391f030379222be1e3e,20260911,525823808,0,1,-1,10240,1,no_final_channel,,0,1,159a240ba618bdb7a26cdc500b12262b631921c3886baeacc104c65ff7cd4a33
high_verify,deepmath:0d8d7f0878793a9c1c29ff557ebd796b904ad793adb36391f030379222be1e3e,20260912,525823809,0,1,-1,10240,1,no_final_channel,,0,1,88bcf9093510005cf5eb2425838d69a8e4833a0e36879bbb8ae118d42cc393d9
high_verify,deepmath:0d9a6adc26d4d0fa13685c4827a313ae8eca2fc31a41a6ace39c087cbf8c13b7,20260911,1811268895,1,1,0,2754,0,accepted,\frac13,0,1,2cffce1881e87490b7047d9ca056d6e688f5bfc342923c2072cdec7a80cc30f2
high_verify,deepmath:0d9a6adc26d4d0fa13685c4827a313ae8eca2fc31a41a6ace39c087cbf8c13b7,20260912,1811268896,1,1,0,4639,0,accepted,\frac13,0,1,4f2fecdb8abcd1720bd6ae918140b05faded3293633917113bacc1477d76e71c
high_verify,deepmath:0db75eb28d46830a2bf2e05f82e5e7ea66e6654fdaabfe9137c834ce27c22c89,20260911,873833451,1,1,0,6675,0,accepted,"\text{No. A Hahn–Banach extension need not be continuous; it is
continuous precisely when the dominating sublinear functional is
continuous.}",0,0,aec14b642d257c1d1e6d904432a0b534d3707d3f532b8e41a84da582e80637ce
high_verify,deepmath:0db75eb28d46830a2bf2e05f82e5e7ea66e6654fdaabfe9137c834ce27c22c89,20260912,873833452,0,1,-1,10240,1,no_final_channel,,0,0,0f64c29fac5cb10c2b10f65a7002800c4afe2890c2ea7783c2b52f93d69d4340
high_verify,deepmath:0dc9891017d2f0cff77328b293a738ca6ec75f7704f329ff7ced47e9a1a27b74,20260911,1475690855,0,1,-1,10240,1,no_final_channel,,0,1,e0c9d924d2ae0e0f459339c64a7fe040dc3dfb2df6cc8c65ba7949050b143090
high_verify,deepmath:0dc9891017d2f0cff77328b293a738ca6ec75f7704f329ff7ced47e9a1a27b74,20260912,1475690856,0,1,-1,10240,1,no_final_channel,,0,0,300eafe372082e2c9d13aed30aa24c0e6c75b0a7a817230ad4d653da9d8f61c1
high_verify,deepmath:0e038c59bfab69ad0739a83615a2395400d618acb6001c38b2c3e36c2760a584,20260911,535504254,1,1,0,2925,0,accepted,\text{The space }C^0(\mathbb{R})\text{ is path‑connected.},0,0,4098ae3a2b5464e8a9ad76878f30822dae6fbc3e3e79f7fb8095c74dc1dc080b
high_verify,deepmath:0e038c59bfab69ad0739a83615a2395400d618acb6001c38b2c3e36c2760a584,20260912,535504255,1,1,0,2369,0,accepted,"\text{The space }C^0(\mathbb R,\mathbb R)\text{ is path‑connected.}",0,0,4ed89f4982d03c66d12eacb78581dc19a6149c9b4cd4609a8b08157d1038d726
high_verify,deepmath:0e7906a7e663f12fa63919fea449bf3ca2891ac237edad7304b7b668a3b03c39,20260911,1640613427,1,1,0,7476,0,accepted,\infty,0,1,ac29e9b03871a52ca9dd1385d1d405323522aa3a6cb378387354844d134b6b31
high_verify,deepmath:0e7906a7e663f12fa63919fea449bf3ca2891ac237edad7304b7b668a3b03c39,20260912,1640613428,1,1,0,5530,0,accepted,\text{The area diverges – it is infinite.},1,0,56d916030070f58c338d8cfaaf2abc4e4471918fbee90a7a04789599327437b0
high_verify,deepmath:0ee318748d03a3ae14803cc63247d74ad92937fe4ab4671343d4d5bd8ed8dd7e,20260911,2037170321,1,1,0,6284,0,accepted,\pi,0,1,cf8dc53d417a2333ebdb54a9ef44fd2a2e07538627e677e78773467f44d02058
high_verify,deepmath:0ee318748d03a3ae14803cc63247d74ad92937fe4ab4671343d4d5bd8ed8dd7e,20260912,2037170322,1,1,0,9987,0,accepted,\pi,0,1,2f5fba245c1de24c9a8288126f49612411aabb76897dcdfd78ca38caf8e04b2c
high_verify,deepmath:0eed371c6c80305cc5cab7e04989ea9959deab0fe2746edc52d1bc86260c5b12,20260911,1798713109,0,1,-1,10240,1,no_final_channel,,0,0,e2e2b75fcfb9d27945c9c0ad9e46fe884cbbbc598186e032d15f72cda1fcd2c7
high_verify,deepmath:0eed371c6c80305cc5cab7e04989ea9959deab0fe2746edc52d1bc86260c5b12,20260912,1798713110,1,1,0,10141,0,accepted,n^k,0,1,82f0d43e9a176e50929c84cd3b716f21f5f92aa8b07fe58663750f3f34e5fbef
high_verify,deepmath:0ef587d0b5741ec3324ef7c37d9e0a52e0cca6b7673854f8b867158fa682f27e,20260911,1879644585,1,1,0,9452,0,accepted,,0,0,7439ba39a76d08e71ffecd5886f2d77233ad13c3ac4c6652d6adfefa08b1d13e
high_verify,deepmath:0ef587d0b5741ec3324ef7c37d9e0a52e0cca6b7673854f8b867158fa682f27e,20260912,1879644586,1,1,0,6997,0,accepted,"\text{Yes, e.g. }M(t)=Y\,B(t)\text{ with }Y\sim\operatorname{Bernoulli}(p),\,0<p<1.",0,0,9fb03f582ff05e634548c64e8f302c8733c8a8bb3a27d8c9e5748bfdae8c15e8
high_verify,deepmath:0f6c16aabe55ebdfd35bca5285055a101e288cef612d487a8815aa9d15417305,20260911,778361324,1,1,0,4914,0,accepted,"\displaystyle \int_{[a,b]} f(x)\,\delta_b(dx)=f(b)",0,1,5b793e3b907a85ed7071e27547dc366d87c3aabbc89c328936c316d0f3a8455c
high_verify,deepmath:0f6c16aabe55ebdfd35bca5285055a101e288cef612d487a8815aa9d15417305,20260912,778361325,1,1,0,4093,0,accepted,f(b),0,1,5b94bfc0ca6a1a5d45079909f9d203ee1e6b8a4710c37415b81b3d97641fb6ba
high_verify,deepmath:0f7c180d53ac8d5ecda9eec2678b1e7c3bc890fd3fdf8534b355364469f8f07f,20260911,574671046,1,1,0,2511,0,accepted,"\displaystyle \int_C x^2\,d\mu=\frac{3}{8}",0,1,1956354670a1d6e3310b372c6adc0b09474a3c824c6217264263fbeac3da4812
high_verify,deepmath:0f7c180d53ac8d5ecda9eec2678b1e7c3bc890fd3fdf8534b355364469f8f07f,20260912,574671047,1,1,0,6233,0,accepted,\frac{3}{8},0,1,1f394a2ae8884175f5eb8ce0ede8ec22affbd3d373f7db132c8ed27c8009baea
high_verify,deepmath:0f8ec6ae9305b4bc5e6fc38ee7fe190a5cde2ee84129a5c00ee1afe870f8ed7a,20260911,422559799,1,1,0,2258,0,accepted,2n^2+n,0,1,a316f88f64b053aa25097edb09c39291ca8a2e671b195c4e45605402b6a54420
high_verify,deepmath:0f8ec6ae9305b4bc5e6fc38ee7fe190a5cde2ee84129a5c00ee1afe870f8ed7a,20260912,422559800,1,1,0,1707,0,accepted,2n^{2}+n,0,1,37e30eea4dfa02384dbea75a4c129258c0ab937fbce830a8012c9396152201d5
high_verify,deepmath:0fab24a01957c86ec519b8217b9552c35dab0904bb7b7a60e41e6e9eac973ada,20260911,1079812063,0,1,-1,10240,1,no_final_channel,,0,1,4ddadab551a48989ce6c82f47e109ab0e9a18f3563ee47c7679b969ddb316b43
high_verify,deepmath:0fab24a01957c86ec519b8217b9552c35dab0904bb7b7a60e41e6e9eac973ada,20260912,1079812064,1,1,0,8432,0,accepted,2^{\aleph_0},0,1,b0ed734bd3ee6f19e66ac2d0e8575c353295d24adce53a0368bf2a47995a9126
high_verify,deepmath:0fc78160733481a9cdc811f9fa8e22a318277792c3057a3aa313f8c04bb02f69,20260911,1374943726,0,1,-1,10240,1,no_final_channel,,0,0,8c9fe343b60ee3958e8dd6cb365f7634699271bf09b2c2026ba4610f80f13b65
high_verify,deepmath:0fc78160733481a9cdc811f9fa8e22a318277792c3057a3aa313f8c04bb02f69,20260912,1374943727,0,1,-1,10240,1,no_final_channel,,0,0,1860f148ac2b5db353bd02067b9b6b60d4905f1a5de69f9451c22742a7ea024f
high_verify,deepmath:0fd97c8595beb389fde9340278b2638736837040e430a785d69e9be5581e43f6,20260911,1838582144,1,1,0,2743,0,accepted,,1,1,32a77c76666475947f54b320ab68798300f13799dc6782e6fa5b0fbdf071d591
high_verify,deepmath:0fd97c8595beb389fde9340278b2638736837040e430a785d69e9be5581e43f6,20260912,1838582145,1,1,0,2469,0,accepted,\displaystyle \frac{\partial x(t;A)}{\partial A}\Big|_{A=0}=t,0,0,785cf62e752743d92078e61f3c0205aeef1dc7f9095f936b6214154e6edcc197
high_verify,deepmath:102db25a39c620293d19014fa8da17b523a0ed37fab4a4b100d1b69cc4db8cb1,20260911,1501599064,1,1,0,9272,0,accepted,\text{True},0,1,e82af0bdb3595161dfa1e712d429fbf69fa6a0e0d482af103fc40dc8be6d0888
high_verify,deepmath:102db25a39c620293d19014fa8da17b523a0ed37fab4a4b100d1b69cc4db8cb1,20260912,1501599065,1,1,0,7271,0,accepted,\text{True},0,1,fa7035b9575c6470a3fce354e94f4897c9782dccdca7870d08d0fb0418386e94
high_verify,deepmath:10854dacc8b150d76e1748abe388f27b975539da351dc3ff033a36082a1d74a2,20260911,560799296,1,1,0,8653,0,accepted,0,0,1,189d1accc3e0db5de896868dec977fa388f5f4ac714108ad2d397661a83be12d
high_verify,deepmath:10854dacc8b150d76e1748abe388f27b975539da351dc3ff033a36082a1d74a2,20260912,560799297,1,1,0,7560,0,accepted,0,0,1,76156da95810e3d7b1aa289df5d1bb374bd54790209b7a139654dcb0ff1e617e
