query_id,alpha,correct_answer_gain_retained,distribution_movement_retained,original_correct_answer_gain_retained,original_distribution_movement_retained,redistribution_rule,redistributed,synthetic,transform_seed
deepmath:0934fcf06d840aa6288857d85546f69fa5b08f21e2d3a94c806e8e0a520f8b1b,0.0,0.0,0,0.0,0.0,unchanged,false,true,20260811
deepmath:0934fcf06d840aa6288857d85546f69fa5b08f21e2d3a94c806e8e0a520f8b1b,0.0078125,0.08984460397793625,0.036151780722824656,0.08984460397793625,0.036151780722824656,unchanged,false,true,20260811
deepmath:0934fcf06d840aa6288857d85546f69fa5b08f21e2d3a94c806e8e0a520f8b1b,0.015625,0.17626440562193316,0.075913053671234271,0.17626440562193316,0.07591305367123427,unchanged,false,true,20260811
deepmath:0934fcf06d840aa6288857d85546f69fa5b08f21e2d3a94c806e8e0a520f8b1b,0.03125,0.3373612207753642,0.16597512417144994,0.3373612207753642,0.16597512417144994,unchanged,false,true,20260811
deepmath:0934fcf06d840aa6288857d85546f69fa5b08f21e2d3a94c806e8e0a520f8b1b,0.0625,0.6030071003438568,0.3794919765353465,0.6030071003438568,0.3794919765353465,unchanged,false,true,20260811
deepmath:0934fcf06d840aa6288857d85546f69fa5b08f21e2d3a94c806e8e0a520f8b1b,0.125,0.8839644586213147,0.36334833403031574,0.8839644586213147,0.7656256241862429,"x_only_sample_80pct_[60,80)_random_to_[20,60)",true,true,20260811
deepmath:0934fcf06d840aa6288857d85546f69fa5b08f21e2d3a94c806e8e0a520f8b1b,0.1875,0.9563015674640827,0.20433162394992488,0.9563015674640827,0.9092086953395775,"x_only_sample_65pct_[80,100]_even_to_[40,100];x_only_sample_49pct_post_[40,65)_random_to_[0,40)",true,true,20260811
deepmath:0934fcf06d840aa6288857d85546f69fa5b08f21e2d3a94c806e8e0a520f8b1b,0.25,0.9724262277780344,0.5108910891089109,0.9724262277780344,0.9433924573146936,"x_only_sample_65pct_[80,100]_even_to_[40,100]",true,true,20260811
deepmath:0934fcf06d840aa6288857d85546f69fa5b08f21e2d3a94c806e8e0a520f8b1b,0.375,0.981467587944722,0.77029702970297032,0.981467587944722,0.9617870881325183,"x_only_sample_65pct_[80,100]_even_to_[40,100]",true,true,20260811
deepmath:0934fcf06d840aa6288857d85546f69fa5b08f21e2d3a94c806e8e0a520f8b1b,0.5,0.9868714271714095,0.97266223888592307,0.9868714271714095,0.9726622388859231,unchanged,false,true,20260811
deepmath:0934fcf06d840aa6288857d85546f69fa5b08f21e2d3a94c806e8e0a520f8b1b,0.625,0.9912241283863311,0.98157205652571544,0.9912241283863311,0.9815720565257154,unchanged,false,true,20260811
deepmath:0934fcf06d840aa6288857d85546f69fa5b08f21e2d3a94c806e8e0a520f8b1b,0.75,0.9947718420874088,0.98894608344279633,0.9947718420874088,0.9889460834427963,unchanged,false,true,20260811
deepmath:0934fcf06d840aa6288857d85546f69fa5b08f21e2d3a94c806e8e0a520f8b1b,0.875,0.9976578009878142,0.073824779815279462,0.9976578009878142,0.9950199850942905,"x_only_sample_65pct_[80,100]_even_to_[40,100];x_only_sample_49pct_post_[40,65)_random_to_[0,40)",true,true,20260811
deepmath:0934fcf06d840aa6288857d85546f69fa5b08f21e2d3a94c806e8e0a520f8b1b,1.0,1.0,0.79009900990099013,1.0,1.0,"x_only_sample_65pct_[80,100]_even_to_[40,100]",true,true,20260811
deepmath:0935eb9aa577f0e5e46db391df67dea19c616360345ec67be1076609f7476243,0.0,0.0,0,0.0,0.0,unchanged,false,true,20260811
deepmath:0935eb9aa577f0e5e46db391df67dea19c616360345ec67be1076609f7476243,0.0078125,0.025666336646349316,0.029146798525784071,0.025666336646349316,0.02914679852578407,unchanged,false,true,20260811
deepmath:0935eb9aa577f0e5e46db391df67dea19c616360345ec67be1076609f7476243,0.015625,0.050979886713051925,0.057634016278953051,0.050979886713051925,0.05763401627895305,unchanged,false,true,20260811
deepmath:0935eb9aa577f0e5e46db391df67dea19c616360345ec67be1076609f7476243,0.03125,0.10059423202086012,0.11337156118708802,0.10059423202086012,0.11337156118708802,unchanged,false,true,20260811
deepmath:0935eb9aa577f0e5e46db391df67dea19c616360345ec67be1076609f7476243,0.0625,0.19586561057269564,0.22247511647602899,0.19586561057269564,0.222475116476029,unchanged,false,true,20260811
deepmath:0935eb9aa577f0e5e46db391df67dea19c616360345ec67be1076609f7476243,0.125,0.36925169069357905,0.39581708784647085,0.36925169069357905,0.4257359945934925,"x_only_sample_49pct_post_[40,65)_random_to_[0,40)",true,true,20260811
deepmath:0935eb9aa577f0e5e46db391df67dea19c616360345ec67be1076609f7476243,0.1875,0.515868881096481,0.57232548189424237,0.515868881096481,0.5723254818942424,unchanged,false,true,20260811
deepmath:0935eb9aa577f0e5e46db391df67dea19c616360345ec67be1076609f7476243,0.25,0.6353323631792879,0.56914797641037518,0.6353323631792879,0.6859626858095449,"x_only_sample_80pct_[60,80)_random_to_[20,60)",true,true,20260811
deepmath:0935eb9aa577f0e5e46db391df67dea19c616360345ec67be1076609f7476243,0.375,0.8179539811677767,0.55841584158415847,0.8179539811677767,0.9256649337314015,"x_only_sample_65pct_[80,100]_even_to_[40,100]",true,true,20260811
deepmath:0935eb9aa577f0e5e46db391df67dea19c616360345ec67be1076609f7476243,0.5,0.9402492026198067,0.78415841584158419,0.9402492026198067,0.9759378486918882,"x_only_sample_65pct_[80,100]_even_to_[40,100]",true,true,20260811
deepmath:0935eb9aa577f0e5e46db391df67dea19c616360345ec67be1076609f7476243,0.625,0.9884464295370429,0.98111637320943235,0.9884464295370429,0.9811163732094323,unchanged,false,true,20260811
deepmath:0935eb9aa577f0e5e46db391df67dea19c616360345ec67be1076609f7476243,0.75,0.9982623442185024,0.98227416300387793,0.9982623442185024,0.9822741630038779,unchanged,false,true,20260811
deepmath:0935eb9aa577f0e5e46db391df67dea19c616360345ec67be1076609f7476243,0.875,0.9997784904209049,0.4732673267326733,0.9997784904209049,0.9975112083661838,"x_only_sample_65pct_[80,100]_even_to_[40,100]",true,true,20260811
deepmath:0935eb9aa577f0e5e46db391df67dea19c616360345ec67be1076609f7476243,1.0,1.0,0.79207920792079212,1.0,1.0,"x_only_sample_65pct_[80,100]_even_to_[40,100]",true,true,20260811
deepmath:09375906e21b81b34587151754b786d6b57a995cfafabe1a258b66005942ddd2,0.0,0.0,0,0.0,0.0,unchanged,false,true,20260811
deepmath:09375906e21b81b34587151754b786d6b57a995cfafabe1a258b66005942ddd2,0.0078125,0.01608775129819172,0.0012313259066900071,0.01608775129819172,0.001231325906690007,unchanged,false,true,20260811
deepmath:09375906e21b81b34587151754b786d6b57a995cfafabe1a258b66005942ddd2,0.015625,0.03216838903495697,0.0024879688975628848,0.03216838903495697,0.002487968897562885,unchanged,false,true,20260811
deepmath:09375906e21b81b34587151754b786d6b57a995cfafabe1a258b66005942ddd2,0.03125,0.06430858975173803,0.0051421089874623309,0.06430858975173803,0.005142108987462331,unchanged,false,true,20260811
deepmath:09375906e21b81b34587151754b786d6b57a995cfafabe1a258b66005942ddd2,0.0625,0.12849804397005338,0.011450827516450712,0.12849804397005338,0.011450827516450712,unchanged,false,true,20260811
deepmath:09375906e21b81b34587151754b786d6b57a995cfafabe1a258b66005942ddd2,0.125,0.25636783415057296,0.032016190091438954,0.25636783415057296,0.032016190091438954,unchanged,false,true,20260811
deepmath:09375906e21b81b34587151754b786d6b57a995cfafabe1a258b66005942ddd2,0.1875,0.3829546569627938,0.074287221886123633,0.3829546569627938,0.07428722188612363,unchanged,false,true,20260811
deepmath:09375906e21b81b34587151754b786d6b57a995cfafabe1a258b66005942ddd2,0.25,0.5067210523922442,0.16038711757638183,0.5067210523922442,0.16038711757638183,unchanged,false,true,20260811
deepmath:09375906e21b81b34587151754b786d6b57a995cfafabe1a258b66005942ddd2,0.375,0.7325031652024253,0.090152326765981769,0.7325031652024253,0.539263124991549,"x_only_sample_49pct_post_[40,65)_random_to_[0,40)",true,true,20260811
deepmath:09375906e21b81b34587151754b786d6b57a995cfafabe1a258b66005942ddd2,0.5,0.9020178713937236,0.83960396039603957,0.9020178713937236,0.9051081122137444,"x_only_sample_65pct_[80,100]_even_to_[40,100]",true,true,20260811
deepmath:09375906e21b81b34587151754b786d6b57a995cfafabe1a258b66005942ddd2,0.625,0.9804521991275982,0.99044532519590989,0.9804521991275982,0.9904453251959099,unchanged,false,true,20260811
deepmath:09375906e21b81b34587151754b786d6b57a995cfafabe1a258b66005942ddd2,0.75,0.9960021784783254,0.99743749990334718,0.9960021784783254,0.9974374999033472,unchanged,false,true,20260811
deepmath:09375906e21b81b34587151754b786d6b57a995cfafabe1a258b66005942ddd2,0.875,0.9990691871632527,0.7504950495049505,0.9990691871632527,0.9993799149462822,"x_only_sample_65pct_[80,100]_even_to_[40,100]",true,true,20260811
deepmath:09375906e21b81b34587151754b786d6b57a995cfafabe1a258b66005942ddd2,1.0,1.0,0.74851485148514851,1.0,1.0,"x_only_sample_65pct_[80,100]_even_to_[40,100]",true,true,20260811
deepmath:093831478d7b29d02c5656db3c0b37a62e98a5913c9e7739fdb3ba4fa33f6d5b,0.0,0.0,0,0.0,0.0,unchanged,false,true,20260811
deepmath:093831478d7b29d02c5656db3c0b37a62e98a5913c9e7739fdb3ba4fa33f6d5b,0.0078125,0.02495630489540299,0.0026028466898768057,0.02495630489540299,0.0026028466898768057,unchanged,false,true,20260811
deepmath:093831478d7b29d02c5656db3c0b37a62e98a5913c9e7739fdb3ba4fa33f6d5b,0.015625,0.049875067019354534,0.0053280182810943573,0.049875067019354534,0.005328018281094357,unchanged,false,true,20260811
deepmath:093831478d7b29d02c5656db3c0b37a62e98a5913c9e7739fdb3ba4fa33f6d5b,0.03125,0.09959766816247224,0.011211911996077698,0.09959766816247224,0.011211911996077698,unchanged,false,true,20260811
deepmath:093831478d7b29d02c5656db3c0b37a62e98a5913c9e7739fdb3ba4fa33f6d5b,0.0625,0.19854591063296653,0.025176206071993303,0.19854591063296653,0.025176206071993303,unchanged,false,true,20260811
deepmath:093831478d7b29d02c5656db3c0b37a62e98a5913c9e7739fdb3ba4fa33f6d5b,0.125,0.3939435523778113,0.065910862972576076,0.3939435523778113,0.06591086297257608,unchanged,false,true,20260811
deepmath:093831478d7b29d02c5656db3c0b37a62e98a5913c9e7739fdb3ba4fa33f6d5b,0.1875,0.5839965354171989,0.13496549350647902,0.5839965354171989,0.13496549350647902,unchanged,false,true,20260811
deepmath:093831478d7b29d02c5656db3c0b37a62e98a5913c9e7739fdb3ba4fa33f6d5b,0.25,0.7608966976221656,0.26858996654608169,0.7608966976221656,0.2685899665460817,unchanged,false,true,20260811
deepmath:093831478d7b29d02c5656db3c0b37a62e98a5913c9e7739fdb3ba4fa33f6d5b,0.375,0.9554189227133858,0.20412289502880979,0.9554189227133858,0.7586509448246455,"x_only_sample_80pct_[60,80)_random_to_[20,60)",true,true,20260811
deepmath:093831478d7b29d02c5656db3c0b37a62e98a5913c9e7739fdb3ba4fa33f6d5b,0.5,0.9868177140564449,0.8158415841584159,0.9868177140564449,0.9146569960406314,"x_only_sample_65pct_[80,100]_even_to_[40,100]",true,true,20260811
deepmath:093831478d7b29d02c5656db3c0b37a62e98a5913c9e7739fdb3ba4fa33f6d5b,0.625,0.9957454585408934,0.87128712871287117,0.9957454585408934,0.9708149166515777,"x_only_sample_65pct_[80,100]_even_to_[40,100]",true,true,20260811
deepmath:093831478d7b29d02c5656db3c0b37a62e98a5913c9e7739fdb3ba4fa33f6d5b,0.75,0.9987262077275506,0.62178217821782178,0.9987262077275506,0.9910806611817664,"x_only_sample_65pct_[80,100]_even_to_[40,100]",true,true,20260811
deepmath:093831478d7b29d02c5656db3c0b37a62e98a5913c9e7739fdb3ba4fa33f6d5b,0.875,0.9996918555409228,0.93069306930693063,0.9996918555409228,0.9978275618731961,"x_only_sample_65pct_[80,100]_even_to_[40,100]",true,true,20260811
deepmath:093831478d7b29d02c5656db3c0b37a62e98a5913c9e7739fdb3ba4fa33f6d5b,1.0,1.0,0.87524752475247525,1.0,1.0,"x_only_sample_65pct_[80,100]_even_to_[40,100]",true,true,20260811
deepmath:093b77fb5b4b1ebf082d7fc6cd7b04ca8d3b00116e8882c737397c13174491de,0.0,0.0,0,0.0,0.0,unchanged,false,true,20260811
deepmath:093b77fb5b4b1ebf082d7fc6cd7b04ca8d3b00116e8882c737397c13174491de,0.0078125,0.04268793309288046,0.011646484892477924,0.04268793309288046,0.011646484892477924,unchanged,false,true,20260811
deepmath:093b77fb5b4b1ebf082d7fc6cd7b04ca8d3b00116e8882c737397c13174491de,0.015625,0.08513045154060896,0.024111238155091988,0.08513045154060896,0.024111238155091988,unchanged,false,true,20260811
deepmath:093b77fb5b4b1ebf082d7fc6cd7b04ca8d3b00116e8882c737397c13174491de,0.03125,0.16918583056865324,0.051758394227501052,0.16918583056865324,0.05175839422750105,unchanged,false,true,20260811
deepmath:093b77fb5b4b1ebf082d7fc6cd7b04ca8d3b00116e8882c737397c13174491de,0.0625,0.33309844467834027,0.12037412704870322,0.33309844467834027,0.12037412704870322,unchanged,false,true,20260811
deepmath:093b77fb5b4b1ebf082d7fc6cd7b04ca8d3b00116e8882c737397c13174491de,0.125,0.6307448806626865,0.34663485843148228,0.6307448806626865,0.3466348584314823,unchanged,false,true,20260811
deepmath:093b77fb5b4b1ebf082d7fc6cd7b04ca8d3b00116e8882c737397c13174491de,0.1875,0.8439368976705204,0.6755165697505271,0.8439368976705204,0.6755165697505271,unchanged,false,true,20260811
deepmath:093b77fb5b4b1ebf082d7fc6cd7b04ca8d3b00116e8882c737397c13174491de,0.25,0.9517349505586458,0.71089108910891086,0.9517349505586458,0.8455599228674097,"x_only_sample_65pct_[80,100]_even_to_[40,100]",true,true,20260811
deepmath:093b77fb5b4b1ebf082d7fc6cd7b04ca8d3b00116e8882c737397c13174491de,0.375,0.9976767345901026,0.89108910891089099,0.9976767345901026,0.9856774414186704,"x_only_sample_65pct_[80,100]_even_to_[40,100]",true,true,20260811
deepmath:093b77fb5b4b1ebf082d7fc6cd7b04ca8d3b00116e8882c737397c13174491de,0.5,0.9998960262322567,0.84158415841584155,0.9998960262322567,0.9993389551784359,"x_only_sample_65pct_[80,100]_even_to_[40,100]",true,true,20260811
deepmath:093b77fb5b4b1ebf082d7fc6cd7b04ca8d3b00116e8882c737397c13174491de,0.625,0.9999922831969252,0.96831683168316829,0.9999922831969252,0.9999441900561097,"x_only_sample_65pct_[80,100]_even_to_[40,100]",true,true,20260811
deepmath:093b77fb5b4b1ebf082d7fc6cd7b04ca8d3b00116e8882c737397c13174491de,0.75,0.9999987815574092,0.23760861196195959,0.9999987815574092,0.9999867703894538,"x_only_sample_65pct_[80,100]_even_to_[40,100];x_only_sample_49pct_post_[40,65)_random_to_[0,40)",true,true,20260811
deepmath:093b77fb5b4b1ebf082d7fc6cd7b04ca8d3b00116e8882c737397c13174491de,0.875,0.9999996953893523,0.67722772277227727,0.9999996953893523,0.9999959202099216,"x_only_sample_65pct_[80,100]_even_to_[40,100]",true,true,20260811
deepmath:093b77fb5b4b1ebf082d7fc6cd7b04ca8d3b00116e8882c737397c13174491de,1.0,1.0,0.024779960136214845,1.0,1.0,"x_only_sample_65pct_[80,100]_even_to_[40,100];x_only_sample_49pct_post_[40,65)_random_to_[0,40)",true,true,20260811
deepmath:093cd20fd356d9de98a05ea6db6538417a01820a8875ac2c5c468d871c95a975,0.0,0.0,0,0.0,0.0,unchanged,false,true,20260811
deepmath:093cd20fd356d9de98a05ea6db6538417a01820a8875ac2c5c468d871c95a975,0.0078125,0.04101075898274869,0.013928547783584945,0.04101075898274869,0.013928547783584945,unchanged,false,true,20260811
deepmath:093cd20fd356d9de98a05ea6db6538417a01820a8875ac2c5c468d871c95a975,0.015625,0.0814052294739398,0.031300562100570715,0.0814052294739398,0.031300562100570715,unchanged,false,true,20260811
deepmath:093cd20fd356d9de98a05ea6db6538417a01820a8875ac2c5c468d871c95a975,0.03125,0.1597276890623636,0.0782675046546598,0.1597276890623636,0.0782675046546598,unchanged,false,true,20260811
deepmath:093cd20fd356d9de98a05ea6db6538417a01820a8875ac2c5c468d871c95a975,0.0625,0.3017271584532981,0.2219364788647466,0.3017271584532981,0.2219364788647466,unchanged,false,true,20260811
deepmath:093cd20fd356d9de98a05ea6db6538417a01820a8875ac2c5c468d871c95a975,0.125,0.510303644869157,0.53123565928979011,0.510303644869157,0.5312356592897901,unchanged,false,true,20260811
deepmath:093cd20fd356d9de98a05ea6db6538417a01820a8875ac2c5c468d871c95a975,0.1875,0.6517609203708086,0.67112990053312416,0.6517609203708086,0.6711299005331242,unchanged,false,true,20260811
deepmath:093cd20fd356d9de98a05ea6db6538417a01820a8875ac2c5c468d871c95a975,0.25,0.7634689717087139,0.46742770418482743,0.7634689717087139,0.7882060562226861,"x_only_sample_80pct_[60,80)_random_to_[20,60)",true,true,20260811
deepmath:093cd20fd356d9de98a05ea6db6538417a01820a8875ac2c5c468d871c95a975,0.375,0.8887771234966957,0.98586739330594508,0.8887771234966957,0.9858673933059451,unchanged,false,true,20260811
deepmath:093cd20fd356d9de98a05ea6db6538417a01820a8875ac2c5c468d871c95a975,0.5,0.9546240552711943,0.86732673267326732,0.9546240552711943,0.9992644181151562,"x_only_sample_65pct_[80,100]_even_to_[40,100]",true,true,20260811
deepmath:093cd20fd356d9de98a05ea6db6538417a01820a8875ac2c5c468d871c95a975,0.625,0.9878931954063519,0.99980879513632759,0.9878931954063519,0.9998087951363276,unchanged,false,true,20260811
deepmath:093cd20fd356d9de98a05ea6db6538417a01820a8875ac2c5c468d871c95a975,0.75,0.9975932528538038,0.99009900990099009,0.9975932528538038,0.9999889737331109,"x_only_sample_65pct_[80,100]_even_to_[40,100]",true,true,20260811
deepmath:093cd20fd356d9de98a05ea6db6538417a01820a8875ac2c5c468d871c95a975,0.875,0.9996157700103546,0.98811881188118811,0.9996157700103546,0.9999994749396719,"x_only_sample_65pct_[80,100]_even_to_[40,100]",true,true,20260811
deepmath:093cd20fd356d9de98a05ea6db6538417a01820a8875ac2c5c468d871c95a975,1.0,1.0,0.88910891089108901,1.0,1.0,"x_only_sample_65pct_[80,100]_even_to_[40,100]",true,true,20260811
deepmath:093f11feee401a76708fb4ef0780f17b25e3f940000e706a5de06d4b91364e01,0.0,0.0,0,0.0,0.0,unchanged,false,true,20260811
deepmath:093f11feee401a76708fb4ef0780f17b25e3f940000e706a5de06d4b91364e01,0.0078125,0.06668602753255723,0.017235819462018055,0.06668602753255723,0.017235819462018055,unchanged,false,true,20260811
deepmath:093f11feee401a76708fb4ef0780f17b25e3f940000e706a5de06d4b91364e01,0.015625,0.13225258109486135,0.036748815247608854,0.13225258109486135,0.036748815247608854,unchanged,false,true,20260811
deepmath:093f11feee401a76708fb4ef0780f17b25e3f940000e706a5de06d4b91364e01,0.03125,0.25935813017970893,0.083492920925617192,0.25935813017970893,0.08349292092561719,unchanged,false,true,20260811
deepmath:093f11feee401a76708fb4ef0780f17b25e3f940000e706a5de06d4b91364e01,0.0625,0.49197344192992387,0.21227172225067945,0.49197344192992387,0.21227172225067945,unchanged,false,true,20260811
deepmath:093f11feee401a76708fb4ef0780f17b25e3f940000e706a5de06d4b91364e01,0.125,0.8235754276342239,0.079260677578676067,0.8235754276342239,0.5860980820028345,"x_only_sample_49pct_post_[40,65)_random_to_[0,40)",true,true,20260811
deepmath:093f11feee401a76708fb4ef0780f17b25e3f940000e706a5de06d4b91364e01,0.1875,0.9540453299087154,0.8691274642002409,0.9540453299087154,0.8691274642002409,unchanged,false,true,20260811
deepmath:093f11feee401a76708fb4ef0780f17b25e3f940000e706a5de06d4b91364e01,0.25,0.9849075313621863,0.95571907792548183,0.9849075313621863,0.9557190779254818,unchanged,false,true,20260811
deepmath:093f11feee401a76708fb4ef0780f17b25e3f940000e706a5de06d4b91364e01,0.375,0.9939944702906635,0.4891089108910891,0.9939944702906635,0.982422403532268,"x_only_sample_65pct_[80,100]_even_to_[40,100]",true,true,20260811
deepmath:093f11feee401a76708fb4ef0780f17b25e3f940000e706a5de06d4b91364e01,0.5,0.9961317077821455,0.10128910998970229,0.9961317077821455,0.9886274738280163,"x_only_sample_65pct_[80,100]_even_to_[40,100];x_only_sample_49pct_post_[40,65)_random_to_[0,40)",true,true,20260811
deepmath:093f11feee401a76708fb4ef0780f17b25e3f940000e706a5de06d4b91364e01,0.625,0.9975558737454796,0.73663366336633662,0.9975558737454796,0.9927858893675012,"x_only_sample_65pct_[80,100]_even_to_[40,100]",true,true,20260811
deepmath:093f11feee401a76708fb4ef0780f17b25e3f940000e706a5de06d4b91364e01,0.75,0.9986140578339234,0.50297029702970297,0.9986140578339234,0.9958975575014244,"x_only_sample_65pct_[80,100]_even_to_[40,100]",true,true,20260811
deepmath:093f11feee401a76708fb4ef0780f17b25e3f940000e706a5de06d4b91364e01,0.875,0.9994066524345264,0.66138613861386142,0.9994066524345264,0.9982391479200272,"x_only_sample_65pct_[80,100]_even_to_[40,100]",true,true,20260811
deepmath:093f11feee401a76708fb4ef0780f17b25e3f940000e706a5de06d4b91364e01,1.0,1.0,0.32145945252312669,1.0,1.0,"x_only_sample_65pct_[80,100]_even_to_[40,100];x_only_sample_49pct_post_[40,65)_random_to_[0,40)",true,true,20260811
deepmath:093fa3bbed6b7e5b479af98a6ae4ca7c1815bb74ee34fe8686c60f5b64a348f2,0.0,0.0,0,0.0,0.0,unchanged,false,true,20260811
deepmath:093fa3bbed6b7e5b479af98a6ae4ca7c1815bb74ee34fe8686c60f5b64a348f2,0.0078125,0.021267703493445467,0.042672642307548622,0.021267703493445467,0.04267264230754862,unchanged,false,true,20260811
deepmath:093fa3bbed6b7e5b479af98a6ae4ca7c1815bb74ee34fe8686c60f5b64a348f2,0.015625,0.04171718535446502,0.085154972959892369,0.04171718535446502,0.08515497295989237,unchanged,false,true,20260811
deepmath:093fa3bbed6b7e5b479af98a6ae4ca7c1815bb74ee34fe8686c60f5b64a348f2,0.03125,0.0801234181696045,0.17290875461342534,0.0801234181696045,0.17290875461342534,unchanged,false,true,20260811
deepmath:093fa3bbed6b7e5b479af98a6ae4ca7c1815bb74ee34fe8686c60f5b64a348f2,0.0625,0.14725065281889338,0.34759280556061045,0.14725065281889338,0.34759280556061045,unchanged,false,true,20260811
deepmath:093fa3bbed6b7e5b479af98a6ae4ca7c1815bb74ee34fe8686c60f5b64a348f2,0.125,0.25120484189105086,0.03873758259743941,0.25120484189105086,0.5970327739508736,"x_only_sample_49pct_post_[40,65)_random_to_[0,40)",true,true,20260811
deepmath:093fa3bbed6b7e5b479af98a6ae4ca7c1815bb74ee34fe8686c60f5b64a348f2,0.1875,0.3336710978224003,0.34508070274360203,0.3336710978224003,0.7069433945911702,"x_only_sample_80pct_[60,80)_random_to_[20,60)",true,true,20260811
deepmath:093fa3bbed6b7e5b479af98a6ae4ca7c1815bb74ee34fe8686c60f5b64a348f2,0.25,0.40832697253385936,0.068376665935578645,0.40832697253385936,0.7483256121022543,"x_only_sample_80pct_[60,80)_random_to_[20,60);x_only_sample_49pct_post_[40,65)_random_to_[0,40)",true,true,20260811
deepmath:093fa3bbed6b7e5b479af98a6ae4ca7c1815bb74ee34fe8686c60f5b64a348f2,0.375,0.5508320189144602,0.24364877796576345,0.5508320189144602,0.7698743619575389,"x_only_sample_80pct_[60,80)_random_to_[20,60)",true,true,20260811
deepmath:093fa3bbed6b7e5b479af98a6ae4ca7c1815bb74ee34fe8686c60f5b64a348f2,0.5,0.6889161395270726,0.24806708812681524,0.6889161395270726,0.7732140668487811,"x_only_sample_80pct_[60,80)_random_to_[20,60)",true,true,20260811
deepmath:093fa3bbed6b7e5b479af98a6ae4ca7c1815bb74ee34fe8686c60f5b64a348f2,0.625,0.8173683742586841,0.53760544030486956,0.8173683742586841,0.7737566229960663,"x_only_sample_80pct_[60,80)_random_to_[20,60)",true,true,20260811
deepmath:093fa3bbed6b7e5b479af98a6ae4ca7c1815bb74ee34fe8686c60f5b64a348f2,0.75,0.9195450519126853,0.77384084053836111,0.9195450519126853,0.7738408405383611,unchanged,false,true,20260811
deepmath:093fa3bbed6b7e5b479af98a6ae4ca7c1815bb74ee34fe8686c60f5b64a348f2,0.875,0.9777664209060105,0.80858749813584319,0.9777664209060105,0.8085874981358432,unchanged,false,true,20260811
deepmath:093fa3bbed6b7e5b479af98a6ae4ca7c1815bb74ee34fe8686c60f5b64a348f2,1.0,1.0,0.6633663366336634,1.0,1.0,"x_only_sample_65pct_[80,100]_even_to_[40,100]",true,true,20260811
deepmath:0942715261915eadd83e0f8f085a979f753973a953d1a7601416b218044fe331,0.0,0.0,0,0.0,0.0,unchanged,false,true,20260811
deepmath:0942715261915eadd83e0f8f085a979f753973a953d1a7601416b218044fe331,0.0078125,0.04381245100339922,0.0077305052976426956,0.04381245100339922,0.007730505297642696,unchanged,false,true,20260811
deepmath:0942715261915eadd83e0f8f085a979f753973a953d1a7601416b218044fe331,0.015625,0.08739202770595719,0.016167260962206883,0.08739202770595719,0.016167260962206883,unchanged,false,true,20260811
deepmath:0942715261915eadd83e0f8f085a979f753973a953d1a7601416b218044fe331,0.03125,0.17372478157317098,0.03572193739173303,0.17372478157317098,0.03572193739173303,unchanged,false,true,20260811
deepmath:0942715261915eadd83e0f8f085a979f753973a953d1a7601416b218044fe331,0.0625,0.34184039011147127,0.090077080655979233,0.34184039011147127,0.09007708065597923,unchanged,false,true,20260811
deepmath:0942715261915eadd83e0f8f085a979f753973a953d1a7601416b218044fe331,0.125,0.6436396759728344,0.29326225578107434,0.6436396759728344,0.29326225578107434,unchanged,false,true,20260811
deepmath:0942715261915eadd83e0f8f085a979f753973a953d1a7601416b218044fe331,0.1875,0.8577787967949084,0.041216702675943788,0.8577787967949084,0.5995999449919337,"x_only_sample_49pct_post_[40,65)_random_to_[0,40)",true,true,20260811
deepmath:0942715261915eadd83e0f8f085a979f753973a953d1a7601416b218044fe331,0.25,0.9583616878076612,0.85902661055414997,0.9583616878076612,0.85902661055415,unchanged,false,true,20260811
deepmath:0942715261915eadd83e0f8f085a979f753973a953d1a7601416b218044fe331,0.375,0.9953119526883499,0.45544554455445546,0.9953119526883499,0.9905070272000412,"x_only_sample_65pct_[80,100]_even_to_[40,100]",true,true,20260811
deepmath:0942715261915eadd83e0f8f085a979f753973a953d1a7601416b218044fe331,0.5,0.9981461324957972,0.7722772277227723,0.9981461324957972,0.9993619989159229,"x_only_sample_65pct_[80,100]_even_to_[40,100]",true,true,20260811
deepmath:0942715261915eadd83e0f8f085a979f753973a953d1a7601416b218044fe331,0.625,0.9989307695403179,0.3149918618168665,0.9989307695403179,0.9999440871958272,"x_only_sample_65pct_[80,100]_even_to_[40,100];x_only_sample_49pct_post_[40,65)_random_to_[0,40)",true,true,20260811
deepmath:0942715261915eadd83e0f8f085a979f753973a953d1a7601416b218044fe331,0.75,0.9994144953742506,0.99999163620045461,0.9994144953742506,0.9999916362004546,unchanged,false,true,20260811
deepmath:0942715261915eadd83e0f8f085a979f753973a953d1a7601416b218044fe331,0.875,0.999755509641397,0.76039603960396041,0.999755509641397,0.9999981302082748,"x_only_sample_65pct_[80,100]_even_to_[40,100]",true,true,20260811
deepmath:0942715261915eadd83e0f8f085a979f753973a953d1a7601416b218044fe331,1.0,1.0,0.87326732673267338,1.0,1.0,"x_only_sample_65pct_[80,100]_even_to_[40,100]",true,true,20260811
deepmath:094289d5d1302d7e422d4b3edb04610752eb757148631656fb1ed9dfe4525c0b,0.0,0.0,0,0.0,0.0,unchanged,false,true,20260811
deepmath:094289d5d1302d7e422d4b3edb04610752eb757148631656fb1ed9dfe4525c0b,0.0078125,0.02364933593466777,0.036764779029940832,0.02364933593466777,0.03676477902994083,unchanged,false,true,20260811
deepmath:094289d5d1302d7e422d4b3edb04610752eb757148631656fb1ed9dfe4525c0b,0.015625,0.04673803944780673,0.071912729663109382,0.04673803944780673,0.07191272966310938,unchanged,false,true,20260811
deepmath:094289d5d1302d7e422d4b3edb04610752eb757148631656fb1ed9dfe4525c0b,0.03125,0.0913137975812256,0.13965831955568336,0.0913137975812256,0.13965831955568336,unchanged,false,true,20260811
deepmath:094289d5d1302d7e422d4b3edb04610752eb757148631656fb1ed9dfe4525c0b,0.0625,0.17403287387620855,0.27780837271697084,0.17403287387620855,0.27780837271697084,unchanged,false,true,20260811
deepmath:094289d5d1302d7e422d4b3edb04610752eb757148631656fb1ed9dfe4525c0b,0.125,0.3082878969667222,0.58716505979671374,0.3082878969667222,0.5871650597967137,unchanged,false,true,20260811
deepmath:094289d5d1302d7e422d4b3edb04610752eb757148631656fb1ed9dfe4525c0b,0.1875,0.3966454772751797,0.80433253735718824,0.3966454772751797,0.8043325373571882,unchanged,false,true,20260811
deepmath:094289d5d1302d7e422d4b3edb04610752eb757148631656fb1ed9dfe4525c0b,0.25,0.456811543134958,0.92444845630993489,0.456811543134958,0.9244484563099349,unchanged,false,true,20260811
deepmath:094289d5d1302d7e422d4b3edb04610752eb757148631656fb1ed9dfe4525c0b,0.375,0.553571771559233,0.91881188118811885,0.553571771559233,0.9908029319128352,"x_only_sample_65pct_[80,100]_even_to_[40,100]",true,true,20260811
deepmath:094289d5d1302d7e422d4b3edb04610752eb757148631656fb1ed9dfe4525c0b,0.5,0.6448442382121629,0.99876867939424829,0.6448442382121629,0.9987686793942483,unchanged,false,true,20260811
deepmath:094289d5d1302d7e422d4b3edb04610752eb757148631656fb1ed9dfe4525c0b,0.625,0.7353865251318693,0.80198019801980203,0.7353865251318693,0.999829558145227,"x_only_sample_65pct_[80,100]_even_to_[40,100]",true,true,20260811
deepmath:094289d5d1302d7e422d4b3edb04610752eb757148631656fb1ed9dfe4525c0b,0.75,0.8254827195992167,0.99997656557849035,0.8254827195992167,0.9999765655784904,unchanged,false,true,20260811
deepmath:094289d5d1302d7e422d4b3edb04610752eb757148631656fb1ed9dfe4525c0b,0.875,0.914433916622344,0.65544554455445536,0.914433916622344,0.9999970840325283,"x_only_sample_65pct_[80,100]_even_to_[40,100]",true,true,20260811
deepmath:094289d5d1302d7e422d4b3edb04610752eb757148631656fb1ed9dfe4525c0b,1.0,1.0,0.11714630718584407,1.0,1.0,"x_only_sample_65pct_[80,100]_even_to_[40,100];x_only_sample_49pct_post_[40,65)_random_to_[0,40)",true,true,20260811
deepmath:09460cf0f8cfe413e26ec6883c354e53622a0e9c39875bf1286bf7265a85b8db,0.0,0.0,0,0.0,0.0,unchanged,false,true,20260811
deepmath:09460cf0f8cfe413e26ec6883c354e53622a0e9c39875bf1286bf7265a85b8db,0.0078125,0.035419455558871576,0.043946378721842552,0.035419455558871576,0.04394637872184255,unchanged,false,true,20260811
deepmath:09460cf0f8cfe413e26ec6883c354e53622a0e9c39875bf1286bf7265a85b8db,0.015625,0.06893438007662722,0.085988300017429659,0.06893438007662722,0.08598830001742966,unchanged,false,true,20260811
deepmath:09460cf0f8cfe413e26ec6883c354e53622a0e9c39875bf1286bf7265a85b8db,0.03125,0.1307944468265482,0.1600202493291828,0.1307944468265482,0.1600202493291828,unchanged,false,true,20260811
deepmath:09460cf0f8cfe413e26ec6883c354e53622a0e9c39875bf1286bf7265a85b8db,0.0625,0.23924533636333642,0.26225778377514514,0.23924533636333642,0.26225778377514514,unchanged,false,true,20260811
deepmath:09460cf0f8cfe413e26ec6883c354e53622a0e9c39875bf1286bf7265a85b8db,0.125,0.4254939244834434,0.38763908635907796,0.4254939244834434,0.38763908635907796,unchanged,false,true,20260811
deepmath:09460cf0f8cfe413e26ec6883c354e53622a0e9c39875bf1286bf7265a85b8db,0.1875,0.587710253570214,0.23324305979337831,0.587710253570214,0.5114036720718524,"x_only_sample_49pct_post_[40,65)_random_to_[0,40)",true,true,20260811
deepmath:09460cf0f8cfe413e26ec6883c354e53622a0e9c39875bf1286bf7265a85b8db,0.25,0.7200160814631761,0.48124588144656671,0.7200160814631761,0.6735501648547546,"x_only_sample_80pct_[60,80)_random_to_[20,60)",true,true,20260811
deepmath:09460cf0f8cfe413e26ec6883c354e53622a0e9c39875bf1286bf7265a85b8db,0.375,0.8663642258866301,0.049119258591238731,0.8663642258866301,0.9091534433853757,"x_only_sample_65pct_[80,100]_even_to_[40,100];x_only_sample_49pct_post_[40,65)_random_to_[0,40)",true,true,20260811
deepmath:09460cf0f8cfe413e26ec6883c354e53622a0e9c39875bf1286bf7265a85b8db,0.5,0.9325516577097096,0.48316831683168321,0.9325516577097096,0.9398329507922559,"x_only_sample_65pct_[80,100]_even_to_[40,100]",true,true,20260811
deepmath:09460cf0f8cfe413e26ec6883c354e53622a0e9c39875bf1286bf7265a85b8db,0.625,0.9693184212815094,0.83564356435643572,0.9693184212815094,0.9571857113689618,"x_only_sample_65pct_[80,100]_even_to_[40,100]",true,true,20260811
deepmath:09460cf0f8cfe413e26ec6883c354e53622a0e9c39875bf1286bf7265a85b8db,0.75,0.987926066411078,0.93861386138613856,0.987926066411078,0.9854330661828262,"x_only_sample_65pct_[80,100]_even_to_[40,100]",true,true,20260811
deepmath:09460cf0f8cfe413e26ec6883c354e53622a0e9c39875bf1286bf7265a85b8db,0.875,0.9963952475425452,0.99647959579956158,0.9963952475425452,0.9964795957995616,unchanged,false,true,20260811
deepmath:09460cf0f8cfe413e26ec6883c354e53622a0e9c39875bf1286bf7265a85b8db,1.0,1.0,0.91089108910891081,1.0,1.0,"x_only_sample_65pct_[80,100]_even_to_[40,100]",true,true,20260811
deepmath:0949a531adec861d20d01dab0798955529ea39292090254917c05075891a980f,0.0,0.0,0,0.0,0.0,unchanged,false,true,20260811
deepmath:0949a531adec861d20d01dab0798955529ea39292090254917c05075891a980f,0.0078125,0.028900252678114184,0.037708606288936089,0.028900252678114184,0.03770860628893609,unchanged,false,true,20260811
deepmath:0949a531adec861d20d01dab0798955529ea39292090254917c05075891a980f,0.015625,0.05695243309272234,0.074972240914880556,0.05695243309272234,0.07497224091488056,unchanged,false,true,20260811
deepmath:0949a531adec861d20d01dab0798955529ea39292090254917c05075891a980f,0.03125,0.11054646532415256,0.14685374610622881,0.11054646532415256,0.1468537461062288,unchanged,false,true,20260811
deepmath:0949a531adec861d20d01dab0798955529ea39292090254917c05075891a980f,0.0625,0.20841474186117365,0.27102763189812717,0.20841474186117365,0.2710276318981272,unchanged,false,true,20260811
deepmath:0949a531adec861d20d01dab0798955529ea39292090254917c05075891a980f,0.125,0.37811894622640657,0.34086574602045011,0.37811894622640657,0.40611623997356355,"x_only_sample_49pct_post_[40,65)_random_to_[0,40)",true,true,20260811
deepmath:0949a531adec861d20d01dab0798955529ea39292090254917c05075891a980f,0.1875,0.5335599080936021,0.25159667903517441,0.5335599080936021,0.4442498479671011,"x_only_sample_49pct_post_[40,65)_random_to_[0,40)",true,true,20260811
deepmath:0949a531adec861d20d01dab0798955529ea39292090254917c05075891a980f,0.25,0.6819401262138557,0.39525761110463448,0.6819401262138557,0.47898145172633716,"x_only_sample_49pct_post_[40,65)_random_to_[0,40)",true,true,20260811
deepmath:0949a531adec861d20d01dab0798955529ea39292090254917c05075891a980f,0.375,0.8653010843036165,0.25809686416855515,0.8653010843036165,0.7986616262463252,"x_only_sample_80pct_[60,80)_random_to_[20,60)",true,true,20260811
deepmath:0949a531adec861d20d01dab0798955529ea39292090254917c05075891a980f,0.5,0.9131227602384052,0.43762376237623762,0.9131227602384052,0.8564568612661773,"x_only_sample_65pct_[80,100]_even_to_[40,100]",true,true,20260811
deepmath:0949a531adec861d20d01dab0798955529ea39292090254917c05075891a980f,0.625,0.951572558162707,0.85705469050417726,0.951572558162707,0.8570546905041773,unchanged,false,true,20260811
deepmath:0949a531adec861d20d01dab0798955529ea39292090254917c05075891a980f,0.75,0.9818032260113739,0.13597327660644939,0.9818032260113739,0.8930960749122446,"x_only_sample_65pct_[80,100]_even_to_[40,100];x_only_sample_49pct_post_[40,65)_random_to_[0,40)",true,true,20260811
deepmath:0949a531adec861d20d01dab0798955529ea39292090254917c05075891a980f,0.875,0.9962209171284198,0.97029702970297027,0.9962209171284198,0.9702888781077046,"x_only_sample_65pct_[80,100]_even_to_[40,100]",true,true,20260811
deepmath:0949a531adec861d20d01dab0798955529ea39292090254917c05075891a980f,1.0,1.0,1,1.0,1.0,unchanged,false,true,20260811
deepmath:094a10d065f848e0300489b0515b0182a12714a01064f344e1b3265991e0d959,0.0,0.0,0,0.0,0.0,unchanged,false,true,20260811
deepmath:094a10d065f848e0300489b0515b0182a12714a01064f344e1b3265991e0d959,0.0078125,0.025042592103027082,0.013806831468604867,0.025042592103027082,0.013806831468604867,unchanged,false,true,20260811
deepmath:094a10d065f848e0300489b0515b0182a12714a01064f344e1b3265991e0d959,0.015625,0.04970291069365748,0.030600681048367089,0.04970291069365748,0.03060068104836709,unchanged,false,true,20260811
deepmath:094a10d065f848e0300489b0515b0182a12714a01064f344e1b3265991e0d959,0.03125,0.09753791922560681,0.073400819857812383,0.09753791922560681,0.07340081985781238,unchanged,false,true,20260811
deepmath:094a10d065f848e0300489b0515b0182a12714a01064f344e1b3265991e0d959,0.0625,0.18541330305579107,0.17999592981122001,0.18541330305579107,0.17999592981122,unchanged,false,true,20260811
deepmath:094a10d065f848e0300489b0515b0182a12714a01064f344e1b3265991e0d959,0.125,0.3353620308811089,0.29634593975152429,0.3353620308811089,0.2963459397515243,unchanged,false,true,20260811
deepmath:094a10d065f848e0300489b0515b0182a12714a01064f344e1b3265991e0d959,0.1875,0.47355754796448535,0.33221231235681586,0.47355754796448535,0.33221231235681586,unchanged,false,true,20260811
deepmath:094a10d065f848e0300489b0515b0182a12714a01064f344e1b3265991e0d959,0.25,0.6017265719671341,0.33509202999461729,0.6017265719671341,0.43937791023448663,"x_only_sample_49pct_post_[40,65)_random_to_[0,40)",true,true,20260811
deepmath:094a10d065f848e0300489b0515b0182a12714a01064f344e1b3265991e0d959,0.375,0.7907085127350674,0.082481035972751235,0.7907085127350674,0.677213057192011,"x_only_sample_80pct_[60,80)_random_to_[20,60);x_only_sample_49pct_post_[40,65)_random_to_[0,40)",true,true,20260811
deepmath:094a10d065f848e0300489b0515b0182a12714a01064f344e1b3265991e0d959,0.5,0.9337466234963545,0.85901114161231407,0.9337466234963545,0.8590111416123141,unchanged,false,true,20260811
deepmath:094a10d065f848e0300489b0515b0182a12714a01064f344e1b3265991e0d959,0.625,0.9903259478345123,0.36041225513371777,0.9903259478345123,0.9966723910056914,"x_only_sample_65pct_[80,100]_even_to_[40,100];x_only_sample_49pct_post_[40,65)_random_to_[0,40)",true,true,20260811
deepmath:094a10d065f848e0300489b0515b0182a12714a01064f344e1b3265991e0d959,0.75,0.9982011290805485,0.40990099009900993,0.9982011290805485,0.9999328328084831,"x_only_sample_65pct_[80,100]_even_to_[40,100]",true,true,20260811
deepmath:094a10d065f848e0300489b0515b0182a12714a01064f344e1b3265991e0d959,0.875,0.9995331545435722,0.86534653465346545,0.9995331545435722,0.9999993398801816,"x_only_sample_65pct_[80,100]_even_to_[40,100]",true,true,20260811
deepmath:094a10d065f848e0300489b0515b0182a12714a01064f344e1b3265991e0d959,1.0,1.0,0.71881188118811878,1.0,1.0,"x_only_sample_65pct_[80,100]_even_to_[40,100]",true,true,20260811
deepmath:094aa3ac5eff19f42e348f43b741e67f4bed80943b71e53618dacff62330f531,0.0,0.0,0,0.0,0.0,unchanged,false,true,20260811
deepmath:094aa3ac5eff19f42e348f43b741e67f4bed80943b71e53618dacff62330f531,0.0078125,0.10956829227864477,0.058710026395346983,0.10956829227864477,0.05871002639534698,unchanged,false,true,20260811
deepmath:094aa3ac5eff19f42e348f43b741e67f4bed80943b71e53618dacff62330f531,0.015625,0.21219485242984443,0.12176436393328441,0.21219485242984443,0.12176436393328441,unchanged,false,true,20260811
deepmath:094aa3ac5eff19f42e348f43b741e67f4bed80943b71e53618dacff62330f531,0.03125,0.3949166363416396,0.25683619212603204,0.3949166363416396,0.25683619212603204,unchanged,false,true,20260811
deepmath:094aa3ac5eff19f42e348f43b741e67f4bed80943b71e53618dacff62330f531,0.0625,0.6663805635310907,0.52516494092489852,0.6663805635310907,0.5251649409248985,unchanged,false,true,20260811
deepmath:094aa3ac5eff19f42e348f43b741e67f4bed80943b71e53618dacff62330f531,0.125,0.9113045350363617,0.59207920792079205,0.9113045350363617,0.8536193692449492,"x_only_sample_65pct_[80,100]_even_to_[40,100]",true,true,20260811
deepmath:094aa3ac5eff19f42e348f43b741e67f4bed80943b71e53618dacff62330f531,0.1875,0.9740335207451766,0.72277227722772275,0.9740335207451766,0.9531492364173342,"x_only_sample_65pct_[80,100]_even_to_[40,100]",true,true,20260811
deepmath:094aa3ac5eff19f42e348f43b741e67f4bed80943b71e53618dacff62330f531,0.25,0.9900794293433219,0.98151684045677157,0.9900794293433219,0.9815168404567716,unchanged,false,true,20260811
deepmath:094aa3ac5eff19f42e348f43b741e67f4bed80943b71e53618dacff62330f531,0.375,0.9975146179332367,0.45742574257425744,0.9975146179332367,0.9949029962977279,"x_only_sample_65pct_[80,100]_even_to_[40,100]",true,true,20260811
deepmath:094aa3ac5eff19f42e348f43b741e67f4bed80943b71e53618dacff62330f531,0.5,0.9993369774172223,0.57029702970297036,0.9993369774172223,0.9982524604953432,"x_only_sample_65pct_[80,100]_even_to_[40,100]",true,true,20260811
deepmath:094aa3ac5eff19f42e348f43b741e67f4bed80943b71e53618dacff62330f531,0.625,0.9999256957450336,0.46534653465346537,0.9999256957450336,0.9993953251255755,"x_only_sample_65pct_[80,100]_even_to_[40,100]",true,true,20260811
deepmath:094aa3ac5eff19f42e348f43b741e67f4bed80943b71e53618dacff62330f531,0.75,1.0000895461534214,0.9128712871287129,1.0000895461534214,0.9998020544440867,"x_only_sample_65pct_[80,100]_even_to_[40,100]",true,true,20260811
deepmath:094aa3ac5eff19f42e348f43b741e67f4bed80943b71e53618dacff62330f531,0.875,1.0000857356788075,0.80000000000000004,1.0000857356788075,0.999947723177211,"x_only_sample_65pct_[80,100]_even_to_[40,100]",true,true,20260811
deepmath:094aa3ac5eff19f42e348f43b741e67f4bed80943b71e53618dacff62330f531,1.0,1.0,0.87920792079207921,1.0,1.0,"x_only_sample_65pct_[80,100]_even_to_[40,100]",true,true,20260811
deepmath:094e97335ce9b02d8ccac906cb761a6fae00d19d88ddc8078304da62ae43ac8a,0.0,0.0,0,0.0,0.0,unchanged,false,true,20260811
deepmath:094e97335ce9b02d8ccac906cb761a6fae00d19d88ddc8078304da62ae43ac8a,0.0078125,0.06504001179773355,0.011544046893319969,0.06504001179773355,0.011544046893319969,unchanged,false,true,20260811
deepmath:094e97335ce9b02d8ccac906cb761a6fae00d19d88ddc8078304da62ae43ac8a,0.015625,0.12927932558856792,0.024930666641204531,0.12927932558856792,0.02493066664120453,unchanged,false,true,20260811
deepmath:094e97335ce9b02d8ccac906cb761a6fae00d19d88ddc8078304da62ae43ac8a,0.03125,0.25466297332919025,0.058793645551196795,0.25466297332919025,0.058793645551196795,unchanged,false,true,20260811
deepmath:094e97335ce9b02d8ccac906cb761a6fae00d19d88ddc8078304da62ae43ac8a,0.0625,0.4867373683584324,0.17200642468071983,0.4867373683584324,0.17200642468071983,unchanged,false,true,20260811
deepmath:094e97335ce9b02d8ccac906cb761a6fae00d19d88ddc8078304da62ae43ac8a,0.125,0.8206062972328079,0.11582964195357073,0.8206062972328079,0.557464820626172,"x_only_sample_49pct_post_[40,65)_random_to_[0,40)",true,true,20260811
deepmath:094e97335ce9b02d8ccac906cb761a6fae00d19d88ddc8078304da62ae43ac8a,0.1875,0.9575502991980699,0.59999999999999998,0.9575502991980699,0.8673742015965582,"x_only_sample_65pct_[80,100]_even_to_[40,100]",true,true,20260811
deepmath:094e97335ce9b02d8ccac906cb761a6fae00d19d88ddc8078304da62ae43ac8a,0.25,0.9916557218045141,0.97198836821652834,0.9916557218045141,0.9719883682165283,unchanged,false,true,20260811
deepmath:094e97335ce9b02d8ccac906cb761a6fae00d19d88ddc8078304da62ae43ac8a,0.375,0.9995645157750406,0.99851239731259633,0.9995645157750406,0.9985123973125963,unchanged,false,true,20260811
deepmath:094e97335ce9b02d8ccac906cb761a6fae00d19d88ddc8078304da62ae43ac8a,0.5,0.9999125951201895,0.99970156677238942,0.9999125951201895,0.9997015667723894,unchanged,false,true,20260811
deepmath:094e97335ce9b02d8ccac906cb761a6fae00d19d88ddc8078304da62ae43ac8a,0.625,0.9999665012134648,0.401980198019802,0.9999665012134648,0.999884495363966,"x_only_sample_65pct_[80,100]_even_to_[40,100]",true,true,20260811
deepmath:094e97335ce9b02d8ccac906cb761a6fae00d19d88ddc8078304da62ae43ac8a,0.75,0.9999865234766812,0.99995473550301694,0.9999865234766812,0.999954735503017,unchanged,false,true,20260811
deepmath:094e97335ce9b02d8ccac906cb761a6fae00d19d88ddc8078304da62ae43ac8a,0.875,0.9999957645212426,0.99998589852637143,0.9999957645212426,0.9999858985263714,unchanged,false,true,20260811
deepmath:094e97335ce9b02d8ccac906cb761a6fae00d19d88ddc8078304da62ae43ac8a,1.0,1.0,0.14363629365056316,1.0,1.0,"x_only_sample_65pct_[80,100]_even_to_[40,100];x_only_sample_49pct_post_[40,65)_random_to_[0,40)",true,true,20260811
deepmath:09522b178f5f045b6696e020da53cff554470183f1533abe512802d481a232b3,0.0,0.0,0,0.0,0.0,unchanged,false,true,20260811
deepmath:09522b178f5f045b6696e020da53cff554470183f1533abe512802d481a232b3,0.0078125,0.06590672035882797,0.036551099410275817,0.06590672035882797,0.03655109941027582,unchanged,false,true,20260811
deepmath:09522b178f5f045b6696e020da53cff554470183f1533abe512802d481a232b3,0.015625,0.12955585256389415,0.0719787981397986,0.12955585256389415,0.0719787981397986,unchanged,false,true,20260811
deepmath:09522b178f5f045b6696e020da53cff554470183f1533abe512802d481a232b3,0.03125,0.25034740729318194,0.13907262610625848,0.25034740729318194,0.13907262610625848,unchanged,false,true,20260811
deepmath:09522b178f5f045b6696e020da53cff554470183f1533abe512802d481a232b3,0.0625,0.4673777169576815,0.26358875085410222,0.4673777169576815,0.2635887508541022,unchanged,false,true,20260811
deepmath:09522b178f5f045b6696e020da53cff554470183f1533abe512802d481a232b3,0.125,0.794411238965214,0.55871361434709599,0.794411238965214,0.558713614347096,unchanged,false,true,20260811
deepmath:09522b178f5f045b6696e020da53cff554470183f1533abe512802d481a232b3,0.1875,0.9476522306098412,0.12145890597200633,0.9476522306098412,0.852128714717481,"x_only_sample_65pct_[80,100]_even_to_[40,100];x_only_sample_49pct_post_[40,65)_random_to_[0,40)",true,true,20260811
deepmath:09522b178f5f045b6696e020da53cff554470183f1533abe512802d481a232b3,0.25,0.9885313090103985,0.96494215304455933,0.9885313090103985,0.9649421530445593,unchanged,false,true,20260811
deepmath:09522b178f5f045b6696e020da53cff554470183f1533abe512802d481a232b3,0.375,0.998457657769441,0.99521865161440037,0.998457657769441,0.9952186516144004,unchanged,false,true,20260811
deepmath:09522b178f5f045b6696e020da53cff554470183f1533abe512802d481a232b3,0.5,0.9991573937727075,0.52079207920792081,0.9991573937727075,0.9973884670552459,"x_only_sample_65pct_[80,100]_even_to_[40,100]",true,true,20260811
deepmath:09522b178f5f045b6696e020da53cff554470183f1533abe512802d481a232b3,0.625,0.9994661008329722,0.85742574257425741,0.9994661008329722,0.9983425153851495,"x_only_sample_65pct_[80,100]_even_to_[40,100]",true,true,20260811
deepmath:09522b178f5f045b6696e020da53cff554470183f1533abe512802d481a232b3,0.75,0.9996930825458819,0.30580306496353366,0.9996930825458819,0.9990468506487349,"x_only_sample_65pct_[80,100]_even_to_[40,100];x_only_sample_49pct_post_[40,65)_random_to_[0,40)",true,true,20260811
deepmath:09522b178f5f045b6696e020da53cff554470183f1533abe512802d481a232b3,0.875,0.9998663760743975,0.99958557084766564,0.9998663760743975,0.9995855708476656,unchanged,false,true,20260811
deepmath:09522b178f5f045b6696e020da53cff554470183f1533abe512802d481a232b3,1.0,1.0,1,1.0,1.0,unchanged,false,true,20260811
deepmath:09556ec1a39934e52a343b39b894f17b5330775dee0bafad753c7c8acb76ce91,0.0,0.0,0,0.0,0.0,unchanged,false,true,20260811
deepmath:09556ec1a39934e52a343b39b894f17b5330775dee0bafad753c7c8acb76ce91,0.0078125,0.043025213066539794,0.0096789465816101965,0.043025213066539794,0.009678946581610197,unchanged,false,true,20260811
deepmath:09556ec1a39934e52a343b39b894f17b5330775dee0bafad753c7c8acb76ce91,0.015625,0.08575411939474444,0.01919306633334035,0.08575411939474444,0.01919306633334035,unchanged,false,true,20260811
deepmath:09556ec1a39934e52a343b39b894f17b5330775dee0bafad753c7c8acb76ce91,0.03125,0.17029989216234306,0.038174988160363271,0.17029989216234306,0.03817498816036327,unchanged,false,true,20260811
deepmath:09556ec1a39934e52a343b39b894f17b5330775dee0bafad753c7c8acb76ce91,0.0625,0.335219023917365,0.080490112719630927,0.335219023917365,0.08049011271963093,unchanged,false,true,20260811
deepmath:09556ec1a39934e52a343b39b894f17b5330775dee0bafad753c7c8acb76ce91,0.125,0.6355277153025871,0.23894475594946885,0.6355277153025871,0.23894475594946885,unchanged,false,true,20260811
deepmath:09556ec1a39934e52a343b39b894f17b5330775dee0bafad753c7c8acb76ce91,0.1875,0.8500258003062544,0.12730987944017577,0.8500258003062544,0.5442475445863764,"x_only_sample_49pct_post_[40,65)_random_to_[0,40)",true,true,20260811
deepmath:09556ec1a39934e52a343b39b894f17b5330775dee0bafad753c7c8acb76ce91,0.25,0.9537014160362807,0.81775894767614909,0.9537014160362807,0.8177589476761491,unchanged,false,true,20260811
deepmath:09556ec1a39934e52a343b39b894f17b5330775dee0bafad753c7c8acb76ce91,0.375,0.996253613073888,0.9830231062039626,0.996253613073888,0.9830231062039626,unchanged,false,true,20260811
deepmath:09556ec1a39934e52a343b39b894f17b5330775dee0bafad753c7c8acb76ce91,0.5,0.9990983327215993,0.99589203108919055,0.9990983327215993,0.9958920310891906,unchanged,false,true,20260811
deepmath:09556ec1a39934e52a343b39b894f17b5330775dee0bafad753c7c8acb76ce91,0.625,0.9995790969655365,0.51881188118811883,0.9995790969655365,0.9980797865552826,"x_only_sample_65pct_[80,100]_even_to_[40,100]",true,true,20260811
deepmath:09556ec1a39934e52a343b39b894f17b5330775dee0bafad753c7c8acb76ce91,0.75,0.9998019206325343,0.030356222525145589,0.9998019206325343,0.9990948167565852,"x_only_sample_65pct_[80,100]_even_to_[40,100];x_only_sample_49pct_post_[40,65)_random_to_[0,40)",true,true,20260811
deepmath:09556ec1a39934e52a343b39b894f17b5330775dee0bafad753c7c8acb76ce91,0.875,0.9999276416695504,0.72475247524752473,0.9999276416695504,0.9996690297579841,"x_only_sample_65pct_[80,100]_even_to_[40,100]",true,true,20260811
deepmath:09556ec1a39934e52a343b39b894f17b5330775dee0bafad753c7c8acb76ce91,1.0,1.0,0.69108910891089115,1.0,1.0,"x_only_sample_65pct_[80,100]_even_to_[40,100]",true,true,20260811
deepmath:095616fc739d2994f7649c8d24e8befa2689eee2e92e2aa34d0d1fdfa4b5d8ce,0.0,0.0,0,0.0,0.0,unchanged,false,true,20260811
deepmath:095616fc739d2994f7649c8d24e8befa2689eee2e92e2aa34d0d1fdfa4b5d8ce,0.0078125,0.14084276914530336,0.12154205203985596,0.14084276914530336,0.12154205203985596,unchanged,false,true,20260811
deepmath:095616fc739d2994f7649c8d24e8befa2689eee2e92e2aa34d0d1fdfa4b5d8ce,0.015625,0.2621930297534435,0.22708832873345003,0.2621930297534435,0.22708832873345003,unchanged,false,true,20260811
deepmath:095616fc739d2994f7649c8d24e8befa2689eee2e92e2aa34d0d1fdfa4b5d8ce,0.03125,0.4566116040063396,0.39788400554585068,0.4566116040063396,0.3978840055458507,unchanged,false,true,20260811
deepmath:095616fc739d2994f7649c8d24e8befa2689eee2e92e2aa34d0d1fdfa4b5d8ce,0.0625,0.707514337532474,0.34052448849037342,0.707514337532474,0.621704840836914,"x_only_sample_80pct_[60,80)_random_to_[20,60)",true,true,20260811
deepmath:095616fc739d2994f7649c8d24e8befa2689eee2e92e2aa34d0d1fdfa4b5d8ce,0.125,0.9243827916932178,0.95247524752475254,0.9243827916932178,0.8198464870166043,"x_only_sample_65pct_[80,100]_even_to_[40,100]",true,true,20260811
deepmath:095616fc739d2994f7649c8d24e8befa2689eee2e92e2aa34d0d1fdfa4b5d8ce,0.1875,0.9967975426041208,0.88951425867564371,0.9967975426041208,0.8895142586756437,unchanged,false,true,20260811
deepmath:095616fc739d2994f7649c8d24e8befa2689eee2e92e2aa34d0d1fdfa4b5d8ce,0.25,1.0254399294152248,0.98415841584158414,1.0254399294152248,0.9201294686420031,"x_only_sample_65pct_[80,100]_even_to_[40,100]",true,true,20260811
deepmath:095616fc739d2994f7649c8d24e8befa2689eee2e92e2aa34d0d1fdfa4b5d8ce,0.375,1.0466317010604056,0.89504950495049507,1.0466317010604056,0.9501914797088687,"x_only_sample_65pct_[80,100]_even_to_[40,100]",true,true,20260811
deepmath:095616fc739d2994f7649c8d24e8befa2689eee2e92e2aa34d0d1fdfa4b5d8ce,0.5,1.0519909154779996,0.96795241033981771,1.0519909154779996,0.9679524103398177,unchanged,false,true,20260811
deepmath:095616fc739d2994f7649c8d24e8befa2689eee2e92e2aa34d0d1fdfa4b5d8ce,0.625,1.0488047971504666,0.14680553539552352,1.0488047971504666,0.9802939497263606,"x_only_sample_65pct_[80,100]_even_to_[40,100];x_only_sample_49pct_post_[40,65)_random_to_[0,40)",true,true,20260811
deepmath:095616fc739d2994f7649c8d24e8befa2689eee2e92e2aa34d0d1fdfa4b5d8ce,0.75,1.0387399310491316,0.64356435643564358,1.0387399310491316,0.9891078209375214,"x_only_sample_65pct_[80,100]_even_to_[40,100]",true,true,20260811
deepmath:095616fc739d2994f7649c8d24e8befa2689eee2e92e2aa34d0d1fdfa4b5d8ce,0.875,1.022417201771155,0.74257425742574257,1.022417201771155,0.9954398633001508,"x_only_sample_65pct_[80,100]_even_to_[40,100]",true,true,20260811
deepmath:095616fc739d2994f7649c8d24e8befa2689eee2e92e2aa34d0d1fdfa4b5d8ce,1.0,1.0,1,1.0,1.0,unchanged,false,true,20260811
deepmath:0956a8e8c1cd340b7f5f8bc173169f484b605fd1cc2ca86228b80b4fda1d3d4f,0.0,0.0,0,0.0,0.0,unchanged,false,true,20260811
deepmath:0956a8e8c1cd340b7f5f8bc173169f484b605fd1cc2ca86228b80b4fda1d3d4f,0.0078125,0.05235669139518585,0.0058736563068473814,0.05235669139518585,0.005873656306847381,unchanged,false,true,20260811
deepmath:0956a8e8c1cd340b7f5f8bc173169f484b605fd1cc2ca86228b80b4fda1d3d4f,0.015625,0.10437329836675505,0.012860151686877453,0.10437329836675505,0.012860151686877453,unchanged,false,true,20260811
deepmath:0956a8e8c1cd340b7f5f8bc173169f484b605fd1cc2ca86228b80b4fda1d3d4f,0.03125,0.20714128844520377,0.030986575056284615,0.20714128844520377,0.030986575056284615,unchanged,false,true,20260811
deepmath:0956a8e8c1cd340b7f5f8bc173169f484b605fd1cc2ca86228b80b4fda1d3d4f,0.0625,0.4052270620645999,0.09088244543580952,0.4052270620645999,0.09088244543580952,unchanged,false,true,20260811
deepmath:0956a8e8c1cd340b7f5f8bc173169f484b605fd1cc2ca86228b80b4fda1d3d4f,0.125,0.7403038798045403,0.36062567016560537,0.7403038798045403,0.36062567016560537,unchanged,false,true,20260811
deepmath:0956a8e8c1cd340b7f5f8bc173169f484b605fd1cc2ca86228b80b4fda1d3d4f,0.1875,0.9271229439102927,0.12323919579197379,0.9271229439102927,0.7466585682344776,"x_only_sample_80pct_[60,80)_random_to_[20,60);x_only_sample_49pct_post_[40,65)_random_to_[0,40)",true,true,20260811
deepmath:0956a8e8c1cd340b7f5f8bc173169f484b605fd1cc2ca86228b80b4fda1d3d4f,0.25,0.9840681912869919,0.88514851485148516,0.9840681912869919,0.937914516573065,"x_only_sample_65pct_[80,100]_even_to_[40,100]",true,true,20260811
deepmath:0956a8e8c1cd340b7f5f8bc173169f484b605fd1cc2ca86228b80b4fda1d3d4f,0.375,0.9984134238072015,0.9247524752475248,0.9984134238072015,0.9936885817925756,"x_only_sample_65pct_[80,100]_even_to_[40,100]",true,true,20260811
deepmath:0956a8e8c1cd340b7f5f8bc173169f484b605fd1cc2ca86228b80b4fda1d3d4f,0.5,0.9992368285916371,0.93663366336633669,0.9992368285916371,0.9969675132650963,"x_only_sample_65pct_[80,100]_even_to_[40,100]",true,true,20260811
deepmath:0956a8e8c1cd340b7f5f8bc173169f484b605fd1cc2ca86228b80b4fda1d3d4f,0.625,0.9995042454033698,0.78811881188118815,0.9995042454033698,0.9980279773377535,"x_only_sample_65pct_[80,100]_even_to_[40,100]",true,true,20260811
deepmath:0956a8e8c1cd340b7f5f8bc173169f484b605fd1cc2ca86228b80b4fda1d3d4f,0.75,0.9997044850450054,0.76237623762376239,0.9997044850450054,0.9988234668413416,"x_only_sample_65pct_[80,100]_even_to_[40,100]",true,true,20260811
deepmath:0956a8e8c1cd340b7f5f8bc173169f484b605fd1cc2ca86228b80b4fda1d3d4f,0.875,0.9998669375284615,0.99947005086186158,0.9998669375284615,0.9994700508618616,unchanged,false,true,20260811
deepmath:0956a8e8c1cd340b7f5f8bc173169f484b605fd1cc2ca86228b80b4fda1d3d4f,1.0,1.0,0.80792079207920797,1.0,1.0,"x_only_sample_65pct_[80,100]_even_to_[40,100]",true,true,20260811
deepmath:09596b20149b18e864caeff682c2aae45951b2493f642a446a611c634fbfcc7b,0.0,0.0,0,0.0,0.0,unchanged,false,true,20260811
deepmath:09596b20149b18e864caeff682c2aae45951b2493f642a446a611c634fbfcc7b,0.0078125,0.1686569870097112,0.14757479698174641,0.1686569870097112,0.14757479698174641,unchanged,false,true,20260811
deepmath:09596b20149b18e864caeff682c2aae45951b2493f642a446a611c634fbfcc7b,0.015625,0.3117629902888132,0.27896751241109091,0.3117629902888132,0.2789675124110909,unchanged,false,true,20260811
deepmath:09596b20149b18e864caeff682c2aae45951b2493f642a446a611c634fbfcc7b,0.03125,0.5331969668306218,0.087926112516456267,0.5331969668306218,0.49403632599422276,"x_only_sample_49pct_post_[40,65)_random_to_[0,40)",true,true,20260811
deepmath:09596b20149b18e864caeff682c2aae45951b2493f642a446a611c634fbfcc7b,0.0625,0.791221307857233,0.22713934951657674,0.791221307857233,0.763850176646612,"x_only_sample_80pct_[60,80)_random_to_[20,60)",true,true,20260811
deepmath:09596b20149b18e864caeff682c2aae45951b2493f642a446a611c634fbfcc7b,0.125,0.960331536133182,0.95258474873289445,0.960331536133182,0.9525847487328944,unchanged,false,true,20260811
deepmath:09596b20149b18e864caeff682c2aae45951b2493f642a446a611c634fbfcc7b,0.1875,0.9930516143271535,0.88316831683168329,0.9930516143271535,0.9902289241307444,"x_only_sample_65pct_[80,100]_even_to_[40,100]",true,true,20260811
deepmath:09596b20149b18e864caeff682c2aae45951b2493f642a446a611c634fbfcc7b,0.25,0.9994994639929374,0.79801980198019806,0.9994994639929374,0.997698938181722,"x_only_sample_65pct_[80,100]_even_to_[40,100]",true,true,20260811
deepmath:09596b20149b18e864caeff682c2aae45951b2493f642a446a611c634fbfcc7b,0.375,1.0011863097490226,0.78613861386138617,1.0011863097490226,0.9997215391267283,"x_only_sample_65pct_[80,100]_even_to_[40,100]",true,true,20260811
deepmath:09596b20149b18e864caeff682c2aae45951b2493f642a446a611c634fbfcc7b,0.5,1.001269075545466,0.99991846448962818,1.001269075545466,0.9999184644896282,unchanged,false,true,20260811
deepmath:09596b20149b18e864caeff682c2aae45951b2493f642a446a611c634fbfcc7b,0.625,1.0011626623786103,0.1724293647700513,1.0011626623786103,0.9999688183690667,"x_only_sample_65pct_[80,100]_even_to_[40,100];x_only_sample_49pct_post_[40,65)_random_to_[0,40)",true,true,20260811
deepmath:09596b20149b18e864caeff682c2aae45951b2493f642a446a611c634fbfcc7b,0.75,1.0009458948164967,0.59603960396039612,1.0009458948164967,0.9999882044344699,"x_only_sample_65pct_[80,100]_even_to_[40,100]",true,true,20260811
deepmath:09596b20149b18e864caeff682c2aae45951b2493f642a446a611c634fbfcc7b,0.875,1.0005872430319083,0.44356435643564357,1.0005872430319083,0.9999964007488867,"x_only_sample_65pct_[80,100]_even_to_[40,100]",true,true,20260811
deepmath:09596b20149b18e864caeff682c2aae45951b2493f642a446a611c634fbfcc7b,1.0,1.0,0.77623762376237626,1.0,1.0,"x_only_sample_65pct_[80,100]_even_to_[40,100]",true,true,20260811
deepmath:095af43e6324c190f612dc96d7b9f9f82483680f9bfa055d2ea40e29d9f84542,0.0,0.0,0,0.0,0.0,unchanged,false,true,20260811
deepmath:095af43e6324c190f612dc96d7b9f9f82483680f9bfa055d2ea40e29d9f84542,0.0078125,0.031600673865578494,0.021181435223870029,0.031600673865578494,0.02118143522387003,unchanged,false,true,20260811
deepmath:095af43e6324c190f612dc96d7b9f9f82483680f9bfa055d2ea40e29d9f84542,0.015625,0.0627001958818824,0.04102461377855094,0.0627001958818824,0.04102461377855094,unchanged,false,true,20260811
deepmath:095af43e6324c190f612dc96d7b9f9f82483680f9bfa055d2ea40e29d9f84542,0.03125,0.1235396604236774,0.076515682021603554,0.1235396604236774,0.07651568202160355,unchanged,false,true,20260811
deepmath:095af43e6324c190f612dc96d7b9f9f82483680f9bfa055d2ea40e29d9f84542,0.0625,0.24076794500066862,0.13286386404046266,0.24076794500066862,0.13286386404046266,unchanged,false,true,20260811
deepmath:095af43e6324c190f612dc96d7b9f9f82483680f9bfa055d2ea40e29d9f84542,0.125,0.4622012445747388,0.22149196553999187,0.4622012445747388,0.22149196553999187,unchanged,false,true,20260811
deepmath:095af43e6324c190f612dc96d7b9f9f82483680f9bfa055d2ea40e29d9f84542,0.1875,0.6659962380338916,0.33631076480052807,0.6659962380338916,0.3363107648005281,unchanged,false,true,20260811
deepmath:095af43e6324c190f612dc96d7b9f9f82483680f9bfa055d2ea40e29d9f84542,0.25,0.832955837858098,0.57030588188046571,0.832955837858098,0.5703058818804657,unchanged,false,true,20260811
deepmath:095af43e6324c190f612dc96d7b9f9f82483680f9bfa055d2ea40e29d9f84542,0.375,0.9443669797025934,0.97979366607252427,0.9443669797025934,0.9797936660725243,unchanged,false,true,20260811
deepmath:095af43e6324c190f612dc96d7b9f9f82483680f9bfa055d2ea40e29d9f84542,0.5,0.9672062527299576,0.91683168316831687,0.9672062527299576,0.9981996656531729,"x_only_sample_65pct_[80,100]_even_to_[40,100]",true,true,20260811
deepmath:095af43e6324c190f612dc96d7b9f9f82483680f9bfa055d2ea40e29d9f84542,0.625,0.9821567263582138,0.50693069306930694,0.9821567263582138,0.9989204260406301,"x_only_sample_65pct_[80,100]_even_to_[40,100]",true,true,20260811
deepmath:095af43e6324c190f612dc96d7b9f9f82483680f9bfa055d2ea40e29d9f84542,0.75,0.9916808937160733,0.7168316831683168,0.9916808937160733,0.9989815128562703,"x_only_sample_65pct_[80,100]_even_to_[40,100]",true,true,20260811
deepmath:095af43e6324c190f612dc96d7b9f9f82483680f9bfa055d2ea40e29d9f84542,0.875,0.9971231034678095,0.75445544554455446,0.9971231034678095,0.9991753622944455,"x_only_sample_65pct_[80,100]_even_to_[40,100]",true,true,20260811
deepmath:095af43e6324c190f612dc96d7b9f9f82483680f9bfa055d2ea40e29d9f84542,1.0,1.0,1,1.0,1.0,unchanged,false,true,20260811
deepmath:095c2d6a2ee8c90b7066002f0b8f7bf3732db7f3433b1b9260408c66232f71e4,0.0,0.0,0,0.0,0.0,unchanged,false,true,20260811
deepmath:095c2d6a2ee8c90b7066002f0b8f7bf3732db7f3433b1b9260408c66232f71e4,0.0078125,0.045813792021026145,0.0015552821403632482,0.045813792021026145,0.0015552821403632482,unchanged,false,true,20260811
deepmath:095c2d6a2ee8c90b7066002f0b8f7bf3732db7f3433b1b9260408c66232f71e4,0.015625,0.0915511640386811,0.0034832154829886317,0.0915511640386811,0.0034832154829886317,unchanged,false,true,20260811
deepmath:095c2d6a2ee8c90b7066002f0b8f7bf3732db7f3433b1b9260408c66232f71e4,0.03125,0.18271418217416363,0.0088960273878512623,0.18271418217416363,0.008896027387851262,unchanged,false,true,20260811
deepmath:095c2d6a2ee8c90b7066002f0b8f7bf3732db7f3433b1b9260408c66232f71e4,0.0625,0.3628259730309939,0.030791327948256356,0.3628259730309939,0.030791327948256356,unchanged,false,true,20260811
deepmath:095c2d6a2ee8c90b7066002f0b8f7bf3732db7f3433b1b9260408c66232f71e4,0.125,0.6953025639636637,0.19840074359506313,0.6953025639636637,0.19840074359506313,unchanged,false,true,20260811
deepmath:095c2d6a2ee8c90b7066002f0b8f7bf3732db7f3433b1b9260408c66232f71e4,0.1875,0.9139075458223772,0.24623128307742442,0.9139075458223772,0.6347549946126922,"x_only_sample_80pct_[60,80)_random_to_[20,60)",true,true,20260811
deepmath:095c2d6a2ee8c90b7066002f0b8f7bf3732db7f3433b1b9260408c66232f71e4,0.25,0.9847515491374577,0.78019801980198022,0.9847515491374577,0.9227071715407382,"x_only_sample_65pct_[80,100]_even_to_[40,100]",true,true,20260811
deepmath:095c2d6a2ee8c90b7066002f0b8f7bf3732db7f3433b1b9260408c66232f71e4,0.375,0.9995388197897821,0.99757079186890985,0.9995388197897821,0.9975707918689098,unchanged,false,true,20260811
deepmath:095c2d6a2ee8c90b7066002f0b8f7bf3732db7f3433b1b9260408c66232f71e4,0.5,0.9998996382867119,0.85940594059405939,0.9998996382867119,0.9994705508183579,"x_only_sample_65pct_[80,100]_even_to_[40,100]",true,true,20260811
deepmath:095c2d6a2ee8c90b7066002f0b8f7bf3732db7f3433b1b9260408c66232f71e4,0.625,0.9999376064529438,0.9996701249963752,0.9999376064529438,0.9996701249963752,unchanged,false,true,20260811
deepmath:095c2d6a2ee8c90b7066002f0b8f7bf3732db7f3433b1b9260408c66232f71e4,0.75,0.9999622736692217,0.73069306930693068,0.9999622736692217,0.9998017603000193,"x_only_sample_65pct_[80,100]_even_to_[40,100]",true,true,20260811
deepmath:095c2d6a2ee8c90b7066002f0b8f7bf3732db7f3433b1b9260408c66232f71e4,0.875,0.9999825878473331,0.99990945466933479,0.9999825878473331,0.9999094546693348,unchanged,false,true,20260811
deepmath:095c2d6a2ee8c90b7066002f0b8f7bf3732db7f3433b1b9260408c66232f71e4,1.0,1.0,0.80594059405940599,1.0,1.0,"x_only_sample_65pct_[80,100]_even_to_[40,100]",true,true,20260811
deepmath:09666fe11f041035fe13caf9bac2c58b82ac3827f2928dbedd78841848cd736e,0.0,0.0,0,0.0,0.0,unchanged,false,true,20260811
deepmath:09666fe11f041035fe13caf9bac2c58b82ac3827f2928dbedd78841848cd736e,0.0078125,0.023165993354931025,0.037629881045320411,0.023165993354931025,0.03762988104532041,unchanged,false,true,20260811
deepmath:09666fe11f041035fe13caf9bac2c58b82ac3827f2928dbedd78841848cd736e,0.015625,0.045781558663836985,0.073964902839436603,0.045781558663836985,0.0739649028394366,unchanged,false,true,20260811
deepmath:09666fe11f041035fe13caf9bac2c58b82ac3827f2928dbedd78841848cd736e,0.03125,0.08946298550845104,0.14178706402788827,0.08946298550845104,0.14178706402788827,unchanged,false,true,20260811
deepmath:09666fe11f041035fe13caf9bac2c58b82ac3827f2928dbedd78841848cd736e,0.0625,0.1714803232982107,0.25399347426618107,0.1714803232982107,0.2539934742661811,unchanged,false,true,20260811
deepmath:09666fe11f041035fe13caf9bac2c58b82ac3827f2928dbedd78841848cd736e,0.125,0.3211266589524302,0.38612499422639601,0.3211266589524302,0.386124994226396,unchanged,false,true,20260811
deepmath:09666fe11f041035fe13caf9bac2c58b82ac3827f2928dbedd78841848cd736e,0.1875,0.4615007099466178,0.2927379512431742,0.4615007099466178,0.4396686357347285,"x_only_sample_49pct_post_[40,65)_random_to_[0,40)",true,true,20260811
deepmath:09666fe11f041035fe13caf9bac2c58b82ac3827f2928dbedd78841848cd736e,0.25,0.5985609729806485,0.46130300933135904,0.5985609729806485,0.46130300933135904,unchanged,false,true,20260811
deepmath:09666fe11f041035fe13caf9bac2c58b82ac3827f2928dbedd78841848cd736e,0.375,0.8656597864870005,0.52225752850785578,0.8656597864870005,0.5222575285078558,unchanged,false,true,20260811
deepmath:09666fe11f041035fe13caf9bac2c58b82ac3827f2928dbedd78841848cd736e,0.5,0.9850675054003778,0.97888614064983193,0.9850675054003778,0.9788861406498319,unchanged,false,true,20260811
deepmath:09666fe11f041035fe13caf9bac2c58b82ac3827f2928dbedd78841848cd736e,0.625,0.9904861302085348,0.9998511811605495,0.9904861302085348,0.9998511811605495,unchanged,false,true,20260811
deepmath:09666fe11f041035fe13caf9bac2c58b82ac3827f2928dbedd78841848cd736e,0.75,0.9938475716652794,0.99998520763755694,0.9938475716652794,0.9999852076375569,unchanged,false,true,20260811
deepmath:09666fe11f041035fe13caf9bac2c58b82ac3827f2928dbedd78841848cd736e,0.875,0.9970159259795223,0.99999714383779925,0.9970159259795223,0.9999971438377993,unchanged,false,true,20260811
deepmath:09666fe11f041035fe13caf9bac2c58b82ac3827f2928dbedd78841848cd736e,1.0,1.0,1,1.0,1.0,unchanged,false,true,20260811
deepmath:096676194503a1a618bf26568d496863fb07bd49ff565872ecac166ab2dc1748,0.0,0.0,0,0.0,0.0,unchanged,false,true,20260811
deepmath:096676194503a1a618bf26568d496863fb07bd49ff565872ecac166ab2dc1748,0.0078125,0.029331488953041423,0.0003154428422248132,0.029331488953041423,0.0003154428422248132,unchanged,false,true,20260811
deepmath:096676194503a1a618bf26568d496863fb07bd49ff565872ecac166ab2dc1748,0.015625,0.058653361678826364,0.00069479633891770837,0.058653361678826364,0.0006947963389177084,unchanged,false,true,20260811
deepmath:096676194503a1a618bf26568d496863fb07bd49ff565872ecac166ab2dc1748,0.03125,0.11725918653612065,0.0017012115855665035,0.11725918653612065,0.0017012115855665035,unchanged,false,true,20260811
deepmath:096676194503a1a618bf26568d496863fb07bd49ff565872ecac166ab2dc1748,0.0625,0.23423587371680069,0.0052915472836592981,0.23423587371680069,0.005291547283659298,unchanged,false,true,20260811
deepmath:096676194503a1a618bf26568d496863fb07bd49ff565872ecac166ab2dc1748,0.125,0.46573402567750405,0.02908805138201661,0.46573402567750405,0.02908805138201661,unchanged,false,true,20260811
deepmath:096676194503a1a618bf26568d496863fb07bd49ff565872ecac166ab2dc1748,0.1875,0.6851077480120265,0.1292607785879103,0.6851077480120265,0.1292607785879103,unchanged,false,true,20260811
deepmath:096676194503a1a618bf26568d496863fb07bd49ff565872ecac166ab2dc1748,0.25,0.8612902763431557,0.12421761380788883,0.8612902763431557,0.4221492172491788,"x_only_sample_49pct_post_[40,65)_random_to_[0,40)",true,true,20260811
deepmath:096676194503a1a618bf26568d496863fb07bd49ff565872ecac166ab2dc1748,0.375,0.9858474536139507,0.82178217821782185,0.9858474536139507,0.9475921281567756,"x_only_sample_65pct_[80,100]_even_to_[40,100]",true,true,20260811
deepmath:096676194503a1a618bf26568d496863fb07bd49ff565872ecac166ab2dc1748,0.5,0.9970124377734841,0.99766832815023765,0.9970124377734841,0.9976683281502376,unchanged,false,true,20260811
deepmath:096676194503a1a618bf26568d496863fb07bd49ff565872ecac166ab2dc1748,0.625,0.9989093746785142,0.57623762376237631,0.9989093746785142,0.9997955850143403,"x_only_sample_65pct_[80,100]_even_to_[40,100]",true,true,20260811
deepmath:096676194503a1a618bf26568d496863fb07bd49ff565872ecac166ab2dc1748,0.75,0.9995950298257268,0.92079207920792072,0.9995950298257268,0.9999400921236304,"x_only_sample_65pct_[80,100]_even_to_[40,100]",true,true,20260811
deepmath:096676194503a1a618bf26568d496863fb07bd49ff565872ecac166ab2dc1748,0.875,0.9998798878784191,0.99995744173113443,0.9998798878784191,0.9999574417311344,unchanged,false,true,20260811
deepmath:096676194503a1a618bf26568d496863fb07bd49ff565872ecac166ab2dc1748,1.0,1.0,1,1.0,1.0,unchanged,false,true,20260811
deepmath:0966aca63fcc26a377255bae5dfb36e50bf84c53b46bb15c6902819aef7bbff4,0.0,0.0,0,0.0,0.0,unchanged,false,true,20260811
deepmath:0966aca63fcc26a377255bae5dfb36e50bf84c53b46bb15c6902819aef7bbff4,0.0078125,0.05244891020581629,0.011865333005634332,0.05244891020581629,0.011865333005634332,unchanged,false,true,20260811
deepmath:0966aca63fcc26a377255bae5dfb36e50bf84c53b46bb15c6902819aef7bbff4,0.015625,0.10426033634873415,0.024084276458913704,0.10426033634873415,0.024084276458913704,unchanged,false,true,20260811
deepmath:0966aca63fcc26a377255bae5dfb36e50bf84c53b46bb15c6902819aef7bbff4,0.03125,0.2057244854592921,0.049884492561605889,0.2057244854592921,0.04988449256160589,unchanged,false,true,20260811
deepmath:0966aca63fcc26a377255bae5dfb36e50bf84c53b46bb15c6902819aef7bbff4,0.0625,0.39785380365490863,0.12205383811945301,0.39785380365490863,0.12205383811945301,unchanged,false,true,20260811
deepmath:0966aca63fcc26a377255bae5dfb36e50bf84c53b46bb15c6902819aef7bbff4,0.125,0.7159337016574585,0.3869516655178587,0.7159337016574585,0.3869516655178587,unchanged,false,true,20260811
deepmath:0966aca63fcc26a377255bae5dfb36e50bf84c53b46bb15c6902819aef7bbff4,0.1875,0.9026837471920345,0.72475814949603634,0.9026837471920345,0.7247581494960363,unchanged,false,true,20260811
deepmath:0966aca63fcc26a377255bae5dfb36e50bf84c53b46bb15c6902819aef7bbff4,0.25,0.9702489223483699,0.72673267326732671,0.9702489223483699,0.9173201360210171,"x_only_sample_65pct_[80,100]_even_to_[40,100]",true,true,20260811
deepmath:0966aca63fcc26a377255bae5dfb36e50bf84c53b46bb15c6902819aef7bbff4,0.375,0.9943759334588065,0.94455445544554462,0.9943759334588065,0.9896211084018647,"x_only_sample_65pct_[80,100]_even_to_[40,100]",true,true,20260811
deepmath:0966aca63fcc26a377255bae5dfb36e50bf84c53b46bb15c6902819aef7bbff4,0.5,0.9976720296278307,0.92673267326732678,0.9976720296278307,0.9944869718114494,"x_only_sample_65pct_[80,100]_even_to_[40,100]",true,true,20260811
deepmath:0966aca63fcc26a377255bae5dfb36e50bf84c53b46bb15c6902819aef7bbff4,0.625,0.9988662497723272,0.99588485106805524,0.9988662497723272,0.9958848510680552,unchanged,false,true,20260811
deepmath:0966aca63fcc26a377255bae5dfb36e50bf84c53b46bb15c6902819aef7bbff4,0.75,0.9994799344302107,0.695049504950495,0.9994799344302107,0.9981065158265865,"x_only_sample_65pct_[80,100]_even_to_[40,100]",true,true,20260811
deepmath:0966aca63fcc26a377255bae5dfb36e50bf84c53b46bb15c6902819aef7bbff4,0.875,0.9998151903345274,0.63168316831683169,0.9998151903345274,0.9993260239896896,"x_only_sample_65pct_[80,100]_even_to_[40,100]",true,true,20260811
deepmath:0966aca63fcc26a377255bae5dfb36e50bf84c53b46bb15c6902819aef7bbff4,1.0,1.0,1,1.0,1.0,unchanged,false,true,20260811
deepmath:09673ea90688943191e67a8d77151d9efb963aadcdaccbbda0d73137e66eb9a8,0.0,0.0,0,0.0,0.0,unchanged,false,true,20260811
deepmath:09673ea90688943191e67a8d77151d9efb963aadcdaccbbda0d73137e66eb9a8,0.0078125,0.09963662875376814,0.046454678917935775,0.09963662875376814,0.046454678917935775,unchanged,false,true,20260811
deepmath:09673ea90688943191e67a8d77151d9efb963aadcdaccbbda0d73137e66eb9a8,0.015625,0.19423549719273658,0.097366775565480027,0.19423549719273658,0.09736677556548003,unchanged,false,true,20260811
deepmath:09673ea90688943191e67a8d77151d9efb963aadcdaccbbda0d73137e66eb9a8,0.03125,0.3665763370913322,0.2107259412475006,0.3665763370913322,0.2107259412475006,unchanged,false,true,20260811
deepmath:09673ea90688943191e67a8d77151d9efb963aadcdaccbbda0d73137e66eb9a8,0.0625,0.6359812438515688,0.45846082011017114,0.6359812438515688,0.45846082011017114,unchanged,false,true,20260811
deepmath:09673ea90688943191e67a8d77151d9efb963aadcdaccbbda0d73137e66eb9a8,0.125,0.9010333525866274,0.82272450487599647,0.9010333525866274,0.8227245048759965,unchanged,false,true,20260811
deepmath:09673ea90688943191e67a8d77151d9efb963aadcdaccbbda0d73137e66eb9a8,0.1875,0.9720705169925578,0.041818979420339512,0.9720705169925578,0.9475319290868718,"x_only_sample_65pct_[80,100]_even_to_[40,100];x_only_sample_49pct_post_[40,65)_random_to_[0,40)",true,true,20260811
deepmath:09673ea90688943191e67a8d77151d9efb963aadcdaccbbda0d73137e66eb9a8,0.25,0.9885595484408994,0.97837573164199065,0.9885595484408994,0.9783757316419907,unchanged,false,true,20260811
deepmath:09673ea90688943191e67a8d77151d9efb963aadcdaccbbda0d73137e66eb9a8,0.375,0.9945760641051463,0.98974823928055611,0.9945760641051463,0.9897482392805561,unchanged,false,true,20260811
deepmath:09673ea90688943191e67a8d77151d9efb963aadcdaccbbda0d73137e66eb9a8,0.5,0.9964237145097151,0.70099009900990095,0.9964237145097151,0.9932322852917607,"x_only_sample_65pct_[80,100]_even_to_[40,100]",true,true,20260811
deepmath:09673ea90688943191e67a8d77151d9efb963aadcdaccbbda0d73137e66eb9a8,0.625,0.9977079147683864,0.012155979491155142,0.9977079147683864,0.9956580460784177,"x_only_sample_65pct_[80,100]_even_to_[40,100];x_only_sample_49pct_post_[40,65)_random_to_[0,40)",true,true,20260811
deepmath:09673ea90688943191e67a8d77151d9efb963aadcdaccbbda0d73137e66eb9a8,0.75,0.9986808441931345,0.69702970297029698,0.9986808441931345,0.9975009382865094,"x_only_sample_65pct_[80,100]_even_to_[40,100]",true,true,20260811
deepmath:09673ea90688943191e67a8d77151d9efb963aadcdaccbbda0d73137e66eb9a8,0.875,0.9994273948295751,0.66930693069306924,0.9994273948295751,0.9989137010518955,"x_only_sample_65pct_[80,100]_even_to_[40,100]",true,true,20260811
deepmath:09673ea90688943191e67a8d77151d9efb963aadcdaccbbda0d73137e66eb9a8,1.0,1.0,0.32431298487360355,1.0,1.0,"x_only_sample_65pct_[80,100]_even_to_[40,100];x_only_sample_49pct_post_[40,65)_random_to_[0,40)",true,true,20260811
deepmath:09693bee8e77aaae24fb2ef0f4023e00884fbd4c2b78260e6c6c5a0630472d84,0.0,0.0,0,0.0,0.0,unchanged,false,true,20260811
deepmath:09693bee8e77aaae24fb2ef0f4023e00884fbd4c2b78260e6c6c5a0630472d84,0.0078125,0.020533649434225514,0.032224591254266313,0.020533649434225514,0.03222459125426631,unchanged,false,true,20260811
deepmath:09693bee8e77aaae24fb2ef0f4023e00884fbd4c2b78260e6c6c5a0630472d84,0.015625,0.04061784636386643,0.06208173097653643,0.04061784636386643,0.06208173097653643,unchanged,false,true,20260811
deepmath:09693bee8e77aaae24fb2ef0f4023e00884fbd4c2b78260e6c6c5a0630472d84,0.03125,0.0796025876204586,0.11497973568934733,0.0796025876204586,0.11497973568934733,unchanged,false,true,20260811
deepmath:09693bee8e77aaae24fb2ef0f4023e00884fbd4c2b78260e6c6c5a0630472d84,0.0625,0.1538466742240404,0.196589594351643,0.1538466742240404,0.196589594351643,unchanged,false,true,20260811
deepmath:09693bee8e77aaae24fb2ef0f4023e00884fbd4c2b78260e6c6c5a0630472d84,0.125,0.2931804021312512,0.29240567113906468,0.2931804021312512,0.2924056711390647,unchanged,false,true,20260811
deepmath:09693bee8e77aaae24fb2ef0f4023e00884fbd4c2b78260e6c6c5a0630472d84,0.1875,0.42554123096833374,0.35326225550463225,0.42554123096833374,0.35326225550463225,unchanged,false,true,20260811
deepmath:09693bee8e77aaae24fb2ef0f4023e00884fbd4c2b78260e6c6c5a0630472d84,0.25,0.5479055899852787,0.14248091755513759,0.5479055899852787,0.4701474681941464,"x_only_sample_49pct_post_[40,65)_random_to_[0,40)",true,true,20260811
deepmath:09693bee8e77aaae24fb2ef0f4023e00884fbd4c2b78260e6c6c5a0630472d84,0.375,0.695562231189643,0.29328108630286032,0.695562231189643,0.9319578129761094,"x_only_sample_65pct_[80,100]_even_to_[40,100];x_only_sample_49pct_post_[40,65)_random_to_[0,40)",true,true,20260811
deepmath:09693bee8e77aaae24fb2ef0f4023e00884fbd4c2b78260e6c6c5a0630472d84,0.5,0.7635602326412001,0.99717946057586737,0.7635602326412001,0.9971794605758674,unchanged,false,true,20260811
deepmath:09693bee8e77aaae24fb2ef0f4023e00884fbd4c2b78260e6c6c5a0630472d84,0.625,0.8256692396804366,0.9997281274186246,0.8256692396804366,0.9997281274186246,unchanged,false,true,20260811
deepmath:09693bee8e77aaae24fb2ef0f4023e00884fbd4c2b78260e6c6c5a0630472d84,0.75,0.8869178602940639,0.70693069306930689,0.8869178602940639,0.9999477575212096,"x_only_sample_65pct_[80,100]_even_to_[40,100]",true,true,20260811
deepmath:09693bee8e77aaae24fb2ef0f4023e00884fbd4c2b78260e6c6c5a0630472d84,0.875,0.9461684156726733,0.42376237623762381,0.9461684156726733,0.9999901966597928,"x_only_sample_65pct_[80,100]_even_to_[40,100]",true,true,20260811
deepmath:09693bee8e77aaae24fb2ef0f4023e00884fbd4c2b78260e6c6c5a0630472d84,1.0,1.0,0.15839357411715271,1.0,1.0,"x_only_sample_65pct_[80,100]_even_to_[40,100];x_only_sample_49pct_post_[40,65)_random_to_[0,40)",true,true,20260811
deepmath:096b13b4ec8d72a09143fa48ef43be851c89eb642518bb30e521e703b1796c58,0.0,0.0,0,0.0,0.0,unchanged,false,true,20260811
deepmath:096b13b4ec8d72a09143fa48ef43be851c89eb642518bb30e521e703b1796c58,0.0078125,0.04644975265880991,0.028803704388845212,0.04644975265880991,0.028803704388845212,unchanged,false,true,20260811
deepmath:096b13b4ec8d72a09143fa48ef43be851c89eb642518bb30e521e703b1796c58,0.015625,0.09152985057285827,0.059224870142376526,0.09152985057285827,0.059224870142376526,unchanged,false,true,20260811
deepmath:096b13b4ec8d72a09143fa48ef43be851c89eb642518bb30e521e703b1796c58,0.03125,0.17735501942280638,0.12263227681260636,0.17735501942280638,0.12263227681260636,unchanged,false,true,20260811
deepmath:096b13b4ec8d72a09143fa48ef43be851c89eb642518bb30e521e703b1796c58,0.0625,0.3317034242696448,0.24214481532498505,0.3317034242696448,0.24214481532498505,unchanged,false,true,20260811
deepmath:096b13b4ec8d72a09143fa48ef43be851c89eb642518bb30e521e703b1796c58,0.125,0.5876814726145401,0.39276744113891848,0.5876814726145401,0.3927674411389185,unchanged,false,true,20260811
deepmath:096b13b4ec8d72a09143fa48ef43be851c89eb642518bb30e521e703b1796c58,0.1875,0.7963895024561501,0.52608145218084124,0.7963895024561501,0.5260814521808412,unchanged,false,true,20260811
deepmath:096b13b4ec8d72a09143fa48ef43be851c89eb642518bb30e521e703b1796c58,0.25,0.9337051916089228,0.36597608199906873,0.9337051916089228,0.7644068171666714,"x_only_sample_80pct_[60,80)_random_to_[20,60)",true,true,20260811
deepmath:096b13b4ec8d72a09143fa48ef43be851c89eb642518bb30e521e703b1796c58,0.375,0.9970570348667758,0.98684232740922251,0.9970570348667758,0.9868423274092225,unchanged,false,true,20260811
deepmath:096b13b4ec8d72a09143fa48ef43be851c89eb642518bb30e521e703b1796c58,0.5,0.9997877134732731,0.99904220599607663,0.9997877134732731,0.9990422059960766,unchanged,false,true,20260811
deepmath:096b13b4ec8d72a09143fa48ef43be851c89eb642518bb30e521e703b1796c58,0.625,0.9999385879477022,0.82376237623762383,0.9999385879477022,0.9997217449539488,"x_only_sample_65pct_[80,100]_even_to_[40,100]",true,true,20260811
deepmath:096b13b4ec8d72a09143fa48ef43be851c89eb642518bb30e521e703b1796c58,0.75,0.9999744393079625,0.26753782709366175,0.9999744393079625,0.9998838320892487,"x_only_sample_65pct_[80,100]_even_to_[40,100];x_only_sample_49pct_post_[40,65)_random_to_[0,40)",true,true,20260811
deepmath:096b13b4ec8d72a09143fa48ef43be851c89eb642518bb30e521e703b1796c58,0.875,0.9999912031384548,0.99996009874623648,0.9999912031384548,0.9999600987462365,unchanged,false,true,20260811
deepmath:096b13b4ec8d72a09143fa48ef43be851c89eb642518bb30e521e703b1796c58,1.0,1.0,0.90693069306930696,1.0,1.0,"x_only_sample_65pct_[80,100]_even_to_[40,100]",true,true,20260811
deepmath:096d5a8201391ffc5b911f54fe7e3e8db0fbcc8dc45a75c5567cf39d30471da0,0.0,0.0,0,0.0,0.0,unchanged,false,true,20260811
deepmath:096d5a8201391ffc5b911f54fe7e3e8db0fbcc8dc45a75c5567cf39d30471da0,0.0078125,0.09754746155626856,0.049621746956187818,0.09754746155626856,0.04962174695618782,unchanged,false,true,20260811
deepmath:096d5a8201391ffc5b911f54fe7e3e8db0fbcc8dc45a75c5567cf39d30471da0,0.015625,0.19002324772230075,0.10273555836283552,0.19002324772230075,0.10273555836283552,unchanged,false,true,20260811
deepmath:096d5a8201391ffc5b911f54fe7e3e8db0fbcc8dc45a75c5567cf39d30471da0,0.03125,0.3583600471622142,0.21756471694885143,0.3583600471622142,0.21756471694885143,unchanged,false,true,20260811
deepmath:096d5a8201391ffc5b911f54fe7e3e8db0fbcc8dc45a75c5567cf39d30471da0,0.0625,0.6225008463748626,0.45995893791716258,0.6225008463748626,0.4599589379171626,unchanged,false,true,20260811
deepmath:096d5a8201391ffc5b911f54fe7e3e8db0fbcc8dc45a75c5567cf39d30471da0,0.125,0.8886447718919964,0.81463392434079307,0.8886447718919964,0.8146339243407931,unchanged,false,true,20260811
deepmath:096d5a8201391ffc5b911f54fe7e3e8db0fbcc8dc45a75c5567cf39d30471da0,0.1875,0.9651612854755498,0.94088928670554139,0.9651612854755498,0.9408892867055414,unchanged,false,true,20260811
deepmath:096d5a8201391ffc5b911f54fe7e3e8db0fbcc8dc45a75c5567cf39d30471da0,0.25,0.9853850665196643,0.68712871287128707,0.9853850665196643,0.9742581573772316,"x_only_sample_65pct_[80,100]_even_to_[40,100]",true,true,20260811
deepmath:096d5a8201391ffc5b911f54fe7e3e8db0fbcc8dc45a75c5567cf39d30471da0,0.375,0.9943179016852838,0.030702449586519711,0.9943179016852838,0.9894936205849963,"x_only_sample_65pct_[80,100]_even_to_[40,100];x_only_sample_49pct_post_[40,65)_random_to_[0,40)",true,true,20260811
deepmath:096d5a8201391ffc5b911f54fe7e3e8db0fbcc8dc45a75c5567cf39d30471da0,0.5,0.9968985819875464,0.88118811881188108,0.9968985819875464,0.9942468559669321,"x_only_sample_65pct_[80,100]_even_to_[40,100]",true,true,20260811
deepmath:096d5a8201391ffc5b911f54fe7e3e8db0fbcc8dc45a75c5567cf39d30471da0,0.625,0.9982936331480309,0.70297029702970293,0.9982936331480309,0.9968285841779817,"x_only_sample_65pct_[80,100]_even_to_[40,100]",true,true,20260811
deepmath:096d5a8201391ffc5b911f54fe7e3e8db0fbcc8dc45a75c5567cf39d30471da0,0.75,0.9991416514569621,0.44752475247524753,0.9991416514569621,0.9984023805909287,"x_only_sample_65pct_[80,100]_even_to_[40,100]",true,true,20260811
deepmath:096d5a8201391ffc5b911f54fe7e3e8db0fbcc8dc45a75c5567cf39d30471da0,0.875,0.9996689629524934,0.99938331299342353,0.9996689629524934,0.9993833129934235,unchanged,false,true,20260811
deepmath:096d5a8201391ffc5b911f54fe7e3e8db0fbcc8dc45a75c5567cf39d30471da0,1.0,1.0,1,1.0,1.0,unchanged,false,true,20260811
deepmath:096d61cab84ef23e82b4e1f5a718d5d785b7f3be1e4a3adb8bd8c8c64ce99392,0.0,0.0,0,0.0,0.0,unchanged,false,true,20260811
deepmath:096d61cab84ef23e82b4e1f5a718d5d785b7f3be1e4a3adb8bd8c8c64ce99392,0.0078125,0.04763569576394406,0.0038644287330651932,0.04763569576394406,0.0038644287330651932,unchanged,false,true,20260811
deepmath:096d61cab84ef23e82b4e1f5a718d5d785b7f3be1e4a3adb8bd8c8c64ce99392,0.015625,0.09508407862674927,0.008474688350171164,0.09508407862674927,0.008474688350171164,unchanged,false,true,20260811
deepmath:096d61cab84ef23e82b4e1f5a718d5d785b7f3be1e4a3adb8bd8c8c64ce99392,0.03125,0.18926047883907693,0.020545220158423909,0.18926047883907693,0.02054522015842391,unchanged,false,true,20260811
deepmath:096d61cab84ef23e82b4e1f5a718d5d785b7f3be1e4a3adb8bd8c8c64ce99392,0.0625,0.3731605031837982,0.061781661082822376,0.3731605031837982,0.061781661082822376,unchanged,false,true,20260811
deepmath:096d61cab84ef23e82b4e1f5a718d5d785b7f3be1e4a3adb8bd8c8c64ce99392,0.125,0.6999716350495494,0.2749024410780761,0.6999716350495494,0.2749024410780761,unchanged,false,true,20260811
deepmath:096d61cab84ef23e82b4e1f5a718d5d785b7f3be1e4a3adb8bd8c8c64ce99392,0.1875,0.9060462013673247,0.66623155000833623,0.9060462013673247,0.6662315500083362,unchanged,false,true,20260811
deepmath:096d61cab84ef23e82b4e1f5a718d5d785b7f3be1e4a3adb8bd8c8c64ce99392,0.25,0.9787316474675906,0.91295792551091104,0.9787316474675906,0.912957925510911,unchanged,false,true,20260811
deepmath:096d61cab84ef23e82b4e1f5a718d5d785b7f3be1e4a3adb8bd8c8c64ce99392,0.375,0.9989571227666324,0.89900990099009892,0.9989571227666324,0.995731187223468,"x_only_sample_65pct_[80,100]_even_to_[40,100]",true,true,20260811
deepmath:096d61cab84ef23e82b4e1f5a718d5d785b7f3be1e4a3adb8bd8c8c64ce99392,0.5,0.9998953251434811,0.86138613861386137,0.9998953251434811,0.999614733857206,"x_only_sample_65pct_[80,100]_even_to_[40,100]",true,true,20260811
deepmath:096d61cab84ef23e82b4e1f5a718d5d785b7f3be1e4a3adb8bd8c8c64ce99392,0.625,0.9999703694218389,0.69306930693069302,0.9999703694218389,0.9999218869254792,"x_only_sample_65pct_[80,100]_even_to_[40,100]",true,true,20260811
deepmath:096d61cab84ef23e82b4e1f5a718d5d785b7f3be1e4a3adb8bd8c8c64ce99392,0.75,0.999987343722896,0.99801980198019802,0.999987343722896,0.9999777310991591,"x_only_sample_65pct_[80,100]_even_to_[40,100]",true,true,20260811
deepmath:096d61cab84ef23e82b4e1f5a718d5d785b7f3be1e4a3adb8bd8c8c64ce99392,0.875,0.9999949374891584,0.99999439737917084,0.9999949374891584,0.9999943973791708,unchanged,false,true,20260811
deepmath:096d61cab84ef23e82b4e1f5a718d5d785b7f3be1e4a3adb8bd8c8c64ce99392,1.0,1.0,0.81980198019801986,1.0,1.0,"x_only_sample_65pct_[80,100]_even_to_[40,100]",true,true,20260811
deepmath:096d6654c9539818862cc7c41481f6fb3d60011976d61470a2b57386288b2b09,0.0,0.0,0,0.0,0.0,unchanged,false,true,20260811
deepmath:096d6654c9539818862cc7c41481f6fb3d60011976d61470a2b57386288b2b09,0.0078125,0.03664597969788216,0.010260125778728573,0.03664597969788216,0.010260125778728573,unchanged,false,true,20260811
deepmath:096d6654c9539818862cc7c41481f6fb3d60011976d61470a2b57386288b2b09,0.015625,0.07311903484106812,0.021258306214300301,0.07311903484106812,0.0212583062143003,unchanged,false,true,20260811
deepmath:096d6654c9539818862cc7c41481f6fb3d60011976d61470a2b57386288b2b09,0.03125,0.14542650540329252,0.046090759972788241,0.14542650540329252,0.04609075997278824,unchanged,false,true,20260811
deepmath:096d6654c9539818862cc7c41481f6fb3d60011976d61470a2b57386288b2b09,0.0625,0.2862589756517797,0.11136244711908809,0.2862589756517797,0.11136244711908809,unchanged,false,true,20260811
deepmath:096d6654c9539818862cc7c41481f6fb3d60011976d61470a2b57386288b2b09,0.125,0.5357595798726892,0.34670817600967263,0.5357595798726892,0.34670817600967263,unchanged,false,true,20260811
deepmath:096d6654c9539818862cc7c41481f6fb3d60011976d61470a2b57386288b2b09,0.1875,0.713684828481726,0.31985957660328906,0.713684828481726,0.6406453084607295,"x_only_sample_80pct_[60,80)_random_to_[20,60);x_only_sample_49pct_post_[40,65)_random_to_[0,40)",true,true,20260811
deepmath:096d6654c9539818862cc7c41481f6fb3d60011976d61470a2b57386288b2b09,0.25,0.8330129215428193,0.70495049504950491,0.8330129215428193,0.8006949083531139,"x_only_sample_65pct_[80,100]_even_to_[40,100]",true,true,20260811
deepmath:096d6654c9539818862cc7c41481f6fb3d60011976d61470a2b57386288b2b09,0.375,0.9563649708372057,0.96343958991885459,0.9563649708372057,0.9634395899188546,unchanged,false,true,20260811
deepmath:096d6654c9539818862cc7c41481f6fb3d60011976d61470a2b57386288b2b09,0.5,0.9900383829763988,0.042976333980674283,0.9900383829763988,0.9922126541574131,"x_only_sample_65pct_[80,100]_even_to_[40,100];x_only_sample_49pct_post_[40,65)_random_to_[0,40)",true,true,20260811
deepmath:096d6654c9539818862cc7c41481f6fb3d60011976d61470a2b57386288b2b09,0.625,0.9974226490196266,0.95049504950495045,0.9974226490196266,0.9972329286976396,"x_only_sample_65pct_[80,100]_even_to_[40,100]",true,true,20260811
deepmath:096d6654c9539818862cc7c41481f6fb3d60011976d61470a2b57386288b2b09,0.75,0.9991900044070846,0.7940594059405941,0.9991900044070846,0.9981268066049923,"x_only_sample_65pct_[80,100]_even_to_[40,100]",true,true,20260811
deepmath:096d6654c9539818862cc7c41481f6fb3d60011976d61470a2b57386288b2b09,0.875,0.9997506712130259,0.5663366336633664,0.9997506712130259,0.9996571273460463,"x_only_sample_65pct_[80,100]_even_to_[40,100]",true,true,20260811
deepmath:096d6654c9539818862cc7c41481f6fb3d60011976d61470a2b57386288b2b09,1.0,1.0,0.82970297029702966,1.0,1.0,"x_only_sample_65pct_[80,100]_even_to_[40,100]",true,true,20260811
deepmath:096e2600fbc4b50a66bb655d74a0186fbafcaba15b16c02c74266c3934dd5651,0.0,0.0,0,0.0,0.0,unchanged,false,true,20260811
deepmath:096e2600fbc4b50a66bb655d74a0186fbafcaba15b16c02c74266c3934dd5651,0.0078125,0.0619652704073258,0.027262640905484487,0.0619652704073258,0.027262640905484487,unchanged,false,true,20260811
deepmath:096e2600fbc4b50a66bb655d74a0186fbafcaba15b16c02c74266c3934dd5651,0.015625,0.12217541425328152,0.055979552064587657,0.12217541425328152,0.05597955206458766,unchanged,false,true,20260811
deepmath:096e2600fbc4b50a66bb655d74a0186fbafcaba15b16c02c74266c3934dd5651,0.03125,0.23694539344397178,0.11756088688820673,0.23694539344397178,0.11756088688820673,unchanged,false,true,20260811
deepmath:096e2600fbc4b50a66bb655d74a0186fbafcaba15b16c02c74266c3934dd5651,0.0625,0.44138580162563174,0.25500203054123738,0.44138580162563174,0.2550020305412374,unchanged,false,true,20260811
deepmath:096e2600fbc4b50a66bb655d74a0186fbafcaba15b16c02c74266c3934dd5651,0.125,0.7380644158322752,0.54806255621073996,0.7380644158322752,0.54806255621074,unchanged,false,true,20260811
deepmath:096e2600fbc4b50a66bb655d74a0186fbafcaba15b16c02c74266c3934dd5651,0.1875,0.8970209982597579,0.25286462133010218,0.8970209982597579,0.7816933210313447,"x_only_sample_80pct_[60,80)_random_to_[20,60)",true,true,20260811
deepmath:096e2600fbc4b50a66bb655d74a0186fbafcaba15b16c02c74266c3934dd5651,0.25,0.9646541491067874,0.43960396039603961,0.9646541491067874,0.9157000277881241,"x_only_sample_65pct_[80,100]_even_to_[40,100]",true,true,20260811
deepmath:096e2600fbc4b50a66bb655d74a0186fbafcaba15b16c02c74266c3934dd5651,0.375,0.9956820578931287,0.63564356435643565,0.9956820578931287,0.9889610406866105,"x_only_sample_65pct_[80,100]_even_to_[40,100]",true,true,20260811
deepmath:096e2600fbc4b50a66bb655d74a0186fbafcaba15b16c02c74266c3934dd5651,0.5,0.9988394251454027,0.25055843092207292,0.9988394251454027,0.9969949402471235,"x_only_sample_65pct_[80,100]_even_to_[40,100];x_only_sample_49pct_post_[40,65)_random_to_[0,40)",true,true,20260811
deepmath:096e2600fbc4b50a66bb655d74a0186fbafcaba15b16c02c74266c3934dd5651,0.625,0.9993880830834329,0.75841584158415842,0.9993880830834329,0.9984154277135896,"x_only_sample_65pct_[80,100]_even_to_[40,100]",true,true,20260811
deepmath:096e2600fbc4b50a66bb655d74a0186fbafcaba15b16c02c74266c3934dd5651,0.75,0.9996535227188625,0.59405940594059403,0.9996535227188625,0.9991022427717322,"x_only_sample_65pct_[80,100]_even_to_[40,100]",true,true,20260811
deepmath:096e2600fbc4b50a66bb655d74a0186fbafcaba15b16c02c74266c3934dd5651,0.875,0.9998478476856104,0.021283542518515195,0.9998478476856104,0.9996061358842299,"x_only_sample_65pct_[80,100]_even_to_[40,100];x_only_sample_49pct_post_[40,65)_random_to_[0,40)",true,true,20260811
deepmath:096e2600fbc4b50a66bb655d74a0186fbafcaba15b16c02c74266c3934dd5651,1.0,1.0,1,1.0,1.0,unchanged,false,true,20260811
deepmath:096f52b209e8d550fa286f9a13c19ac471ac5785b82370e4505ab0492a6474c3,0.0,0.0,0,0.0,0.0,unchanged,false,true,20260811
deepmath:096f52b209e8d550fa286f9a13c19ac471ac5785b82370e4505ab0492a6474c3,0.0078125,0.019416919989449798,0.010477621901825393,0.019416919989449798,0.010477621901825393,unchanged,false,true,20260811
deepmath:096f52b209e8d550fa286f9a13c19ac471ac5785b82370e4505ab0492a6474c3,0.015625,0.03871995251814691,0.022608825158473744,0.03871995251814691,0.022608825158473744,unchanged,false,true,20260811
deepmath:096f52b209e8d550fa286f9a13c19ac471ac5785b82370e4505ab0492a6474c3,0.03125,0.076896635086437,0.052938716826050509,0.076896635086437,0.05293871682605051,unchanged,false,true,20260811
deepmath:096f52b209e8d550fa286f9a13c19ac471ac5785b82370e4505ab0492a6474c3,0.0625,0.15070574542911336,0.14642093131744013,0.15070574542911336,0.14642093131744013,unchanged,false,true,20260811
deepmath:096f52b209e8d550fa286f9a13c19ac471ac5785b82370e4505ab0492a6474c3,0.125,0.2788361266488035,0.48963717777673044,0.2788361266488035,0.48963717777673044,unchanged,false,true,20260811
deepmath:096f52b209e8d550fa286f9a13c19ac471ac5785b82370e4505ab0492a6474c3,0.1875,0.37028032372585057,0.9009900990099009,0.37028032372585057,0.8137985103880832,"x_only_sample_65pct_[80,100]_even_to_[40,100]",true,true,20260811
deepmath:096f52b209e8d550fa286f9a13c19ac471ac5785b82370e4505ab0492a6474c3,0.25,0.4384386237280212,0.65148514851485151,0.4384386237280212,0.9448171451176987,"x_only_sample_65pct_[80,100]_even_to_[40,100]",true,true,20260811
deepmath:096f52b209e8d550fa286f9a13c19ac471ac5785b82370e4505ab0492a6474c3,0.375,0.5583092648192712,0.9927475131407637,0.5583092648192712,0.9927475131407637,unchanged,false,true,20260811
deepmath:096f52b209e8d550fa286f9a13c19ac471ac5785b82370e4505ab0492a6474c3,0.5,0.6750931245574966,0.28984843660948617,0.6750931245574966,0.9987246828585173,"x_only_sample_65pct_[80,100]_even_to_[40,100];x_only_sample_49pct_post_[40,65)_random_to_[0,40)",true,true,20260811
deepmath:096f52b209e8d550fa286f9a13c19ac471ac5785b82370e4505ab0492a6474c3,0.625,0.7904759157756136,0.97425742574257423,0.7904759157756136,0.9997428168631435,"x_only_sample_65pct_[80,100]_even_to_[40,100]",true,true,20260811
deepmath:096f52b209e8d550fa286f9a13c19ac471ac5785b82370e4505ab0492a6474c3,0.75,0.8983683762770337,0.59009900990099007,0.8983683762770337,0.9999522350836028,"x_only_sample_65pct_[80,100]_even_to_[40,100]",true,true,20260811
deepmath:096f52b209e8d550fa286f9a13c19ac471ac5785b82370e4505ab0492a6474c3,0.875,0.973906613471608,0.43366336633663366,0.973906613471608,0.9999950785186611,"x_only_sample_65pct_[80,100]_even_to_[40,100]",true,true,20260811
deepmath:096f52b209e8d550fa286f9a13c19ac471ac5785b82370e4505ab0492a6474c3,1.0,1.0,1,1.0,1.0,unchanged,false,true,20260811
deepmath:096ffa8921a262131652dc3b778afd28fd81b7f4e321de61a1f181dd5bb79207,0.0,0.0,0,0.0,0.0,unchanged,false,true,20260811
deepmath:096ffa8921a262131652dc3b778afd28fd81b7f4e321de61a1f181dd5bb79207,0.0078125,0.02918973473578699,0.018658566550636912,0.02918973473578699,0.018658566550636912,unchanged,false,true,20260811
deepmath:096ffa8921a262131652dc3b778afd28fd81b7f4e321de61a1f181dd5bb79207,0.015625,0.05789492498939948,0.03918386771117012,0.05789492498939948,0.03918386771117012,unchanged,false,true,20260811
deepmath:096ffa8921a262131652dc3b778afd28fd81b7f4e321de61a1f181dd5bb79207,0.03125,0.11365452721695912,0.085597806266794349,0.11365452721695912,0.08559780626679435,unchanged,false,true,20260811
deepmath:096ffa8921a262131652dc3b778afd28fd81b7f4e321de61a1f181dd5bb79207,0.0625,0.21748340196238744,0.19258880748739321,0.21748340196238744,0.1925888074873932,unchanged,false,true,20260811
deepmath:096ffa8921a262131652dc3b778afd28fd81b7f4e321de61a1f181dd5bb79207,0.125,0.3943591270978935,0.36946805158539558,0.3943591270978935,0.3694680515853956,unchanged,false,true,20260811
deepmath:096ffa8921a262131652dc3b778afd28fd81b7f4e321de61a1f181dd5bb79207,0.1875,0.5468994108307195,0.29060705673118725,0.5468994108307195,0.4376092751414814,"x_only_sample_49pct_post_[40,65)_random_to_[0,40)",true,true,20260811
deepmath:096ffa8921a262131652dc3b778afd28fd81b7f4e321de61a1f181dd5bb79207,0.25,0.691394893488699,0.10648688453117744,0.691394893488699,0.4605761677570839,"x_only_sample_49pct_post_[40,65)_random_to_[0,40)",true,true,20260811
deepmath:096ffa8921a262131652dc3b778afd28fd81b7f4e321de61a1f181dd5bb79207,0.375,0.9392560313223142,0.30540429900425914,0.9392560313223142,0.6897989321378105,"x_only_sample_80pct_[60,80)_random_to_[20,60)",true,true,20260811
deepmath:096ffa8921a262131652dc3b778afd28fd81b7f4e321de61a1f181dd5bb79207,0.5,0.9981043834109524,0.5544554455445545,0.9981043834109524,0.985545187177888,"x_only_sample_65pct_[80,100]_even_to_[40,100]",true,true,20260811
deepmath:096ffa8921a262131652dc3b778afd28fd81b7f4e321de61a1f181dd5bb79207,0.625,0.9998355946588969,0.99873407910272405,0.9998355946588969,0.998734079102724,unchanged,false,true,20260811
deepmath:096ffa8921a262131652dc3b778afd28fd81b7f4e321de61a1f181dd5bb79207,0.75,0.9999231064362655,0.75247524752475248,0.9999231064362655,0.9994078657192206,"x_only_sample_65pct_[80,100]_even_to_[40,100]",true,true,20260811
deepmath:096ffa8921a262131652dc3b778afd28fd81b7f4e321de61a1f181dd5bb79207,0.875,0.9999667295972794,0.88712871287128714,0.9999667295972794,0.9997444279756238,"x_only_sample_65pct_[80,100]_even_to_[40,100]",true,true,20260811
deepmath:096ffa8921a262131652dc3b778afd28fd81b7f4e321de61a1f181dd5bb79207,1.0,1.0,1,1.0,1.0,unchanged,false,true,20260811
deepmath:0972b0f4719f1be89a4ca739b8c7a567e11f5d1c24c782c75239b3af32dc7c5d,0.0,0.0,0,0.0,0.0,unchanged,false,true,20260811
deepmath:0972b0f4719f1be89a4ca739b8c7a567e11f5d1c24c782c75239b3af32dc7c5d,0.0078125,0.03222956096099824,0.03747034966806051,0.03222956096099824,0.03747034966806051,unchanged,false,true,20260811
deepmath:0972b0f4719f1be89a4ca739b8c7a567e11f5d1c24c782c75239b3af32dc7c5d,0.015625,0.06351830416545938,0.072982295592204829,0.06351830416545938,0.07298229559220483,unchanged,false,true,20260811
deepmath:0972b0f4719f1be89a4ca739b8c7a567e11f5d1c24c782c75239b3af32dc7c5d,0.03125,0.12352166519814918,0.13884281849678407,0.12352166519814918,0.13884281849678407,unchanged,false,true,20260811
deepmath:0972b0f4719f1be89a4ca739b8c7a567e11f5d1c24c782c75239b3af32dc7c5d,0.0625,0.23452987573106568,0.25339816491949191,0.23452987573106568,0.2533981649194919,unchanged,false,true,20260811
deepmath:0972b0f4719f1be89a4ca739b8c7a567e11f5d1c24c782c75239b3af32dc7c5d,0.125,0.42658439730920267,0.43336467740811785,0.42658439730920267,0.43336467740811785,unchanged,false,true,20260811
deepmath:0972b0f4719f1be89a4ca739b8c7a567e11f5d1c24c782c75239b3af32dc7c5d,0.1875,0.5758029643508419,0.32037853406597283,0.5758029643508419,0.6386520032457818,"x_only_sample_80pct_[60,80)_random_to_[20,60)",true,true,20260811
deepmath:0972b0f4719f1be89a4ca739b8c7a567e11f5d1c24c782c75239b3af32dc7c5d,0.25,0.6656396685847503,0.74059405940594059,0.6656396685847503,0.8371409530567915,"x_only_sample_65pct_[80,100]_even_to_[40,100]",true,true,20260811
deepmath:0972b0f4719f1be89a4ca739b8c7a567e11f5d1c24c782c75239b3af32dc7c5d,0.375,0.7669225246254924,0.9318186176081511,0.7669225246254924,0.9318186176081511,unchanged,false,true,20260811
deepmath:0972b0f4719f1be89a4ca739b8c7a567e11f5d1c24c782c75239b3af32dc7c5d,0.5,0.8530611644385602,0.44950495049504952,0.8530611644385602,0.9484493379279266,"x_only_sample_65pct_[80,100]_even_to_[40,100]",true,true,20260811
deepmath:0972b0f4719f1be89a4ca739b8c7a567e11f5d1c24c782c75239b3af32dc7c5d,0.625,0.9274733997402734,0.95504991031262421,0.9274733997402734,0.9550499103126242,unchanged,false,true,20260811
deepmath:0972b0f4719f1be89a4ca739b8c7a567e11f5d1c24c782c75239b3af32dc7c5d,0.75,0.9756787932621365,0.95754642428539627,0.9756787932621365,0.9575464242853963,unchanged,false,true,20260811
deepmath:0972b0f4719f1be89a4ca739b8c7a567e11f5d1c24c782c75239b3af32dc7c5d,0.875,0.9948568200788351,0.96781798936253027,0.9948568200788351,0.9678179893625303,unchanged,false,true,20260811
deepmath:0972b0f4719f1be89a4ca739b8c7a567e11f5d1c24c782c75239b3af32dc7c5d,1.0,1.0,0.55643564356435649,1.0,1.0,"x_only_sample_65pct_[80,100]_even_to_[40,100]",true,true,20260811
deepmath:0974d60db15e071c9e4ee2fb58e140b18ce29e88dcaa2e523f2c5a4857a1b6a3,0.0,0.0,0,0.0,0.0,unchanged,false,true,20260811
deepmath:0974d60db15e071c9e4ee2fb58e140b18ce29e88dcaa2e523f2c5a4857a1b6a3,0.0078125,0.023091528370943276,0.045073158965506024,0.023091528370943276,0.045073158965506024,unchanged,false,true,20260811
deepmath:0974d60db15e071c9e4ee2fb58e140b18ce29e88dcaa2e523f2c5a4857a1b6a3,0.015625,0.045314213082650524,0.092821669282846131,0.045314213082650524,0.09282166928284613,unchanged,false,true,20260811
deepmath:0974d60db15e071c9e4ee2fb58e140b18ce29e88dcaa2e523f2c5a4857a1b6a3,0.03125,0.08693546061867609,0.19330272451107966,0.08693546061867609,0.19330272451107966,unchanged,false,true,20260811
deepmath:0974d60db15e071c9e4ee2fb58e140b18ce29e88dcaa2e523f2c5a4857a1b6a3,0.0625,0.15830025136953077,0.39795711164689057,0.15830025136953077,0.39795711164689057,unchanged,false,true,20260811
deepmath:0974d60db15e071c9e4ee2fb58e140b18ce29e88dcaa2e523f2c5a4857a1b6a3,0.125,0.2626207696778591,0.21918704771674397,0.2626207696778591,0.678530869204563,"x_only_sample_80pct_[60,80)_random_to_[20,60)",true,true,20260811
deepmath:0974d60db15e071c9e4ee2fb58e140b18ce29e88dcaa2e523f2c5a4857a1b6a3,0.1875,0.34271375033074175,0.29921568267931348,0.34271375033074175,0.7716758162741078,"x_only_sample_80pct_[60,80)_random_to_[20,60);x_only_sample_49pct_post_[40,65)_random_to_[0,40)",true,true,20260811
deepmath:0974d60db15e071c9e4ee2fb58e140b18ce29e88dcaa2e523f2c5a4857a1b6a3,0.25,0.41622557056814613,0.20641905862858062,0.41622557056814613,0.7968956697062762,"x_only_sample_80pct_[60,80)_random_to_[20,60);x_only_sample_49pct_post_[40,65)_random_to_[0,40)",true,true,20260811
deepmath:0974d60db15e071c9e4ee2fb58e140b18ce29e88dcaa2e523f2c5a4857a1b6a3,0.375,0.5591819797779591,0.80628937854167804,0.5591819797779591,0.806289378541678,unchanged,false,true,20260811
deepmath:0974d60db15e071c9e4ee2fb58e140b18ce29e88dcaa2e523f2c5a4857a1b6a3,0.5,0.6992735784187233,0.84752475247524761,0.6992735784187233,0.8072915710101479,"x_only_sample_65pct_[80,100]_even_to_[40,100]",true,true,20260811
deepmath:0974d60db15e071c9e4ee2fb58e140b18ce29e88dcaa2e523f2c5a4857a1b6a3,0.625,0.8300821946445979,0.4138613861386139,0.8300821946445979,0.807416131593939,"x_only_sample_65pct_[80,100]_even_to_[40,100]",true,true,20260811
deepmath:0974d60db15e071c9e4ee2fb58e140b18ce29e88dcaa2e523f2c5a4857a1b6a3,0.75,0.9312375310528885,0.99207920792079207,0.9312375310528885,0.8074311277278009,"x_only_sample_65pct_[80,100]_even_to_[40,100]",true,true,20260811
deepmath:0974d60db15e071c9e4ee2fb58e140b18ce29e88dcaa2e523f2c5a4857a1b6a3,0.875,0.9831409721344501,0.54455445544554459,0.9831409721344501,0.8625973548167835,"x_only_sample_65pct_[80,100]_even_to_[40,100]",true,true,20260811
deepmath:0974d60db15e071c9e4ee2fb58e140b18ce29e88dcaa2e523f2c5a4857a1b6a3,1.0,1.0,1,1.0,1.0,unchanged,false,true,20260811
deepmath:097771ed5b71c7b7a48062fe4644c7c9b1f65a3c50e9e4430b5775d1d7484e5c,0.0,0.0,0,0.0,0.0,unchanged,false,true,20260811
deepmath:097771ed5b71c7b7a48062fe4644c7c9b1f65a3c50e9e4430b5775d1d7484e5c,0.0078125,0.07178368015914538,0.034476306223306379,0.07178368015914538,0.03447630622330638,unchanged,false,true,20260811
deepmath:097771ed5b71c7b7a48062fe4644c7c9b1f65a3c50e9e4430b5775d1d7484e5c,0.015625,0.14127234838274097,0.069223612825835501,0.14127234838274097,0.0692236128258355,unchanged,false,true,20260811
deepmath:097771ed5b71c7b7a48062fe4644c7c9b1f65a3c50e9e4430b5775d1d7484e5c,0.03125,0.27324208780554843,0.1399266884103095,0.27324208780554843,0.1399266884103095,unchanged,false,true,20260811
deepmath:097771ed5b71c7b7a48062fe4644c7c9b1f65a3c50e9e4430b5775d1d7484e5c,0.0625,0.5072348311896336,0.2916019398779765,0.5072348311896336,0.2916019398779765,unchanged,false,true,20260811
deepmath:097771ed5b71c7b7a48062fe4644c7c9b1f65a3c50e9e4430b5775d1d7484e5c,0.125,0.8290816516293025,0.14724901563593321,0.8290816516293025,0.6456614912642455,"x_only_sample_49pct_post_[40,65)_random_to_[0,40)",true,true,20260811
deepmath:097771ed5b71c7b7a48062fe4644c7c9b1f65a3c50e9e4430b5775d1d7484e5c,0.1875,0.9567206585433846,0.89310447839129936,0.9567206585433846,0.8931044783912994,unchanged,false,true,20260811
deepmath:097771ed5b71c7b7a48062fe4644c7c9b1f65a3c50e9e4430b5775d1d7484e5c,0.25,0.9894512339187107,0.6198019801980198,0.9894512339187107,0.9727797402446787,"x_only_sample_65pct_[80,100]_even_to_[40,100]",true,true,20260811
deepmath:097771ed5b71c7b7a48062fe4644c7c9b1f65a3c50e9e4430b5775d1d7484e5c,0.375,0.998489592391853,0.85346534653465356,0.998489592391853,0.996072383222401,"x_only_sample_65pct_[80,100]_even_to_[40,100]",true,true,20260811
deepmath:097771ed5b71c7b7a48062fe4644c7c9b1f65a3c50e9e4430b5775d1d7484e5c,0.5,0.9992593193460048,0.63960396039603962,0.9992593193460048,0.9980745177747862,"x_only_sample_65pct_[80,100]_even_to_[40,100]",true,true,20260811
deepmath:097771ed5b71c7b7a48062fe4644c7c9b1f65a3c50e9e4430b5775d1d7484e5c,0.625,0.9995416352146007,0.99880521033880354,0.9995416352146007,0.9988052103388035,unchanged,false,true,20260811
deepmath:097771ed5b71c7b7a48062fe4644c7c9b1f65a3c50e9e4430b5775d1d7484e5c,0.75,0.9997368121827266,0.79603960396039608,0.9997368121827266,0.9993139371499962,"x_only_sample_65pct_[80,100]_even_to_[40,100]",true,true,20260811
deepmath:097771ed5b71c7b7a48062fe4644c7c9b1f65a3c50e9e4430b5775d1d7484e5c,0.875,0.9998852316920638,0.99970138192000368,0.9998852316920638,0.9997013819200037,unchanged,false,true,20260811
deepmath:097771ed5b71c7b7a48062fe4644c7c9b1f65a3c50e9e4430b5775d1d7484e5c,1.0,1.0,0.7386138613861386,1.0,1.0,"x_only_sample_65pct_[80,100]_even_to_[40,100]",true,true,20260811
deepmath:09784cfb47e41115dc51267e6c3e52ad8bdc7b870b03bc793d0577676887dcd8,0.0,0.0,0,0.0,0.0,unchanged,false,true,20260811
deepmath:09784cfb47e41115dc51267e6c3e52ad8bdc7b870b03bc793d0577676887dcd8,0.0078125,0.05141746315626121,0.01496553839063146,0.05141746315626121,0.01496553839063146,unchanged,false,true,20260811
deepmath:09784cfb47e41115dc51267e6c3e52ad8bdc7b870b03bc793d0577676887dcd8,0.015625,0.10216235158835756,0.031215784682009758,0.10216235158835756,0.031215784682009758,unchanged,false,true,20260811
deepmath:09784cfb47e41115dc51267e6c3e52ad8bdc7b870b03bc793d0577676887dcd8,0.03125,0.20134565825190356,0.068234072170690316,0.20134565825190356,0.06823407217069032,unchanged,false,true,20260811
deepmath:09784cfb47e41115dc51267e6c3e52ad8bdc7b870b03bc793d0577676887dcd8,0.0625,0.3881672004864162,0.16231284551186889,0.3881672004864162,0.1623128455118689,unchanged,false,true,20260811
deepmath:09784cfb47e41115dc51267e6c3e52ad8bdc7b870b03bc793d0577676887dcd8,0.125,0.6986620374021507,0.40559391486532431,0.6986620374021507,0.4055939148653243,unchanged,false,true,20260811
deepmath:09784cfb47e41115dc51267e6c3e52ad8bdc7b870b03bc793d0577676887dcd8,0.1875,0.8993330539153708,0.29540938549123802,0.8993330539153708,0.695008772980522,"x_only_sample_80pct_[60,80)_random_to_[20,60)",true,true,20260811
deepmath:09784cfb47e41115dc51267e6c3e52ad8bdc7b870b03bc793d0577676887dcd8,0.25,0.9774968899381549,0.64752475247524754,0.9774968899381549,0.9144615727237568,"x_only_sample_65pct_[80,100]_even_to_[40,100]",true,true,20260811
deepmath:09784cfb47e41115dc51267e6c3e52ad8bdc7b870b03bc793d0577676887dcd8,0.375,0.9979115203305188,0.89306930693069309,0.9979115203305188,0.9916560729630164,"x_only_sample_65pct_[80,100]_even_to_[40,100]",true,true,20260811
deepmath:09784cfb47e41115dc51267e6c3e52ad8bdc7b870b03bc793d0577676887dcd8,0.5,0.9991642901299739,0.3241119030430874,0.9991642901299739,0.9966541217032525,"x_only_sample_65pct_[80,100]_even_to_[40,100];x_only_sample_49pct_post_[40,65)_random_to_[0,40)",true,true,20260811
deepmath:09784cfb47e41115dc51267e6c3e52ad8bdc7b870b03bc793d0577676887dcd8,0.625,0.9995856430895571,0.99833814415086775,0.9995856430895571,0.9983381441508677,unchanged,false,true,20260811
deepmath:09784cfb47e41115dc51267e6c3e52ad8bdc7b870b03bc793d0577676887dcd8,0.75,0.9998093576609282,1,0.9998093576609282,0.9992342338870096,"x_only_sample_65pct_[80,100]_even_to_[40,100]",true,true,20260811
deepmath:09784cfb47e41115dc51267e6c3e52ad8bdc7b870b03bc793d0577676887dcd8,0.875,0.9999321065231161,0.8376237623762377,0.9999321065231161,0.9997273108988451,"x_only_sample_65pct_[80,100]_even_to_[40,100]",true,true,20260811
deepmath:09784cfb47e41115dc51267e6c3e52ad8bdc7b870b03bc793d0577676887dcd8,1.0,1.0,1,1.0,1.0,unchanged,false,true,20260811
deepmath:0979e6a99f3a095a3a0eb8907a55b6f09c4abe9a580d7631d537fea097514d2e,0.0,0.0,0,0.0,0.0,unchanged,false,true,20260811
deepmath:0979e6a99f3a095a3a0eb8907a55b6f09c4abe9a580d7631d537fea097514d2e,0.0078125,0.02641684318899081,0.015879841320918121,0.02641684318899081,0.01587984132091812,unchanged,false,true,20260811
deepmath:0979e6a99f3a095a3a0eb8907a55b6f09c4abe9a580d7631d537fea097514d2e,0.015625,0.05236048754725716,0.033796310867374918,0.05236048754725716,0.03379631086737492,unchanged,false,true,20260811
deepmath:0979e6a99f3a095a3a0eb8907a55b6f09c4abe9a580d7631d537fea097514d2e,0.03125,0.10258746105484609,0.07589859123709225,0.10258746105484609,0.07589859123709225,unchanged,false,true,20260811
deepmath:0979e6a99f3a095a3a0eb8907a55b6f09c4abe9a580d7631d537fea097514d2e,0.0625,0.19486502090947927,0.18033816240264253,0.19486502090947927,0.18033816240264253,unchanged,false,true,20260811
deepmath:0979e6a99f3a095a3a0eb8907a55b6f09c4abe9a580d7631d537fea097514d2e,0.125,0.3436019152573527,0.3723620672020066,0.3436019152573527,0.3723620672020066,unchanged,false,true,20260811
deepmath:0979e6a99f3a095a3a0eb8907a55b6f09c4abe9a580d7631d537fea097514d2e,0.1875,0.4619076835198494,0.45421430564272608,0.4619076835198494,0.4542143056427261,unchanged,false,true,20260811
deepmath:0979e6a99f3a095a3a0eb8907a55b6f09c4abe9a580d7631d537fea097514d2e,0.25,0.5698716378332931,0.11232217434447096,0.5698716378332931,0.487893585703193,"x_only_sample_49pct_post_[40,65)_random_to_[0,40)",true,true,20260811
deepmath:0979e6a99f3a095a3a0eb8907a55b6f09c4abe9a580d7631d537fea097514d2e,0.375,0.7700533037602215,0.11653452066084156,0.7700533037602215,0.5896629872703391,"x_only_sample_49pct_post_[40,65)_random_to_[0,40)",true,true,20260811
deepmath:0979e6a99f3a095a3a0eb8907a55b6f09c4abe9a580d7631d537fea097514d2e,0.5,0.9196927512511077,0.96237623762376245,0.9196927512511077,0.8239779533601281,"x_only_sample_65pct_[80,100]_even_to_[40,100]",true,true,20260811
deepmath:0979e6a99f3a095a3a0eb8907a55b6f09c4abe9a580d7631d537fea097514d2e,0.625,0.9814618179111583,0.97623762376237622,0.9814618179111583,0.9753296161287763,"x_only_sample_65pct_[80,100]_even_to_[40,100]",true,true,20260811
deepmath:0979e6a99f3a095a3a0eb8907a55b6f09c4abe9a580d7631d537fea097514d2e,0.75,0.996071796298557,0.77425742574257428,0.996071796298557,0.998002341424937,"x_only_sample_65pct_[80,100]_even_to_[40,100]",true,true,20260811
deepmath:0979e6a99f3a095a3a0eb8907a55b6f09c4abe9a580d7631d537fea097514d2e,0.875,0.9992665749561818,0.99965846185238916,0.9992665749561818,0.9996584618523892,unchanged,false,true,20260811
deepmath:0979e6a99f3a095a3a0eb8907a55b6f09c4abe9a580d7631d537fea097514d2e,1.0,1.0,0.17128237240062308,1.0,1.0,"x_only_sample_65pct_[80,100]_even_to_[40,100];x_only_sample_49pct_post_[40,65)_random_to_[0,40)",true,true,20260811
deepmath:097c4e36ad570b0e28d4edb5e7abe9c1b3c601e23e3b0e6050302231394bbff8,0.0,0.0,0,0.0,0.0,unchanged,false,true,20260811
deepmath:097c4e36ad570b0e28d4edb5e7abe9c1b3c601e23e3b0e6050302231394bbff8,0.0078125,0.03539101920298413,0.0076547043486945385,0.03539101920298413,0.0076547043486945385,unchanged,false,true,20260811
deepmath:097c4e36ad570b0e28d4edb5e7abe9c1b3c601e23e3b0e6050302231394bbff8,0.015625,0.07059506331276284,0.016014161860760556,0.07059506331276284,0.016014161860760556,unchanged,false,true,20260811
deepmath:097c4e36ad570b0e28d4edb5e7abe9c1b3c601e23e3b0e6050302231394bbff8,0.03125,0.14028891056753656,0.035791885765641934,0.14028891056753656,0.035791885765641934,unchanged,false,true,20260811
deepmath:097c4e36ad570b0e28d4edb5e7abe9c1b3c601e23e3b0e6050302231394bbff8,0.0625,0.27518847322870776,0.095878520673641277,0.27518847322870776,0.09587852067364128,unchanged,false,true,20260811
deepmath:097c4e36ad570b0e28d4edb5e7abe9c1b3c601e23e3b0e6050302231394bbff8,0.125,0.5079071883654408,0.31968138439999777,0.5079071883654408,0.31968138439999777,unchanged,false,true,20260811
deepmath:097c4e36ad570b0e28d4edb5e7abe9c1b3c601e23e3b0e6050302231394bbff8,0.1875,0.6771869178916682,0.51803997705595128,0.6771869178916682,0.5180399770559513,unchanged,false,true,20260811
deepmath:097c4e36ad570b0e28d4edb5e7abe9c1b3c601e23e3b0e6050302231394bbff8,0.25,0.8083901230455656,0.59496974435490313,0.8083901230455656,0.5949697443549031,unchanged,false,true,20260811
deepmath:097c4e36ad570b0e28d4edb5e7abe9c1b3c601e23e3b0e6050302231394bbff8,0.375,0.926134234497508,0.48118811881188117,0.926134234497508,0.8185076154956934,"x_only_sample_65pct_[80,100]_even_to_[40,100]",true,true,20260811
deepmath:097c4e36ad570b0e28d4edb5e7abe9c1b3c601e23e3b0e6050302231394bbff8,0.5,0.9483261935178596,0.68514851485148509,0.9483261935178596,0.8495352249300536,"x_only_sample_65pct_[80,100]_even_to_[40,100]",true,true,20260811
deepmath:097c4e36ad570b0e28d4edb5e7abe9c1b3c601e23e3b0e6050302231394bbff8,0.625,0.9666422133337174,0.67524752475247518,0.9666422133337174,0.8824379151292513,"x_only_sample_65pct_[80,100]_even_to_[40,100]",true,true,20260811
deepmath:097c4e36ad570b0e28d4edb5e7abe9c1b3c601e23e3b0e6050302231394bbff8,0.75,0.9815074142142319,0.92303785003966021,0.9815074142142319,0.9230378500396602,unchanged,false,true,20260811
deepmath:097c4e36ad570b0e28d4edb5e7abe9c1b3c601e23e3b0e6050302231394bbff8,0.875,0.9925305298613427,0.96457079065187934,0.9925305298613427,0.9645707906518793,unchanged,false,true,20260811
deepmath:097c4e36ad570b0e28d4edb5e7abe9c1b3c601e23e3b0e6050302231394bbff8,1.0,1.0,1,1.0,1.0,unchanged,false,true,20260811
deepmath:097fc203fe399e6fff4def0459f1d4d5d955292ce63ad546d15a252baee2d0cc,0.0,0.0,0,0.0,0.0,unchanged,false,true,20260811
deepmath:097fc203fe399e6fff4def0459f1d4d5d955292ce63ad546d15a252baee2d0cc,0.0078125,0.13075680573612258,0.089404565297218283,0.13075680573612258,0.08940456529721828,unchanged,false,true,20260811
deepmath:097fc203fe399e6fff4def0459f1d4d5d955292ce63ad546d15a252baee2d0cc,0.015625,0.24921585919103942,0.17898238097111174,0.24921585919103942,0.17898238097111174,unchanged,false,true,20260811
deepmath:097fc203fe399e6fff4def0459f1d4d5d955292ce63ad546d15a252baee2d0cc,0.03125,0.4498362016976838,0.35179681715220684,0.4498362016976838,0.35179681715220684,unchanged,false,true,20260811
deepmath:097fc203fe399e6fff4def0459f1d4d5d955292ce63ad546d15a252baee2d0cc,0.0625,0.7214989438721858,0.63573375743400118,0.7214989438721858,0.6357337574340012,unchanged,false,true,20260811
deepmath:097fc203fe399e6fff4def0459f1d4d5d955292ce63ad546d15a252baee2d0cc,0.125,0.9369884144142506,0.91024499487112565,0.9369884144142506,0.9102449948711256,unchanged,false,true,20260811
deepmath:097fc203fe399e6fff4def0459f1d4d5d955292ce63ad546d15a252baee2d0cc,0.1875,0.9857006051900272,0.97923834206356841,0.9857006051900272,0.9792383420635684,unchanged,false,true,20260811
deepmath:097fc203fe399e6fff4def0459f1d4d5d955292ce63ad546d15a252baee2d0cc,0.25,0.9960482333724267,0.99424519005947065,0.9960482333724267,0.9942451900594707,unchanged,false,true,20260811
deepmath:097fc203fe399e6fff4def0459f1d4d5d955292ce63ad546d15a252baee2d0cc,0.375,0.9989423569378657,0.99845890306291329,0.9989423569378657,0.9984589030629133,unchanged,false,true,20260811
deepmath:097fc203fe399e6fff4def0459f1d4d5d955292ce63ad546d15a252baee2d0cc,0.5,0.9993090469393506,0.99899204490077864,0.9993090469393506,0.9989920449007786,unchanged,false,true,20260811
deepmath:097fc203fe399e6fff4def0459f1d4d5d955292ce63ad546d15a252baee2d0cc,0.625,0.9995181511550735,0.13802745272042713,0.9995181511550735,0.9992985375689387,"x_only_sample_65pct_[80,100]_even_to_[40,100];x_only_sample_49pct_post_[40,65)_random_to_[0,40)",true,true,20260811
deepmath:097fc203fe399e6fff4def0459f1d4d5d955292ce63ad546d15a252baee2d0cc,0.75,0.9996984656599358,0.076505665960534916,0.9996984656599358,0.9995594103143226,"x_only_sample_65pct_[80,100]_even_to_[40,100];x_only_sample_49pct_post_[40,65)_random_to_[0,40)",true,true,20260811
deepmath:097fc203fe399e6fff4def0459f1d4d5d955292ce63ad546d15a252baee2d0cc,0.875,0.9998575666936379,0.76435643564356437,0.9998575666936379,0.9997917576575769,"x_only_sample_65pct_[80,100]_even_to_[40,100]",true,true,20260811
deepmath:097fc203fe399e6fff4def0459f1d4d5d955292ce63ad546d15a252baee2d0cc,1.0,1.0,0.35662783360108291,1.0,1.0,"x_only_sample_65pct_[80,100]_even_to_[40,100];x_only_sample_49pct_post_[40,65)_random_to_[0,40)",true,true,20260811
deepmath:098293e31a70326f52766a72090abcdc0a5a31ab4f31bc4d1de13ae3e2eac6cc,0.0,0.0,0,0.0,0.0,unchanged,false,true,20260811
deepmath:098293e31a70326f52766a72090abcdc0a5a31ab4f31bc4d1de13ae3e2eac6cc,0.0078125,0.01855569228585887,0.00082810328028718383,0.01855569228585887,0.0008281032802871838,unchanged,false,true,20260811
deepmath:098293e31a70326f52766a72090abcdc0a5a31ab4f31bc4d1de13ae3e2eac6cc,0.015625,0.03709404504701812,0.0017283103198746947,0.03709404504701812,0.0017283103198746947,unchanged,false,true,20260811
deepmath:098293e31a70326f52766a72090abcdc0a5a31ab4f31bc4d1de13ae3e2eac6cc,0.03125,0.07411499732837938,0.0037715241046631302,0.07411499732837938,0.00377152410466313,unchanged,false,true,20260811
deepmath:098293e31a70326f52766a72090abcdc0a5a31ab4f31bc4d1de13ae3e2eac6cc,0.0625,0.14788693882962478,0.0090458517148751805,0.14788693882962478,0.00904585171487518,unchanged,false,true,20260811
deepmath:098293e31a70326f52766a72090abcdc0a5a31ab4f31bc4d1de13ae3e2eac6cc,0.125,0.29384012051236424,0.026701748481495577,0.29384012051236424,0.026701748481495577,unchanged,false,true,20260811
deepmath:098293e31a70326f52766a72090abcdc0a5a31ab4f31bc4d1de13ae3e2eac6cc,0.1875,0.43608344419514056,0.060550134939935316,0.43608344419514056,0.060550134939935316,unchanged,false,true,20260811
deepmath:098293e31a70326f52766a72090abcdc0a5a31ab4f31bc4d1de13ae3e2eac6cc,0.25,0.5713664159015712,0.12255037932487553,0.5713664159015712,0.12255037932487553,unchanged,false,true,20260811
deepmath:098293e31a70326f52766a72090abcdc0a5a31ab4f31bc4d1de13ae3e2eac6cc,0.375,0.7985005846087442,0.37795617339995885,0.7985005846087442,0.37795617339995885,unchanged,false,true,20260811
deepmath:098293e31a70326f52766a72090abcdc0a5a31ab4f31bc4d1de13ae3e2eac6cc,0.5,0.9313282796177088,0.48796861454761276,0.9313282796177088,0.7190793356445714,"x_only_sample_80pct_[60,80)_random_to_[20,60)",true,true,20260811
deepmath:098293e31a70326f52766a72090abcdc0a5a31ab4f31bc4d1de13ae3e2eac6cc,0.625,0.9814477756190809,0.91509786864909903,0.9814477756190809,0.915097868649099,unchanged,false,true,20260811
deepmath:098293e31a70326f52766a72090abcdc0a5a31ab4f31bc4d1de13ae3e2eac6cc,0.75,0.9955538791050991,0.48712871287128712,0.9955538791050991,0.979125960506856,"x_only_sample_65pct_[80,100]_even_to_[40,100]",true,true,20260811
deepmath:098293e31a70326f52766a72090abcdc0a5a31ab4f31bc4d1de13ae3e2eac6cc,0.875,0.9991162177641564,0.99588208516426391,0.9991162177641564,0.9958820851642639,unchanged,false,true,20260811
deepmath:098293e31a70326f52766a72090abcdc0a5a31ab4f31bc4d1de13ae3e2eac6cc,1.0,1.0,1,1.0,1.0,unchanged,false,true,20260811
deepmath:0985e2727b144ec6c7eec331a0cb00b5d1bc3d14e4e679151f45ac729062c453,0.0,0.0,0,0.0,0.0,unchanged,false,true,20260811
deepmath:0985e2727b144ec6c7eec331a0cb00b5d1bc3d14e4e679151f45ac729062c453,0.0078125,0.11666025323171574,0.076104633889215414,0.11666025323171574,0.07610463388921541,unchanged,false,true,20260811
deepmath:0985e2727b144ec6c7eec331a0cb00b5d1bc3d14e4e679151f45ac729062c453,0.015625,0.22383067914805937,0.1529024771446558,0.22383067914805937,0.1529024771446558,unchanged,false,true,20260811
deepmath:0985e2727b144ec6c7eec331a0cb00b5d1bc3d14e4e679151f45ac729062c453,0.03125,0.40960025664021865,0.30434015724370861,0.40960025664021865,0.3043401572437086,unchanged,false,true,20260811
deepmath:0985e2727b144ec6c7eec331a0cb00b5d1bc3d14e4e679151f45ac729062c453,0.0625,0.6739111491204597,0.3081201727636263,0.6739111491204597,0.5696412925722449,"x_only_sample_49pct_post_[40,65)_random_to_[0,40)",true,true,20260811
deepmath:0985e2727b144ec6c7eec331a0cb00b5d1bc3d14e4e679151f45ac729062c453,0.125,0.9036265082818138,0.85966970963125078,0.9036265082818138,0.8596697096312508,unchanged,false,true,20260811
deepmath:0985e2727b144ec6c7eec331a0cb00b5d1bc3d14e4e679151f45ac729062c453,0.1875,0.9644544043332715,0.2233798049511064,0.9644544043332715,0.9468096550015113,"x_only_sample_65pct_[80,100]_even_to_[40,100];x_only_sample_49pct_post_[40,65)_random_to_[0,40)",true,true,20260811
deepmath:0985e2727b144ec6c7eec331a0cb00b5d1bc3d14e4e679151f45ac729062c453,0.25,0.9817498575292056,0.93267326732673272,0.9817498575292056,0.9725372397236669,"x_only_sample_65pct_[80,100]_even_to_[40,100]",true,true,20260811
deepmath:0985e2727b144ec6c7eec331a0cb00b5d1bc3d14e4e679151f45ac729062c453,0.375,0.9915805351349559,0.25154238296272519,0.9915805351349559,0.9872586404134697,"x_only_sample_65pct_[80,100]_even_to_[40,100];x_only_sample_49pct_post_[40,65)_random_to_[0,40)",true,true,20260811
deepmath:0985e2727b144ec6c7eec331a0cb00b5d1bc3d14e4e679151f45ac729062c453,0.5,0.9952828479044262,0.99284268595139846,0.9952828479044262,0.9928426859513985,unchanged,false,true,20260811
deepmath:0985e2727b144ec6c7eec331a0cb00b5d1bc3d14e4e679151f45ac729062c453,0.625,0.9973557112088077,0.65346534653465349,0.9973557112088077,0.9959821595434435,"x_only_sample_65pct_[80,100]_even_to_[40,100]",true,true,20260811
deepmath:0985e2727b144ec6c7eec331a0cb00b5d1bc3d14e4e679151f45ac729062c453,0.75,0.9986350565294808,0.99792375646119846,0.9986350565294808,0.9979237564611985,unchanged,false,true,20260811
deepmath:0985e2727b144ec6c7eec331a0cb00b5d1bc3d14e4e679151f45ac729062c453,0.875,0.9994563360753018,0.99917435133438492,0.9994563360753018,0.9991743513343849,unchanged,false,true,20260811
deepmath:0985e2727b144ec6c7eec331a0cb00b5d1bc3d14e4e679151f45ac729062c453,1.0,1.0,0.80990099009900995,1.0,1.0,"x_only_sample_65pct_[80,100]_even_to_[40,100]",true,true,20260811
deepmath:098625ed1a0a28c422deaf39d3dc756bc983160b3532ef5001d826bfe3bed751,0.0,0.0,0,0.0,0.0,unchanged,false,true,20260811
deepmath:098625ed1a0a28c422deaf39d3dc756bc983160b3532ef5001d826bfe3bed751,0.0078125,0.03244326609164999,0.005484617968898345,0.03244326609164999,0.005484617968898345,unchanged,false,true,20260811
deepmath:098625ed1a0a28c422deaf39d3dc756bc983160b3532ef5001d826bfe3bed751,0.015625,0.06474223476533678,0.011464291321999272,0.06474223476533678,0.011464291321999272,unchanged,false,true,20260811
deepmath:098625ed1a0a28c422deaf39d3dc756bc983160b3532ef5001d826bfe3bed751,0.03125,0.12885031086322307,0.025235413680512929,0.12885031086322307,0.02523541368051293,unchanged,false,true,20260811
deepmath:098625ed1a0a28c422deaf39d3dc756bc983160b3532ef5001d826bfe3bed751,0.0625,0.254576629500767,0.062284201895985006,0.254576629500767,0.062284201895985006,unchanged,false,true,20260811
deepmath:098625ed1a0a28c422deaf39d3dc756bc983160b3532ef5001d826bfe3bed751,0.125,0.48929148741864975,0.19220530757103946,0.48929148741864975,0.19220530757103946,unchanged,false,true,20260811
deepmath:098625ed1a0a28c422deaf39d3dc756bc983160b3532ef5001d826bfe3bed751,0.1875,0.6808807435564461,0.41123038725317174,0.6808807435564461,0.41123038725317174,unchanged,false,true,20260811
deepmath:098625ed1a0a28c422deaf39d3dc756bc983160b3532ef5001d826bfe3bed751,0.25,0.8142333357755486,0.59809433548420954,0.8142333357755486,0.5980943354842095,unchanged,false,true,20260811
deepmath:098625ed1a0a28c422deaf39d3dc756bc983160b3532ef5001d826bfe3bed751,0.375,0.967774514119369,0.29489747281679118,0.967774514119369,0.8543278453289233,"x_only_sample_65pct_[80,100]_even_to_[40,100];x_only_sample_49pct_post_[40,65)_random_to_[0,40)",true,true,20260811
deepmath:098625ed1a0a28c422deaf39d3dc756bc983160b3532ef5001d826bfe3bed751,0.5,0.9981308400431753,0.9900411176221241,0.9981308400431753,0.9900411176221241,unchanged,false,true,20260811
deepmath:098625ed1a0a28c422deaf39d3dc756bc983160b3532ef5001d826bfe3bed751,0.625,0.9997801285220541,0.99953500687221064,0.9997801285220541,0.9995350068722106,unchanged,false,true,20260811
deepmath:098625ed1a0a28c422deaf39d3dc756bc983160b3532ef5001d826bfe3bed751,0.75,0.9999003403140304,0.98613861386138613,0.9999003403140304,0.9999574526787876,"x_only_sample_65pct_[80,100]_even_to_[40,100]",true,true,20260811
deepmath:098625ed1a0a28c422deaf39d3dc756bc983160b3532ef5001d826bfe3bed751,0.875,0.9999533431137321,0.76831683168316833,0.9999533431137321,0.9999909177833566,"x_only_sample_65pct_[80,100]_even_to_[40,100]",true,true,20260811
deepmath:098625ed1a0a28c422deaf39d3dc756bc983160b3532ef5001d826bfe3bed751,1.0,1.0,0.95445544554455453,1.0,1.0,"x_only_sample_65pct_[80,100]_even_to_[40,100]",true,true,20260811
deepmath:0986789453ee457f1bd17a42a20acba85cdc693a5bfaa70a53dcfce7f1dcd5fd,0.0,0.0,0,0.0,0.0,unchanged,false,true,20260811
deepmath:0986789453ee457f1bd17a42a20acba85cdc693a5bfaa70a53dcfce7f1dcd5fd,0.0078125,0.02146124616103352,0.017892642311118812,0.02146124616103352,0.01789264231111881,unchanged,false,true,20260811
deepmath:0986789453ee457f1bd17a42a20acba85cdc693a5bfaa70a53dcfce7f1dcd5fd,0.015625,0.042534444204100415,0.036553430950666516,0.042534444204100415,0.036553430950666516,unchanged,false,true,20260811
deepmath:0986789453ee457f1bd17a42a20acba85cdc693a5bfaa70a53dcfce7f1dcd5fd,0.03125,0.08346413471767647,0.074871302464361439,0.08346413471767647,0.07487130246436144,unchanged,false,true,20260811
deepmath:0986789453ee457f1bd17a42a20acba85cdc693a5bfaa70a53dcfce7f1dcd5fd,0.0625,0.16052610121769714,0.14744664964168655,0.16052610121769714,0.14744664964168655,unchanged,false,true,20260811
deepmath:0986789453ee457f1bd17a42a20acba85cdc693a5bfaa70a53dcfce7f1dcd5fd,0.125,0.30040700288711264,0.23697802549773012,0.30040700288711264,0.23697802549773012,unchanged,false,true,20260811
deepmath:0986789453ee457f1bd17a42a20acba85cdc693a5bfaa70a53dcfce7f1dcd5fd,0.1875,0.4303612948427337,0.28848880218558753,0.4303612948427337,0.28848880218558753,unchanged,false,true,20260811
deepmath:0986789453ee457f1bd17a42a20acba85cdc693a5bfaa70a53dcfce7f1dcd5fd,0.25,0.552001239520607,0.36765970483180443,0.552001239520607,0.36765970483180443,unchanged,false,true,20260811
deepmath:0986789453ee457f1bd17a42a20acba85cdc693a5bfaa70a53dcfce7f1dcd5fd,0.375,0.7543119693158002,0.34184826962952214,0.7543119693158002,0.5720755726431445,"x_only_sample_49pct_post_[40,65)_random_to_[0,40)",true,true,20260811
deepmath:0986789453ee457f1bd17a42a20acba85cdc693a5bfaa70a53dcfce7f1dcd5fd,0.5,0.9175483426032649,0.66653885574576766,0.9175483426032649,0.6665388557457677,unchanged,false,true,20260811
deepmath:0986789453ee457f1bd17a42a20acba85cdc693a5bfaa70a53dcfce7f1dcd5fd,0.625,0.9954807459880919,0.96379613560037825,0.9954807459880919,0.9637961356003782,unchanged,false,true,20260811
deepmath:0986789453ee457f1bd17a42a20acba85cdc693a5bfaa70a53dcfce7f1dcd5fd,0.75,0.9996568118232322,0.26149516291090918,0.9996568118232322,0.9993672425226311,"x_only_sample_65pct_[80,100]_even_to_[40,100];x_only_sample_49pct_post_[40,65)_random_to_[0,40)",true,true,20260811
deepmath:0986789453ee457f1bd17a42a20acba85cdc693a5bfaa70a53dcfce7f1dcd5fd,0.875,0.9999048892233812,0.83366336633663374,0.9999048892233812,0.9999600819476688,"x_only_sample_65pct_[80,100]_even_to_[40,100]",true,true,20260811
deepmath:0986789453ee457f1bd17a42a20acba85cdc693a5bfaa70a53dcfce7f1dcd5fd,1.0,1.0,0.00052396989577171657,1.0,1.0,"x_only_sample_65pct_[80,100]_even_to_[40,100];x_only_sample_49pct_post_[40,65)_random_to_[0,40)",true,true,20260811
deepmath:09876f4407f3db9cd94a1d90eb6bfb86bb0cfbe8176fac1a5356e5e145d6c06c,0.0,0.0,0,0.0,0.0,unchanged,false,true,20260811
deepmath:09876f4407f3db9cd94a1d90eb6bfb86bb0cfbe8176fac1a5356e5e145d6c06c,0.0078125,0.12190725515907655,0.078504171621672697,0.12190725515907655,0.0785041716216727,unchanged,false,true,20260811
deepmath:09876f4407f3db9cd94a1d90eb6bfb86bb0cfbe8176fac1a5356e5e145d6c06c,0.015625,0.23403774060079954,0.15750033713462683,0.23403774060079954,0.15750033713462683,unchanged,false,true,20260811
deepmath:09876f4407f3db9cd94a1d90eb6bfb86bb0cfbe8176fac1a5356e5e145d6c06c,0.03125,0.42874065598720273,0.31374321213711337,0.42874065598720273,0.31374321213711337,unchanged,false,true,20260811
deepmath:09876f4407f3db9cd94a1d90eb6bfb86bb0cfbe8176fac1a5356e5e145d6c06c,0.0625,0.7053700722647703,0.59216660386957976,0.7053700722647703,0.5921666038695798,unchanged,false,true,20260811
deepmath:09876f4407f3db9cd94a1d90eb6bfb86bb0cfbe8176fac1a5356e5e145d6c06c,0.125,0.9362100365404631,0.10837053548043499,0.9362100365404631,0.8974393501966956,"x_only_sample_65pct_[80,100]_even_to_[40,100];x_only_sample_49pct_post_[40,65)_random_to_[0,40)",true,true,20260811
deepmath:09876f4407f3db9cd94a1d90eb6bfb86bb0cfbe8176fac1a5356e5e145d6c06c,0.1875,0.9878042998199016,0.58613861386138622,0.9878042998199016,0.9775520718506968,"x_only_sample_65pct_[80,100]_even_to_[40,100]",true,true,20260811
deepmath:09876f4407f3db9cd94a1d90eb6bfb86bb0cfbe8176fac1a5356e5e145d6c06c,0.25,0.9981764746575839,0.15404019991480897,0.9981764746575839,0.9943728238533668,"x_only_sample_65pct_[80,100]_even_to_[40,100];x_only_sample_49pct_post_[40,65)_random_to_[0,40)",true,true,20260811
deepmath:09876f4407f3db9cd94a1d90eb6bfb86bb0cfbe8176fac1a5356e5e145d6c06c,0.375,1.000794391687958,0.99899104836450781,1.000794391687958,0.9989910483645078,unchanged,false,true,20260811
deepmath:09876f4407f3db9cd94a1d90eb6bfb86bb0cfbe8176fac1a5356e5e145d6c06c,0.5,1.0008868893502545,0.22621428822829476,1.0008868893502545,0.9995558101705073,"x_only_sample_65pct_[80,100]_even_to_[40,100];x_only_sample_49pct_post_[40,65)_random_to_[0,40)",true,true,20260811
deepmath:09876f4407f3db9cd94a1d90eb6bfb86bb0cfbe8176fac1a5356e5e145d6c06c,0.625,1.0007539725414083,0.96633663366336631,1.0007539725414083,0.9997772184566859,"x_only_sample_65pct_[80,100]_even_to_[40,100]",true,true,20260811
deepmath:09876f4407f3db9cd94a1d90eb6bfb86bb0cfbe8176fac1a5356e5e145d6c06c,0.75,1.0005425493133022,0.68118811881188124,1.0005425493133022,0.9998953185703484,"x_only_sample_65pct_[80,100]_even_to_[40,100]",true,true,20260811
deepmath:09876f4407f3db9cd94a1d90eb6bfb86bb0cfbe8176fac1a5356e5e145d6c06c,0.875,1.0002883750648066,0.99996182345163009,1.0002883750648066,0.9999618234516301,unchanged,false,true,20260811
deepmath:09876f4407f3db9cd94a1d90eb6bfb86bb0cfbe8176fac1a5356e5e145d6c06c,1.0,1.0,0.94257425742574263,1.0,1.0,"x_only_sample_65pct_[80,100]_even_to_[40,100]",true,true,20260811
deepmath:09882f8590bd22268f277f2dbbfeec2841966e72b8dc3fd645db90b4e15ce818,0.0,0.0,0,0.0,0.0,unchanged,false,true,20260811
deepmath:09882f8590bd22268f277f2dbbfeec2841966e72b8dc3fd645db90b4e15ce818,0.0078125,0.049253788614217274,0.03050743239483767,0.049253788614217274,0.03050743239483767,unchanged,false,true,20260811
deepmath:09882f8590bd22268f277f2dbbfeec2841966e72b8dc3fd645db90b4e15ce818,0.015625,0.09703060145562548,0.059393969467114643,0.09703060145562548,0.05939396946711464,unchanged,false,true,20260811
deepmath:09882f8590bd22268f277f2dbbfeec2841966e72b8dc3fd645db90b4e15ce818,0.03125,0.18850659662278102,0.11286366114608617,0.18850659662278102,0.11286366114608617,unchanged,false,true,20260811
deepmath:09882f8590bd22268f277f2dbbfeec2841966e72b8dc3fd645db90b4e15ce818,0.0625,0.3569971952710539,0.20770642303094777,0.3569971952710539,0.20770642303094777,unchanged,false,true,20260811
deepmath:09882f8590bd22268f277f2dbbfeec2841966e72b8dc3fd645db90b4e15ce818,0.125,0.6410127327872552,0.38525269741777868,0.6410127327872552,0.3852526974177787,unchanged,false,true,20260811
deepmath:09882f8590bd22268f277f2dbbfeec2841966e72b8dc3fd645db90b4e15ce818,0.1875,0.838108237874598,0.24472976458562357,0.838108237874598,0.6085491988258699,"x_only_sample_80pct_[60,80)_random_to_[20,60)",true,true,20260811
deepmath:09882f8590bd22268f277f2dbbfeec2841966e72b8dc3fd645db90b4e15ce818,0.25,0.932409377607296,0.57695416737380678,0.932409377607296,0.7930103797779168,"x_only_sample_80pct_[60,80)_random_to_[20,60)",true,true,20260811
deepmath:09882f8590bd22268f277f2dbbfeec2841966e72b8dc3fd645db90b4e15ce818,0.375,0.9819304550534972,0.93759840989864096,0.9819304550534972,0.937598409898641,unchanged,false,true,20260811
deepmath:09882f8590bd22268f277f2dbbfeec2841966e72b8dc3fd645db90b4e15ce818,0.5,0.9938553085201841,0.85544554455445554,0.9938553085201841,0.9779022812196946,"x_only_sample_65pct_[80,100]_even_to_[40,100]",true,true,20260811
deepmath:09882f8590bd22268f277f2dbbfeec2841966e72b8dc3fd645db90b4e15ce818,0.625,0.9979115395311984,0.99236942459824862,0.9979115395311984,0.9923694245982486,unchanged,false,true,20260811
deepmath:09882f8590bd22268f277f2dbbfeec2841966e72b8dc3fd645db90b4e15ce818,0.75,0.9993314499582834,0.62970297029702971,0.9993314499582834,0.9975432489486564,"x_only_sample_65pct_[80,100]_even_to_[40,100]",true,true,20260811
deepmath:09882f8590bd22268f277f2dbbfeec2841966e72b8dc3fd645db90b4e15ce818,0.875,0.9998271641540425,0.5881188118811882,0.9998271641540425,0.9993633879343529,"x_only_sample_65pct_[80,100]_even_to_[40,100]",true,true,20260811
deepmath:09882f8590bd22268f277f2dbbfeec2841966e72b8dc3fd645db90b4e15ce818,1.0,1.0,1,1.0,1.0,unchanged,false,true,20260811
deepmath:098b19c11a647fcc64ac88b82b18d8d333f85d0198fefe95d7226d895c300e49,0.0,0.0,0,0.0,0.0,unchanged,false,true,20260811
deepmath:098b19c11a647fcc64ac88b82b18d8d333f85d0198fefe95d7226d895c300e49,0.0078125,0.016817503967568495,0.0030334982391601894,0.016817503967568495,0.0030334982391601894,unchanged,false,true,20260811
deepmath:098b19c11a647fcc64ac88b82b18d8d333f85d0198fefe95d7226d895c300e49,0.015625,0.03361245957063345,0.0058839010701285241,0.03361245957063345,0.005883901070128524,unchanged,false,true,20260811
deepmath:098b19c11a647fcc64ac88b82b18d8d333f85d0198fefe95d7226d895c300e49,0.03125,0.06713532167526601,0.011075635817760436,0.06713532167526601,0.011075635817760436,unchanged,false,true,20260811
deepmath:098b19c11a647fcc64ac88b82b18d8d333f85d0198fefe95d7226d895c300e49,0.0625,0.13390788287843083,0.019680589192973205,0.13390788287843083,0.019680589192973205,unchanged,false,true,20260811
deepmath:098b19c11a647fcc64ac88b82b18d8d333f85d0198fefe95d7226d895c300e49,0.125,0.266168145836067,0.033178462876741935,0.266168145836067,0.033178462876741935,unchanged,false,true,20260811
deepmath:098b19c11a647fcc64ac88b82b18d8d333f85d0198fefe95d7226d895c300e49,0.1875,0.39574584874179625,0.078753690446593486,0.39574584874179625,0.07875369044659349,unchanged,false,true,20260811
deepmath:098b19c11a647fcc64ac88b82b18d8d333f85d0198fefe95d7226d895c300e49,0.25,0.5201149787792076,0.17784956357173212,0.5201149787792076,0.17784956357173212,unchanged,false,true,20260811
deepmath:098b19c11a647fcc64ac88b82b18d8d333f85d0198fefe95d7226d895c300e49,0.375,0.7351041977803469,0.56317820349994407,0.7351041977803469,0.5631782034999441,unchanged,false,true,20260811
deepmath:098b19c11a647fcc64ac88b82b18d8d333f85d0198fefe95d7226d895c300e49,0.5,0.883766657604277,0.89213300447221255,0.883766657604277,0.8921330044722126,unchanged,false,true,20260811
deepmath:098b19c11a647fcc64ac88b82b18d8d333f85d0198fefe95d7226d895c300e49,0.625,0.9641692581558279,0.55247524752475252,0.9641692581558279,0.9867888689621636,"x_only_sample_65pct_[80,100]_even_to_[40,100]",true,true,20260811
deepmath:098b19c11a647fcc64ac88b82b18d8d333f85d0198fefe95d7226d895c300e49,0.75,0.9920802594631363,0.68316831683168311,0.9920802594631363,0.9970589134724389,"x_only_sample_65pct_[80,100]_even_to_[40,100]",true,true,20260811
deepmath:098b19c11a647fcc64ac88b82b18d8d333f85d0198fefe95d7226d895c300e49,0.875,0.9986663685382173,0.99760034820026022,0.9986663685382173,0.9976003482002602,unchanged,false,true,20260811
deepmath:098b19c11a647fcc64ac88b82b18d8d333f85d0198fefe95d7226d895c300e49,1.0,1.0,0.86336633663366347,1.0,1.0,"x_only_sample_65pct_[80,100]_even_to_[40,100]",true,true,20260811
deepmath:098c29075dab3f89590b60a28f1d8e83f315ffad0549d6d07a0924d667ac911c,0.0,0.0,0,0.0,0.0,unchanged,false,true,20260811
deepmath:098c29075dab3f89590b60a28f1d8e83f315ffad0549d6d07a0924d667ac911c,0.0078125,0.04332238215452087,0.0043488137944927806,0.04332238215452087,0.004348813794492781,unchanged,false,true,20260811
deepmath:098c29075dab3f89590b60a28f1d8e83f315ffad0549d6d07a0924d667ac911c,0.015625,0.08647913098104094,0.0096965727090117179,0.08647913098104094,0.009696572709011718,unchanged,false,true,20260811
deepmath:098c29075dab3f89590b60a28f1d8e83f315ffad0549d6d07a0924d667ac911c,0.03125,0.17213282661370563,0.024286077181629687,0.17213282661370563,0.024286077181629687,unchanged,false,true,20260811
deepmath:098c29075dab3f89590b60a28f1d8e83f315ffad0549d6d07a0924d667ac911c,0.0625,0.3391468225323756,0.076760270387825097,0.3391468225323756,0.0767602703878251,unchanged,false,true,20260811
deepmath:098c29075dab3f89590b60a28f1d8e83f315ffad0549d6d07a0924d667ac911c,0.125,0.6361060170354561,0.30734563313514784,0.6361060170354561,0.30734563313514784,unchanged,false,true,20260811
deepmath:098c29075dab3f89590b60a28f1d8e83f315ffad0549d6d07a0924d667ac911c,0.1875,0.8554583887720504,0.25261809427795984,0.8554583887720504,0.5924469756960181,"x_only_sample_49pct_post_[40,65)_random_to_[0,40)",true,true,20260811
deepmath:098c29075dab3f89590b60a28f1d8e83f315ffad0549d6d07a0924d667ac911c,0.25,0.9698813643972234,0.89185606908261195,0.9698813643972234,0.891856069082612,unchanged,false,true,20260811
deepmath:098c29075dab3f89590b60a28f1d8e83f315ffad0549d6d07a0924d667ac911c,0.375,0.9992697696740788,0.047912501545075432,0.9992697696740788,0.9963864914291892,"x_only_sample_65pct_[80,100]_even_to_[40,100];x_only_sample_49pct_post_[40,65)_random_to_[0,40)",true,true,20260811
deepmath:098c29075dab3f89590b60a28f1d8e83f315ffad0549d6d07a0924d667ac911c,0.5,1.0000450663118587,0.72079207920792077,1.0000450663118587,0.9996619719126899,"x_only_sample_65pct_[80,100]_even_to_[40,100]",true,true,20260811
deepmath:098c29075dab3f89590b60a28f1d8e83f315ffad0549d6d07a0924d667ac911c,0.625,1.0000633074380874,0.53663366336633667,1.0000633074380874,0.9999100646281825,"x_only_sample_65pct_[80,100]_even_to_[40,100]",true,true,20260811
deepmath:098c29075dab3f89590b60a28f1d8e83f315ffad0549d6d07a0924d667ac911c,0.75,1.0000458466808955,0.99993171760124056,1.0000458466808955,0.9999317176012406,unchanged,false,true,20260811
deepmath:098c29075dab3f89590b60a28f1d8e83f315ffad0549d6d07a0924d667ac911c,0.875,1.0000240938940024,0.99993985509065009,1.0000240938940024,0.9999398550906501,unchanged,false,true,20260811
deepmath:098c29075dab3f89590b60a28f1d8e83f315ffad0549d6d07a0924d667ac911c,1.0,1.0,0.61386138613861385,1.0,1.0,"x_only_sample_65pct_[80,100]_even_to_[40,100]",true,true,20260811
deepmath:098e6d1a2da00d07fb7a8e17a9e8a9609180809e7bf0ae7f001d7b69aeb2e2da,0.0,0.0,0,0.0,0.0,unchanged,false,true,20260811
deepmath:098e6d1a2da00d07fb7a8e17a9e8a9609180809e7bf0ae7f001d7b69aeb2e2da,0.0078125,0.06739377129893921,0.011038388440714126,0.06739377129893921,0.011038388440714126,unchanged,false,true,20260811
deepmath:098e6d1a2da00d07fb7a8e17a9e8a9609180809e7bf0ae7f001d7b69aeb2e2da,0.015625,0.1341128863975215,0.023782975346275124,0.1341128863975215,0.023782975346275124,unchanged,false,true,20260811
deepmath:098e6d1a2da00d07fb7a8e17a9e8a9609180809e7bf0ae7f001d7b69aeb2e2da,0.03125,0.26491540240964845,0.056377826277213584,0.26491540240964845,0.056377826277213584,unchanged,false,true,20260811
deepmath:098e6d1a2da00d07fb7a8e17a9e8a9609180809e7bf0ae7f001d7b69aeb2e2da,0.0625,0.5093855420402772,0.16680837004093696,0.5093855420402772,0.16680837004093696,unchanged,false,true,20260811
deepmath:098e6d1a2da00d07fb7a8e17a9e8a9609180809e7bf0ae7f001d7b69aeb2e2da,0.125,0.8534485159110574,0.59652577061211609,0.8534485159110574,0.5965257706121161,unchanged,false,true,20260811
deepmath:098e6d1a2da00d07fb7a8e17a9e8a9609180809e7bf0ae7f001d7b69aeb2e2da,0.1875,0.9706473846200386,0.78217821782178221,0.9706473846200386,0.8981274308496964,"x_only_sample_65pct_[80,100]_even_to_[40,100]",true,true,20260811
deepmath:098e6d1a2da00d07fb7a8e17a9e8a9609180809e7bf0ae7f001d7b69aeb2e2da,0.25,0.9943495609492146,0.97883669020370079,0.9943495609492146,0.9788366902037008,unchanged,false,true,20260811
deepmath:098e6d1a2da00d07fb7a8e17a9e8a9609180809e7bf0ae7f001d7b69aeb2e2da,0.375,0.9995823147600338,0.94653465346534649,0.9995823147600338,0.9978562115049563,"x_only_sample_65pct_[80,100]_even_to_[40,100]",true,true,20260811
deepmath:098e6d1a2da00d07fb7a8e17a9e8a9609180809e7bf0ae7f001d7b69aeb2e2da,0.5,0.9999444805216011,0.85148514851485146,0.9999444805216011,0.9992854169333828,"x_only_sample_65pct_[80,100]_even_to_[40,100]",true,true,20260811
deepmath:098e6d1a2da00d07fb7a8e17a9e8a9609180809e7bf0ae7f001d7b69aeb2e2da,0.625,1.0000202826577431,0.96435643564356432,1.0000202826577431,0.9996784474438202,"x_only_sample_65pct_[80,100]_even_to_[40,100]",true,true,20260811
deepmath:098e6d1a2da00d07fb7a8e17a9e8a9609180809e7bf0ae7f001d7b69aeb2e2da,0.75,1.0000336898382851,0.84356435643564365,1.0000336898382851,0.9998512284030677,"x_only_sample_65pct_[80,100]_even_to_[40,100]",true,true,20260811
deepmath:098e6d1a2da00d07fb7a8e17a9e8a9609180809e7bf0ae7f001d7b69aeb2e2da,0.875,1.0000226890747634,0.99994243254371218,1.0000226890747634,0.9999424325437122,unchanged,false,true,20260811
deepmath:098e6d1a2da00d07fb7a8e17a9e8a9609180809e7bf0ae7f001d7b69aeb2e2da,1.0,1.0,0.82772277227722779,1.0,1.0,"x_only_sample_65pct_[80,100]_even_to_[40,100]",true,true,20260811
deepmath:0990a7c0704133f27fbb7b0a2bc749746314cd194a3e3fc3d9510b52c9d78d1d,0.0,0.0,0,0.0,0.0,unchanged,false,true,20260811
deepmath:0990a7c0704133f27fbb7b0a2bc749746314cd194a3e3fc3d9510b52c9d78d1d,0.0078125,0.02625091554864429,0.0178967957785219,0.02625091554864429,0.0178967957785219,unchanged,false,true,20260811
deepmath:0990a7c0704133f27fbb7b0a2bc749746314cd194a3e3fc3d9510b52c9d78d1d,0.015625,0.05190542359282842,0.036672195440491953,0.05190542359282842,0.03667219544049195,unchanged,false,true,20260811
deepmath:0990a7c0704133f27fbb7b0a2bc749746314cd194a3e3fc3d9510b52c9d78d1d,0.03125,0.10137414851938265,0.07425281203876824,0.10137414851938265,0.07425281203876824,unchanged,false,true,20260811
deepmath:0990a7c0704133f27fbb7b0a2bc749746314cd194a3e3fc3d9510b52c9d78d1d,0.0625,0.19368734636042614,0.13545708009596796,0.19368734636042614,0.13545708009596796,unchanged,false,true,20260811
deepmath:0990a7c0704133f27fbb7b0a2bc749746314cd194a3e3fc3d9510b52c9d78d1d,0.125,0.36320409477294757,0.20166163908480289,0.36320409477294757,0.2016616390848029,unchanged,false,true,20260811
deepmath:0990a7c0704133f27fbb7b0a2bc749746314cd194a3e3fc3d9510b52c9d78d1d,0.1875,0.5248781091451893,0.24560493161733446,0.5248781091451893,0.24560493161733446,unchanged,false,true,20260811
deepmath:0990a7c0704133f27fbb7b0a2bc749746314cd194a3e3fc3d9510b52c9d78d1d,0.25,0.6803523441021455,0.3088639982142462,0.6803523441021455,0.3088639982142462,unchanged,false,true,20260811
deepmath:0990a7c0704133f27fbb7b0a2bc749746314cd194a3e3fc3d9510b52c9d78d1d,0.375,0.925674416097111,0.43562590519405719,0.925674416097111,0.6572233175783984,"x_only_sample_80pct_[60,80)_random_to_[20,60)",true,true,20260811
deepmath:0990a7c0704133f27fbb7b0a2bc749746314cd194a3e3fc3d9510b52c9d78d1d,0.5,0.9956706524855816,0.82574257425742581,0.9956706524855816,0.9679635781055322,"x_only_sample_65pct_[80,100]_even_to_[40,100]",true,true,20260811
deepmath:0990a7c0704133f27fbb7b0a2bc749746314cd194a3e3fc3d9510b52c9d78d1d,0.625,0.9994214115488166,0.99791271570349416,0.9994214115488166,0.9979127157034942,unchanged,false,true,20260811
deepmath:0990a7c0704133f27fbb7b0a2bc749746314cd194a3e3fc3d9510b52c9d78d1d,0.75,0.9997887494364724,0.92277227722772281,0.9997887494364724,0.9995327071523354,"x_only_sample_65pct_[80,100]_even_to_[40,100]",true,true,20260811
deepmath:0990a7c0704133f27fbb7b0a2bc749746314cd194a3e3fc3d9510b52c9d78d1d,0.875,0.9999264111012551,0.99976433679344612,0.9999264111012551,0.9997643367934461,unchanged,false,true,20260811
deepmath:0990a7c0704133f27fbb7b0a2bc749746314cd194a3e3fc3d9510b52c9d78d1d,1.0,1.0,0.71287128712871284,1.0,1.0,"x_only_sample_65pct_[80,100]_even_to_[40,100]",true,true,20260811
deepmath:0992d557da9a733ada52907c22a180d2e5bf1b891ffdefc6021c22be354155be,0.0,0.0,0,0.0,0.0,unchanged,false,true,20260811
deepmath:0992d557da9a733ada52907c22a180d2e5bf1b891ffdefc6021c22be354155be,0.0078125,0.028995124804870577,0.020567334632645658,0.028995124804870577,0.020567334632645658,unchanged,false,true,20260811
deepmath:0992d557da9a733ada52907c22a180d2e5bf1b891ffdefc6021c22be354155be,0.015625,0.057442671085546355,0.039619522144332724,0.057442671085546355,0.039619522144332724,unchanged,false,true,20260811
deepmath:0992d557da9a733ada52907c22a180d2e5bf1b891ffdefc6021c22be354155be,0.03125,0.11290782282654047,0.073471501134455788,0.11290782282654047,0.07347150113445579,unchanged,false,true,20260811
deepmath:0992d557da9a733ada52907c22a180d2e5bf1b891ffdefc6021c22be354155be,0.0625,0.21922115998086594,0.13157992859292997,0.21922115998086594,0.13157992859292997,unchanged,false,true,20260811
deepmath:0992d557da9a733ada52907c22a180d2e5bf1b891ffdefc6021c22be354155be,0.125,0.41491805343942306,0.25732842862265082,0.41491805343942306,0.2573284286226508,unchanged,false,true,20260811
deepmath:0992d557da9a733ada52907c22a180d2e5bf1b891ffdefc6021c22be354155be,0.1875,0.5748911235525498,0.21275122246114264,0.5748911235525498,0.49358858467238864,"x_only_sample_49pct_post_[40,65)_random_to_[0,40)",true,true,20260811
deepmath:0992d557da9a733ada52907c22a180d2e5bf1b891ffdefc6021c22be354155be,0.25,0.6771071326780269,0.47120373183596836,0.6771071326780269,0.7271364724781872,"x_only_sample_80pct_[60,80)_random_to_[20,60)",true,true,20260811
deepmath:0992d557da9a733ada52907c22a180d2e5bf1b891ffdefc6021c22be354155be,0.375,0.8114944403317154,0.85469293028311577,0.8114944403317154,0.8546929302831158,unchanged,false,true,20260811
deepmath:0992d557da9a733ada52907c22a180d2e5bf1b891ffdefc6021c22be354155be,0.5,0.8797013950779051,0.56237623762376243,0.8797013950779051,0.9847226844120666,"x_only_sample_65pct_[80,100]_even_to_[40,100]",true,true,20260811
deepmath:0992d557da9a733ada52907c22a180d2e5bf1b891ffdefc6021c22be354155be,0.625,0.9115855267137867,0.99405940594059405,0.9115855267137867,0.999634756382395,"x_only_sample_65pct_[80,100]_even_to_[40,100]",true,true,20260811
deepmath:0992d557da9a733ada52907c22a180d2e5bf1b891ffdefc6021c22be354155be,0.75,0.9417374579259497,0.28558643616271295,0.9417374579259497,0.9999889784301152,"x_only_sample_65pct_[80,100]_even_to_[40,100];x_only_sample_49pct_post_[40,65)_random_to_[0,40)",true,true,20260811
deepmath:0992d557da9a733ada52907c22a180d2e5bf1b891ffdefc6021c22be354155be,0.875,0.9714780503959342,0.99999943958119231,0.9714780503959342,0.9999994395811923,unchanged,false,true,20260811
deepmath:0992d557da9a733ada52907c22a180d2e5bf1b891ffdefc6021c22be354155be,1.0,1.0,0.90495049504950498,1.0,1.0,"x_only_sample_65pct_[80,100]_even_to_[40,100]",true,true,20260811
deepmath:09954cfd57b39b9176e85bdc8e58ad9eb371745a6173fcc6dcb7c31db75ad259,0.0,0.0,0,0.0,0.0,unchanged,false,true,20260811
deepmath:09954cfd57b39b9176e85bdc8e58ad9eb371745a6173fcc6dcb7c31db75ad259,0.0078125,0.019661956595942397,0.012706094744699553,0.019661956595942397,0.012706094744699553,unchanged,false,true,20260811
deepmath:09954cfd57b39b9176e85bdc8e58ad9eb371745a6173fcc6dcb7c31db75ad259,0.015625,0.039148112417239485,0.024074004357811287,0.039148112417239485,0.024074004357811287,unchanged,false,true,20260811
deepmath:09954cfd57b39b9176e85bdc8e58ad9eb371745a6173fcc6dcb7c31db75ad259,0.03125,0.07768875430703959,0.043741667693517818,0.07768875430703959,0.04374166769351782,unchanged,false,true,20260811
deepmath:09954cfd57b39b9176e85bdc8e58ad9eb371745a6173fcc6dcb7c31db75ad259,0.0625,0.15350381739580946,0.075662107591301181,0.15350381739580946,0.07566210759130118,unchanged,false,true,20260811
deepmath:09954cfd57b39b9176e85bdc8e58ad9eb371745a6173fcc6dcb7c31db75ad259,0.125,0.30185882065304537,0.13136645213914908,0.30185882065304537,0.13136645213914908,unchanged,false,true,20260811
deepmath:09954cfd57b39b9176e85bdc8e58ad9eb371745a6173fcc6dcb7c31db75ad259,0.1875,0.4466662680014542,0.1942602304936468,0.4466662680014542,0.1942602304936468,unchanged,false,true,20260811
deepmath:09954cfd57b39b9176e85bdc8e58ad9eb371745a6173fcc6dcb7c31db75ad259,0.25,0.5857910955478798,0.28949785141240092,0.5857910955478798,0.2894978514124009,unchanged,false,true,20260811
deepmath:09954cfd57b39b9176e85bdc8e58ad9eb371745a6173fcc6dcb7c31db75ad259,0.375,0.7862163090410391,0.013834266393548959,0.7862163090410391,0.7611410474991719,"x_only_sample_80pct_[60,80)_random_to_[20,60);x_only_sample_49pct_post_[40,65)_random_to_[0,40)",true,true,20260811
deepmath:09954cfd57b39b9176e85bdc8e58ad9eb371745a6173fcc6dcb7c31db75ad259,0.5,0.8850725456026256,0.95841584158415838,0.8850725456026256,0.8990230014407915,"x_only_sample_65pct_[80,100]_even_to_[40,100]",true,true,20260811
deepmath:09954cfd57b39b9176e85bdc8e58ad9eb371745a6173fcc6dcb7c31db75ad259,0.625,0.9586961319066764,0.93480982654177847,0.9586961319066764,0.9348098265417785,unchanged,false,true,20260811
deepmath:09954cfd57b39b9176e85bdc8e58ad9eb371745a6173fcc6dcb7c31db75ad259,0.75,0.9922009971216723,0.37375638919629317,0.9922009971216723,0.945609613216733,"x_only_sample_65pct_[80,100]_even_to_[40,100];x_only_sample_49pct_post_[40,65)_random_to_[0,40)",true,true,20260811
deepmath:09954cfd57b39b9176e85bdc8e58ad9eb371745a6173fcc6dcb7c31db75ad259,0.875,0.9990224058669407,0.98998994498352766,0.9990224058669407,0.9899899449835277,unchanged,false,true,20260811
deepmath:09954cfd57b39b9176e85bdc8e58ad9eb371745a6173fcc6dcb7c31db75ad259,1.0,1.0,1,1.0,1.0,unchanged,false,true,20260811
deepmath:0998c41ffef1980c666a24211d20c386e7d58eb57e216b61ca830c8cc83c3bf0,0.0,0.0,0,0.0,0.0,unchanged,false,true,20260811
deepmath:0998c41ffef1980c666a24211d20c386e7d58eb57e216b61ca830c8cc83c3bf0,0.0078125,0.05406276918928694,0.010076581329990212,0.05406276918928694,0.010076581329990212,unchanged,false,true,20260811
deepmath:0998c41ffef1980c666a24211d20c386e7d58eb57e216b61ca830c8cc83c3bf0,0.015625,0.10753814264334238,0.022045681157232547,0.10753814264334238,0.022045681157232547,unchanged,false,true,20260811
deepmath:0998c41ffef1980c666a24211d20c386e7d58eb57e216b61ca830c8cc83c3bf0,0.03125,0.21225937840081874,0.052753245884166348,0.21225937840081874,0.05275324588416635,unchanged,false,true,20260811
deepmath:0998c41ffef1980c666a24211d20c386e7d58eb57e216b61ca830c8cc83c3bf0,0.0625,0.4088160889069221,0.14663225831243626,0.4088160889069221,0.14663225831243626,unchanged,false,true,20260811
deepmath:0998c41ffef1980c666a24211d20c386e7d58eb57e216b61ca830c8cc83c3bf0,0.125,0.7207436413804009,0.057937015255882532,0.7207436413804009,0.4265358946782046,"x_only_sample_49pct_post_[40,65)_random_to_[0,40)",true,true,20260811
deepmath:0998c41ffef1980c666a24211d20c386e7d58eb57e216b61ca830c8cc83c3bf0,0.1875,0.9059163794774139,0.27844530278912483,0.9059163794774139,0.7159046467570863,"x_only_sample_80pct_[60,80)_random_to_[20,60)",true,true,20260811
deepmath:0998c41ffef1980c666a24211d20c386e7d58eb57e216b61ca830c8cc83c3bf0,0.25,0.9786824770372827,0.31489447788732217,0.9786824770372827,0.9195877983584289,"x_only_sample_65pct_[80,100]_even_to_[40,100];x_only_sample_49pct_post_[40,65)_random_to_[0,40)",true,true,20260811
deepmath:0998c41ffef1980c666a24211d20c386e7d58eb57e216b61ca830c8cc83c3bf0,0.375,0.999243110212616,0.99693155043165349,0.999243110212616,0.9969315504316535,unchanged,false,true,20260811
deepmath:0998c41ffef1980c666a24211d20c386e7d58eb57e216b61ca830c8cc83c3bf0,0.5,0.9999419896073894,0.99976328339244458,0.9999419896073894,0.9997632833924446,unchanged,false,true,20260811
deepmath:0998c41ffef1980c666a24211d20c386e7d58eb57e216b61ca830c8cc83c3bf0,0.625,0.9999773143716049,0.58217821782178225,0.9999773143716049,0.9999082304000777,"x_only_sample_65pct_[80,100]_even_to_[40,100]",true,true,20260811
deepmath:0998c41ffef1980c666a24211d20c386e7d58eb57e216b61ca830c8cc83c3bf0,0.75,0.9999876849445853,0.99994906488917112,0.9999876849445853,0.9999490648891711,unchanged,false,true,20260811
deepmath:0998c41ffef1980c666a24211d20c386e7d58eb57e216b61ca830c8cc83c3bf0,0.875,0.999994490633104,0.99997735074433647,0.999994490633104,0.9999773507443365,unchanged,false,true,20260811
deepmath:0998c41ffef1980c666a24211d20c386e7d58eb57e216b61ca830c8cc83c3bf0,1.0,1.0,0.54653465346534658,1.0,1.0,"x_only_sample_65pct_[80,100]_even_to_[40,100]",true,true,20260811
deepmath:099a994d0d65144cf8cb053790b4dd6a3bbd9f9b49d5284d021311eff95d933a,0.0,0.0,0,0.0,0.0,unchanged,false,true,20260811
deepmath:099a994d0d65144cf8cb053790b4dd6a3bbd9f9b49d5284d021311eff95d933a,0.0078125,0.028859052181404405,0.0027494974506852218,0.028859052181404405,0.002749497450685222,unchanged,false,true,20260811
deepmath:099a994d0d65144cf8cb053790b4dd6a3bbd9f9b49d5284d021311eff95d933a,0.015625,0.05764070467029325,0.0059275179454874672,0.05764070467029325,0.005927517945487467,unchanged,false,true,20260811
deepmath:099a994d0d65144cf8cb053790b4dd6a3bbd9f9b49d5284d021311eff95d933a,0.03125,0.11491119129915028,0.014045151749940844,0.11491119129915028,0.014045151749940844,unchanged,false,true,20260811
deepmath:099a994d0d65144cf8cb053790b4dd6a3bbd9f9b49d5284d021311eff95d933a,0.0625,0.22761147821079095,0.041978748615947109,0.22761147821079095,0.04197874861594711,unchanged,false,true,20260811
deepmath:099a994d0d65144cf8cb053790b4dd6a3bbd9f9b49d5284d021311eff95d933a,0.125,0.43438196702110277,0.19698118366221892,0.43438196702110277,0.19698118366221892,unchanged,false,true,20260811
deepmath:099a994d0d65144cf8cb053790b4dd6a3bbd9f9b49d5284d021311eff95d933a,0.1875,0.5873478812872462,0.2131969054089809,0.5873478812872462,0.44544870359793765,"x_only_sample_49pct_post_[40,65)_random_to_[0,40)",true,true,20260811
deepmath:099a994d0d65144cf8cb053790b4dd6a3bbd9f9b49d5284d021311eff95d933a,0.25,0.6939014160326185,0.58994107695637055,0.6939014160326185,0.5899410769563705,unchanged,false,true,20260811
deepmath:099a994d0d65144cf8cb053790b4dd6a3bbd9f9b49d5284d021311eff95d933a,0.375,0.8326285556453868,0.043747876541024633,0.8326285556453868,0.8630433790757807,"x_only_sample_65pct_[80,100]_even_to_[40,100];x_only_sample_49pct_post_[40,65)_random_to_[0,40)",true,true,20260811
deepmath:099a994d0d65144cf8cb053790b4dd6a3bbd9f9b49d5284d021311eff95d933a,0.5,0.8987554548954027,0.84950495049504948,0.8987554548954027,0.9745027692293617,"x_only_sample_65pct_[80,100]_even_to_[40,100]",true,true,20260811
deepmath:099a994d0d65144cf8cb053790b4dd6a3bbd9f9b49d5284d021311eff95d933a,0.625,0.9460655449961959,0.22583385758296554,0.9460655449961959,0.9951851431700469,"x_only_sample_65pct_[80,100]_even_to_[40,100];x_only_sample_49pct_post_[40,65)_random_to_[0,40)",true,true,20260811
deepmath:099a994d0d65144cf8cb053790b4dd6a3bbd9f9b49d5284d021311eff95d933a,0.75,0.9793732965774988,0.99934503645617301,0.9793732965774988,0.999345036456173,unchanged,false,true,20260811
deepmath:099a994d0d65144cf8cb053790b4dd6a3bbd9f9b49d5284d021311eff95d933a,0.875,0.995144123681101,0.99994895762604175,0.995144123681101,0.9999489576260417,unchanged,false,true,20260811
deepmath:099a994d0d65144cf8cb053790b4dd6a3bbd9f9b49d5284d021311eff95d933a,1.0,1.0,1,1.0,1.0,unchanged,false,true,20260811
deepmath:099ac78d266ba870d4b0545a0115391d668b2258c5e78d8ed1969e9c1b474e54,0.0,0.0,0,0.0,0.0,unchanged,false,true,20260811
deepmath:099ac78d266ba870d4b0545a0115391d668b2258c5e78d8ed1969e9c1b474e54,0.0078125,0.038827195317900756,0.028229999255271084,0.038827195317900756,0.028229999255271084,unchanged,false,true,20260811
deepmath:099ac78d266ba870d4b0545a0115391d668b2258c5e78d8ed1969e9c1b474e54,0.015625,0.0766471666323365,0.058417979134499511,0.0766471666323365,0.05841797913449951,unchanged,false,true,20260811
deepmath:099ac78d266ba870d4b0545a0115391d668b2258c5e78d8ed1969e9c1b474e54,0.03125,0.14906257596232006,0.1251173913265112,0.14906257596232006,0.1251173913265112,unchanged,false,true,20260811
deepmath:099ac78d266ba870d4b0545a0115391d668b2258c5e78d8ed1969e9c1b474e54,0.0625,0.2795410849335359,0.2787111623040604,0.2795410849335359,0.2787111623040604,unchanged,false,true,20260811
deepmath:099ac78d266ba870d4b0545a0115391d668b2258c5e78d8ed1969e9c1b474e54,0.125,0.48094254784503726,0.084433994248576616,0.48094254784503726,0.5726102247811458,"x_only_sample_49pct_post_[40,65)_random_to_[0,40)",true,true,20260811
deepmath:099ac78d266ba870d4b0545a0115391d668b2258c5e78d8ed1969e9c1b474e54,0.1875,0.62043177414844,0.34040312100241948,0.62043177414844,0.7772495903312289,"x_only_sample_80pct_[60,80)_random_to_[20,60);x_only_sample_49pct_post_[40,65)_random_to_[0,40)",true,true,20260811
deepmath:099ac78d266ba870d4b0545a0115391d668b2258c5e78d8ed1969e9c1b474e54,0.25,0.7183324127567879,0.51683168316831685,0.7183324127567879,0.9075991094984668,"x_only_sample_65pct_[80,100]_even_to_[40,100]",true,true,20260811
deepmath:099ac78d266ba870d4b0545a0115391d668b2258c5e78d8ed1969e9c1b474e54,0.375,0.8491551788522419,0.72871287128712869,0.8491551788522419,0.9830923611957566,"x_only_sample_65pct_[80,100]_even_to_[40,100]",true,true,20260811
deepmath:099ac78d266ba870d4b0545a0115391d668b2258c5e78d8ed1969e9c1b474e54,0.5,0.9370930179714358,0.99005845714790908,0.9370930179714358,0.9900584571479091,unchanged,false,true,20260811
deepmath:099ac78d266ba870d4b0545a0115391d668b2258c5e78d8ed1969e9c1b474e54,0.625,0.9817977945116325,0.9564356435643564,0.9817977945116325,0.9945476734038241,"x_only_sample_65pct_[80,100]_even_to_[40,100]",true,true,20260811
deepmath:099ac78d266ba870d4b0545a0115391d668b2258c5e78d8ed1969e9c1b474e54,0.75,0.995881477406893,0.97227722772277236,0.995881477406893,0.9986784605907344,"x_only_sample_65pct_[80,100]_even_to_[40,100]",true,true,20260811
deepmath:099ac78d266ba870d4b0545a0115391d668b2258c5e78d8ed1969e9c1b474e54,0.875,0.999250104613526,0.99914478335491963,0.999250104613526,0.9991447833549196,unchanged,false,true,20260811
deepmath:099ac78d266ba870d4b0545a0115391d668b2258c5e78d8ed1969e9c1b474e54,1.0,1.0,0.8693069306930693,1.0,1.0,"x_only_sample_65pct_[80,100]_even_to_[40,100]",true,true,20260811
deepmath:099d07b672420c9a0bfa5977ea2a11f0ba3acc46e28d893d593ffc3fb0bfa51b,0.0,0.0,0,0.0,0.0,unchanged,false,true,20260811
deepmath:099d07b672420c9a0bfa5977ea2a11f0ba3acc46e28d893d593ffc3fb0bfa51b,0.0078125,0.016600819287256565,0.025598795533298531,0.016600819287256565,0.02559879553329853,unchanged,false,true,20260811
deepmath:099d07b672420c9a0bfa5977ea2a11f0ba3acc46e28d893d593ffc3fb0bfa51b,0.015625,0.032909188253761296,0.049190862165117914,0.032909188253761296,0.049190862165117914,unchanged,false,true,20260811
deepmath:099d07b672420c9a0bfa5977ea2a11f0ba3acc46e28d893d593ffc3fb0bfa51b,0.03125,0.06474482169886635,0.090357653531444634,0.06474482169886635,0.09035765353144463,unchanged,false,true,20260811
deepmath:099d07b672420c9a0bfa5977ea2a11f0ba3acc46e28d893d593ffc3fb0bfa51b,0.0625,0.12594005131618835,0.15064544548217099,0.12594005131618835,0.150645445482171,unchanged,false,true,20260811
deepmath:099d07b672420c9a0bfa5977ea2a11f0ba3acc46e28d893d593ffc3fb0bfa51b,0.125,0.24247376651931776,0.20999651381106743,0.24247376651931776,0.20999651381106743,unchanged,false,true,20260811
deepmath:099d07b672420c9a0bfa5977ea2a11f0ba3acc46e28d893d593ffc3fb0bfa51b,0.1875,0.355677385292007,0.2304492106475543,0.355677385292007,0.2304492106475543,unchanged,false,true,20260811
deepmath:099d07b672420c9a0bfa5977ea2a11f0ba3acc46e28d893d593ffc3fb0bfa51b,0.25,0.4677895264097089,0.23768278677634483,0.4677895264097089,0.23768278677634483,unchanged,false,true,20260811
deepmath:099d07b672420c9a0bfa5977ea2a11f0ba3acc46e28d893d593ffc3fb0bfa51b,0.375,0.6905930085581987,0.24188430294944288,0.6905930085581987,0.24188430294944288,unchanged,false,true,20260811
deepmath:099d07b672420c9a0bfa5977ea2a11f0ba3acc46e28d893d593ffc3fb0bfa51b,0.5,0.8983772244364353,0.39137296187068449,0.8983772244364353,0.3913729618706845,unchanged,false,true,20260811
deepmath:099d07b672420c9a0bfa5977ea2a11f0ba3acc46e28d893d593ffc3fb0bfa51b,0.625,0.9917299091801215,0.91815060930567827,0.9917299091801215,0.9181506093056783,unchanged,false,true,20260811
deepmath:099d07b672420c9a0bfa5977ea2a11f0ba3acc46e28d893d593ffc3fb0bfa51b,0.75,0.9995253998709399,0.40792079207920795,0.9995253998709399,0.9972668891917164,"x_only_sample_65pct_[80,100]_even_to_[40,100]",true,true,20260811
deepmath:099d07b672420c9a0bfa5977ea2a11f0ba3acc46e28d893d593ffc3fb0bfa51b,0.875,0.9999517583299193,0.50099009900990099,0.9999517583299193,0.9999221989243057,"x_only_sample_65pct_[80,100]_even_to_[40,100]",true,true,20260811
deepmath:099d07b672420c9a0bfa5977ea2a11f0ba3acc46e28d893d593ffc3fb0bfa51b,1.0,1.0,1,1.0,1.0,unchanged,false,true,20260811
deepmath:099ebcdf7ba3f6358421f11d8f41cbd1e384df87c96c78e9d3d78eee40567974,0.0,0.0,0,0.0,0.0,unchanged,false,true,20260811
deepmath:099ebcdf7ba3f6358421f11d8f41cbd1e384df87c96c78e9d3d78eee40567974,0.0078125,0.03592585435941965,0.018078999282878899,0.03592585435941965,0.0180789992828789,unchanged,false,true,20260811
deepmath:099ebcdf7ba3f6358421f11d8f41cbd1e384df87c96c78e9d3d78eee40567974,0.015625,0.07140124533292189,0.037421330496774104,0.07140124533292189,0.037421330496774104,unchanged,false,true,20260811
deepmath:099ebcdf7ba3f6358421f11d8f41cbd1e384df87c96c78e9d3d78eee40567974,0.03125,0.14086918098731385,0.079904862348198089,0.14086918098731385,0.07990486234819809,unchanged,false,true,20260811
deepmath:099ebcdf7ba3f6358421f11d8f41cbd1e384df87c96c78e9d3d78eee40567974,0.0625,0.2729212692538013,0.1795925974879192,0.2729212692538013,0.1795925974879192,unchanged,false,true,20260811
deepmath:099ebcdf7ba3f6358421f11d8f41cbd1e384df87c96c78e9d3d78eee40567974,0.125,0.5027649187908534,0.41736447794604453,0.5027649187908534,0.41736447794604453,unchanged,false,true,20260811
deepmath:099ebcdf7ba3f6358421f11d8f41cbd1e384df87c96c78e9d3d78eee40567974,0.1875,0.6850549503679068,0.21096969783847666,0.6850549503679068,0.6224821446620696,"x_only_sample_49pct_post_[40,65)_random_to_[0,40)",true,true,20260811
deepmath:099ebcdf7ba3f6358421f11d8f41cbd1e384df87c96c78e9d3d78eee40567974,0.25,0.8309985977471476,0.40007137975279972,0.8309985977471476,0.7677840808001779,"x_only_sample_80pct_[60,80)_random_to_[20,60)",true,true,20260811
deepmath:099ebcdf7ba3f6358421f11d8f41cbd1e384df87c96c78e9d3d78eee40567974,0.375,0.9787974761071072,0.74455445544554455,0.9787974761071072,0.967239214605642,"x_only_sample_65pct_[80,100]_even_to_[40,100]",true,true,20260811
deepmath:099ebcdf7ba3f6358421f11d8f41cbd1e384df87c96c78e9d3d78eee40567974,0.5,0.9959703279856928,0.46138613861386141,0.9959703279856928,0.9978004732337444,"x_only_sample_65pct_[80,100]_even_to_[40,100]",true,true,20260811
deepmath:099ebcdf7ba3f6358421f11d8f41cbd1e384df87c96c78e9d3d78eee40567974,0.625,0.9987580417002709,0.67128712871287133,0.9987580417002709,0.9999158364670998,"x_only_sample_65pct_[80,100]_even_to_[40,100]",true,true,20260811
deepmath:099ebcdf7ba3f6358421f11d8f41cbd1e384df87c96c78e9d3d78eee40567974,0.75,0.9996145954355314,0.75643564356435644,0.9996145954355314,0.9999958638234651,"x_only_sample_65pct_[80,100]_even_to_[40,100]",true,true,20260811
deepmath:099ebcdf7ba3f6358421f11d8f41cbd1e384df87c96c78e9d3d78eee40567974,0.875,0.9999025740092765,0.91485148514851489,0.9999025740092765,0.9999997548932421,"x_only_sample_65pct_[80,100]_even_to_[40,100]",true,true,20260811
deepmath:099ebcdf7ba3f6358421f11d8f41cbd1e384df87c96c78e9d3d78eee40567974,1.0,1.0,0.71485148514851482,1.0,1.0,"x_only_sample_65pct_[80,100]_even_to_[40,100]",true,true,20260811
deepmath:099ee4a251d25916b3a98a3aa9ad1332e1bdd4f41828053469c3caea41e9f076,0.0,0.0,0,0.0,0.0,unchanged,false,true,20260811
deepmath:099ee4a251d25916b3a98a3aa9ad1332e1bdd4f41828053469c3caea41e9f076,0.0078125,0.025513760343002772,0.050561018262644447,0.025513760343002772,0.05056101826264445,unchanged,false,true,20260811
deepmath:099ee4a251d25916b3a98a3aa9ad1332e1bdd4f41828053469c3caea41e9f076,0.015625,0.05009180569662568,0.10094412341577677,0.05009180569662568,0.10094412341577677,unchanged,false,true,20260811
deepmath:099ee4a251d25916b3a98a3aa9ad1332e1bdd4f41828053469c3caea41e9f076,0.03125,0.09652817627616712,0.19880722357416397,0.09652817627616712,0.19880722357416397,unchanged,false,true,20260811
deepmath:099ee4a251d25916b3a98a3aa9ad1332e1bdd4f41828053469c3caea41e9f076,0.0625,0.1796377932457645,0.37077522112722494,0.1796377932457645,0.37077522112722494,unchanged,false,true,20260811
deepmath:099ee4a251d25916b3a98a3aa9ad1332e1bdd4f41828053469c3caea41e9f076,0.125,0.31804022478439103,0.60345595574364175,0.31804022478439103,0.6034559557436417,unchanged,false,true,20260811
deepmath:099ee4a251d25916b3a98a3aa9ad1332e1bdd4f41828053469c3caea41e9f076,0.1875,0.4348004576087909,0.16312770095422552,0.4348004576087909,0.7450675183051408,"x_only_sample_80pct_[60,80)_random_to_[20,60);x_only_sample_49pct_post_[40,65)_random_to_[0,40)",true,true,20260811
deepmath:099ee4a251d25916b3a98a3aa9ad1332e1bdd4f41828053469c3caea41e9f076,0.25,0.5377433354102074,0.83743371196225502,0.5377433354102074,0.837433711962255,unchanged,false,true,20260811
deepmath:099ee4a251d25916b3a98a3aa9ad1332e1bdd4f41828053469c3caea41e9f076,0.375,0.711161787038088,0.96039603960396036,0.711161787038088,0.9151734713106353,"x_only_sample_65pct_[80,100]_even_to_[40,100]",true,true,20260811
deepmath:099ee4a251d25916b3a98a3aa9ad1332e1bdd4f41828053469c3caea41e9f076,0.5,0.8511440187724976,0.93674431788879053,0.8511440187724976,0.9367443178887905,unchanged,false,true,20260811
deepmath:099ee4a251d25916b3a98a3aa9ad1332e1bdd4f41828053469c3caea41e9f076,0.625,0.9551111901039695,0.16469453360919634,0.9551111901039695,0.9869162515075951,"x_only_sample_65pct_[80,100]_even_to_[40,100];x_only_sample_49pct_post_[40,65)_random_to_[0,40)",true,true,20260811
deepmath:099ee4a251d25916b3a98a3aa9ad1332e1bdd4f41828053469c3caea41e9f076,0.75,0.9941067709833877,0.49108910891089108,0.9941067709833877,0.9985921897711478,"x_only_sample_65pct_[80,100]_even_to_[40,100]",true,true,20260811
deepmath:099ee4a251d25916b3a98a3aa9ad1332e1bdd4f41828053469c3caea41e9f076,0.875,0.9994912181940065,0.14410412204953749,0.9994912181940065,0.9991700489684021,"x_only_sample_65pct_[80,100]_even_to_[40,100];x_only_sample_49pct_post_[40,65)_random_to_[0,40)",true,true,20260811
deepmath:099ee4a251d25916b3a98a3aa9ad1332e1bdd4f41828053469c3caea41e9f076,1.0,1.0,0.13626911537985953,1.0,1.0,"x_only_sample_65pct_[80,100]_even_to_[40,100];x_only_sample_49pct_post_[40,65)_random_to_[0,40)",true,true,20260811
deepmath:09a03e17dfe1a0b102ba41b176cdbb69d856e12908b1bd75eaa22ff0e9a0bd1d,0.0,0.0,0,0.0,0.0,unchanged,false,true,20260811
deepmath:09a03e17dfe1a0b102ba41b176cdbb69d856e12908b1bd75eaa22ff0e9a0bd1d,0.0078125,0.03917187292137133,0.037148750888087514,0.03917187292137133,0.037148750888087514,unchanged,false,true,20260811
deepmath:09a03e17dfe1a0b102ba41b176cdbb69d856e12908b1bd75eaa22ff0e9a0bd1d,0.015625,0.0769919314919135,0.074326448749289009,0.0769919314919135,0.07432644874928901,unchanged,false,true,20260811
deepmath:09a03e17dfe1a0b102ba41b176cdbb69d856e12908b1bd75eaa22ff0e9a0bd1d,0.03125,0.1484916879496024,0.14881077467027901,0.1484916879496024,0.148810774670279,unchanged,false,true,20260811
deepmath:09a03e17dfe1a0b102ba41b176cdbb69d856e12908b1bd75eaa22ff0e9a0bd1d,0.0625,0.27417479110646586,0.29284753945932973,0.27417479110646586,0.29284753945932973,unchanged,false,true,20260811
deepmath:09a03e17dfe1a0b102ba41b176cdbb69d856e12908b1bd75eaa22ff0e9a0bd1d,0.125,0.4679933046770668,0.48878760783140218,0.4679933046770668,0.4887876078314022,unchanged,false,true,20260811
deepmath:09a03e17dfe1a0b102ba41b176cdbb69d856e12908b1bd75eaa22ff0e9a0bd1d,0.1875,0.6245789113648594,0.59535556275660773,0.6245789113648594,0.5953555627566077,unchanged,false,true,20260811
deepmath:09a03e17dfe1a0b102ba41b176cdbb69d856e12908b1bd75eaa22ff0e9a0bd1d,0.25,0.7461822111783518,0.36473250203717655,0.7461822111783518,0.7343643019809089,"x_only_sample_80pct_[60,80)_random_to_[20,60)",true,true,20260811
deepmath:09a03e17dfe1a0b102ba41b176cdbb69d856e12908b1bd75eaa22ff0e9a0bd1d,0.375,0.8902063914535535,0.80396039603960401,0.8902063914535535,0.9189689804203037,"x_only_sample_65pct_[80,100]_even_to_[40,100]",true,true,20260811
deepmath:09a03e17dfe1a0b102ba41b176cdbb69d856e12908b1bd75eaa22ff0e9a0bd1d,0.5,0.9479078812570347,0.66732673267326736,0.9479078812570347,0.9961072646335755,"x_only_sample_65pct_[80,100]_even_to_[40,100]",true,true,20260811
deepmath:09a03e17dfe1a0b102ba41b176cdbb69d856e12908b1bd75eaa22ff0e9a0bd1d,0.625,0.9778734225550197,0.99970776868959121,0.9778734225550197,0.9997077686895912,unchanged,false,true,20260811
deepmath:09a03e17dfe1a0b102ba41b176cdbb69d856e12908b1bd75eaa22ff0e9a0bd1d,0.75,0.9930400669419178,0.81386138613861392,0.9930400669419178,0.9999611394534031,"x_only_sample_65pct_[80,100]_even_to_[40,100]",true,true,20260811
deepmath:09a03e17dfe1a0b102ba41b176cdbb69d856e12908b1bd75eaa22ff0e9a0bd1d,0.875,0.998446799164834,0.65940594059405944,0.998446799164834,0.9999971557387172,"x_only_sample_65pct_[80,100]_even_to_[40,100]",true,true,20260811
deepmath:09a03e17dfe1a0b102ba41b176cdbb69d856e12908b1bd75eaa22ff0e9a0bd1d,1.0,1.0,1,1.0,1.0,unchanged,false,true,20260811
deepmath:09a0b598fc574015a29740886e8cbf4f7cc3db13be39d4897b76c518ad682a94,0.0,0.0,0,0.0,0.0,unchanged,false,true,20260811
deepmath:09a0b598fc574015a29740886e8cbf4f7cc3db13be39d4897b76c518ad682a94,0.0078125,0.019382103181426417,0.00054942448434935442,0.019382103181426417,0.0005494244843493544,unchanged,false,true,20260811
deepmath:09a0b598fc574015a29740886e8cbf4f7cc3db13be39d4897b76c518ad682a94,0.015625,0.038759170704278895,0.0010612953435644172,0.038759170704278895,0.0010612953435644172,unchanged,false,true,20260811
deepmath:09a0b598fc574015a29740886e8cbf4f7cc3db13be39d4897b76c518ad682a94,0.03125,0.07749917657204337,0.0020058221244117456,0.07749917657204337,0.0020058221244117456,unchanged,false,true,20260811
deepmath:09a0b598fc574015a29740886e8cbf4f7cc3db13be39d4897b76c518ad682a94,0.0625,0.15492164490814003,0.0038206595435216367,0.15492164490814003,0.0038206595435216367,unchanged,false,true,20260811
deepmath:09a0b598fc574015a29740886e8cbf4f7cc3db13be39d4897b76c518ad682a94,0.125,0.30941173876548234,0.010020157203504536,0.30941173876548234,0.010020157203504536,unchanged,false,true,20260811
deepmath:09a0b598fc574015a29740886e8cbf4f7cc3db13be39d4897b76c518ad682a94,0.1875,0.46241362439961375,0.033438364525121812,0.46241362439961375,0.03343836452512181,unchanged,false,true,20260811
deepmath:09a0b598fc574015a29740886e8cbf4f7cc3db13be39d4897b76c518ad682a94,0.25,0.6093392790608956,0.12145508972299869,0.6093392790608956,0.12145508972299869,unchanged,false,true,20260811
deepmath:09a0b598fc574015a29740886e8cbf4f7cc3db13be39d4897b76c518ad682a94,0.375,0.8432349618245745,0.19226407310126489,0.8432349618245745,0.5114810854844457,"x_only_sample_49pct_post_[40,65)_random_to_[0,40)",true,true,20260811
deepmath:09a0b598fc574015a29740886e8cbf4f7cc3db13be39d4897b76c518ad682a94,0.5,0.9682299811671257,0.91737577234751511,0.9682299811671257,0.9173757723475151,unchanged,false,true,20260811
deepmath:09a0b598fc574015a29740886e8cbf4f7cc3db13be39d4897b76c518ad682a94,0.625,0.9942481534411123,0.65742574257425745,0.9942481534411123,0.9984689433291846,"x_only_sample_65pct_[80,100]_even_to_[40,100]",true,true,20260811
deepmath:09a0b598fc574015a29740886e8cbf4f7cc3db13be39d4897b76c518ad682a94,0.75,0.9988773903672349,0.99991197868088044,0.9988773903672349,0.9999119786808804,unchanged,false,true,20260811
deepmath:09a0b598fc574015a29740886e8cbf4f7cc3db13be39d4897b76c518ad682a94,0.875,0.9998074716168526,0.9999902286445741,0.9998074716168526,0.9999902286445741,unchanged,false,true,20260811
deepmath:09a0b598fc574015a29740886e8cbf4f7cc3db13be39d4897b76c518ad682a94,1.0,1.0,1,1.0,1.0,unchanged,false,true,20260811
deepmath:09a4663639e0e554e9b4535ad7c6df3c4c9112ab8be62d7d3115be4abbb7016f,0.0,0.0,0,0.0,0.0,unchanged,false,true,20260811
deepmath:09a4663639e0e554e9b4535ad7c6df3c4c9112ab8be62d7d3115be4abbb7016f,0.0078125,0.023130230564140822,0.0067529300427592595,0.023130230564140822,0.0067529300427592595,unchanged,false,true,20260811
deepmath:09a4663639e0e554e9b4535ad7c6df3c4c9112ab8be62d7d3115be4abbb7016f,0.015625,0.04619246794662806,0.013722905686779367,0.04619246794662806,0.013722905686779367,unchanged,false,true,20260811
deepmath:09a4663639e0e554e9b4535ad7c6df3c4c9112ab8be62d7d3115be4abbb7016f,0.03125,0.0921054995001394,0.028327122467572335,0.0921054995001394,0.028327122467572335,unchanged,false,true,20260811
deepmath:09a4663639e0e554e9b4535ad7c6df3c4c9112ab8be62d7d3115be4abbb7016f,0.0625,0.1830246040996526,0.060175683930128759,0.1830246040996526,0.06017568393012876,unchanged,false,true,20260811
deepmath:09a4663639e0e554e9b4535ad7c6df3c4c9112ab8be62d7d3115be4abbb7016f,0.125,0.3606816017093929,0.13319461845246033,0.3606816017093929,0.13319461845246033,unchanged,false,true,20260811
deepmath:09a4663639e0e554e9b4535ad7c6df3c4c9112ab8be62d7d3115be4abbb7016f,0.1875,0.5311537950816735,0.21856645374494932,0.5311537950816735,0.21856645374494932,unchanged,false,true,20260811
deepmath:09a4663639e0e554e9b4535ad7c6df3c4c9112ab8be62d7d3115be4abbb7016f,0.25,0.6884633614762772,0.34445945563573904,0.6884633614762772,0.34445945563573904,unchanged,false,true,20260811
deepmath:09a4663639e0e554e9b4535ad7c6df3c4c9112ab8be62d7d3115be4abbb7016f,0.375,0.8866059091406049,0.40744562477289636,0.8866059091406049,0.7804025191413899,"x_only_sample_80pct_[60,80)_random_to_[20,60)",true,true,20260811
deepmath:09a4663639e0e554e9b4535ad7c6df3c4c9112ab8be62d7d3115be4abbb7016f,0.5,0.9553863025644094,0.88011895337872803,0.9553863025644094,0.880118953378728,unchanged,false,true,20260811
deepmath:09a4663639e0e554e9b4535ad7c6df3c4c9112ab8be62d7d3115be4abbb7016f,0.625,0.9853649802635233,0.69900990099009896,0.9853649802635233,0.9018706805942189,"x_only_sample_65pct_[80,100]_even_to_[40,100]",true,true,20260811
deepmath:09a4663639e0e554e9b4535ad7c6df3c4c9112ab8be62d7d3115be4abbb7016f,0.75,0.995993979527737,0.42970297029702975,0.995993979527737,0.9700544397666785,"x_only_sample_65pct_[80,100]_even_to_[40,100]",true,true,20260811
deepmath:09a4663639e0e554e9b4535ad7c6df3c4c9112ab8be62d7d3115be4abbb7016f,0.875,0.9991342146857236,0.99336419090579242,0.9991342146857236,0.9933641909057924,unchanged,false,true,20260811
deepmath:09a4663639e0e554e9b4535ad7c6df3c4c9112ab8be62d7d3115be4abbb7016f,1.0,1.0,0.902970297029703,1.0,1.0,"x_only_sample_65pct_[80,100]_even_to_[40,100]",true,true,20260811
deepmath:09a80419d6f117ccdc7d8934d792434e4bbfd168a814e4f2569309c513468d63,0.0,0.0,0,0.0,0.0,unchanged,false,true,20260811
deepmath:09a80419d6f117ccdc7d8934d792434e4bbfd168a814e4f2569309c513468d63,0.0078125,0.09708105724839595,0.0480570881826895,0.09708105724839595,0.0480570881826895,unchanged,false,true,20260811
deepmath:09a80419d6f117ccdc7d8934d792434e4bbfd168a814e4f2569309c513468d63,0.015625,0.1898650028496455,0.097040575619886882,0.1898650028496455,0.09704057561988688,unchanged,false,true,20260811
deepmath:09a80419d6f117ccdc7d8934d792434e4bbfd168a814e4f2569309c513468d63,0.03125,0.3617182807110186,0.19944522355726996,0.3617182807110186,0.19944522355726996,unchanged,false,true,20260811
deepmath:09a80419d6f117ccdc7d8934d792434e4bbfd168a814e4f2569309c513468d63,0.0625,0.6426433431511525,0.42919203293752883,0.6426433431511525,0.42919203293752883,unchanged,false,true,20260811
deepmath:09a80419d6f117ccdc7d8934d792434e4bbfd168a814e4f2569309c513468d63,0.125,0.9267239500957429,0.84044829674035204,0.9267239500957429,0.840448296740352,unchanged,false,true,20260811
deepmath:09a80419d6f117ccdc7d8934d792434e4bbfd168a814e4f2569309c513468d63,0.1875,0.9886112442654622,0.84554455445544563,0.9886112442654622,0.9733201889102507,"x_only_sample_65pct_[80,100]_even_to_[40,100]",true,true,20260811
deepmath:09a80419d6f117ccdc7d8934d792434e4bbfd168a814e4f2569309c513468d63,0.25,0.9982201464384558,0.99578769477781071,0.9982201464384558,0.9957876947778107,unchanged,false,true,20260811
deepmath:09a80419d6f117ccdc7d8934d792434e4bbfd168a814e4f2569309c513468d63,0.375,0.9999201073893401,0.9782178217821782,0.9999201073893401,0.9998103414970366,"x_only_sample_65pct_[80,100]_even_to_[40,100]",true,true,20260811
deepmath:09a80419d6f117ccdc7d8934d792434e4bbfd168a814e4f2569309c513468d63,0.5,0.9999820562050924,0.11158841556024593,0.9999820562050924,0.9999573964711299,"x_only_sample_65pct_[80,100]_even_to_[40,100];x_only_sample_49pct_post_[40,65)_random_to_[0,40)",true,true,20260811
deepmath:09a80419d6f117ccdc7d8934d792434e4bbfd168a814e4f2569309c513468d63,0.625,0.9999918825689703,0.99998034413712611,0.9999918825689703,0.9999803441371261,unchanged,false,true,20260811
deepmath:09a80419d6f117ccdc7d8934d792434e4bbfd168a814e4f2569309c513468d63,0.75,0.9999961549010912,0.94851485148514847,0.9999961549010912,0.9999906310218828,"x_only_sample_65pct_[80,100]_even_to_[40,100]",true,true,20260811
deepmath:09a80419d6f117ccdc7d8934d792434e4bbfd168a814e4f2569309c513468d63,0.875,0.9999987183003637,0.302785991565172,0.9999987183003637,0.999996454981253,"x_only_sample_65pct_[80,100]_even_to_[40,100];x_only_sample_49pct_post_[40,65)_random_to_[0,40)",true,true,20260811
deepmath:09a80419d6f117ccdc7d8934d792434e4bbfd168a814e4f2569309c513468d63,1.0,1.0,0.99603960396039604,1.0,1.0,"x_only_sample_65pct_[80,100]_even_to_[40,100]",true,true,20260811
deepmath:09ad1fb5371a883b6d56ba86bdcbb8b4bd1031fc6e7b35777c78b211a480a0de,0.0,0.0,0,0.0,0.0,unchanged,false,true,20260811
deepmath:09ad1fb5371a883b6d56ba86bdcbb8b4bd1031fc6e7b35777c78b211a480a0de,0.0078125,0.0291910604358223,0.002518487931042224,0.0291910604358223,0.002518487931042224,unchanged,false,true,20260811
deepmath:09ad1fb5371a883b6d56ba86bdcbb8b4bd1031fc6e7b35777c78b211a480a0de,0.015625,0.05836017058774644,0.0049466915484556824,0.05836017058774644,0.004946691548455682,unchanged,false,true,20260811
deepmath:09ad1fb5371a883b6d56ba86bdcbb8b4bd1031fc6e7b35777c78b211a480a0de,0.03125,0.11663782219377945,0.0096316510035660309,0.11663782219377945,0.009631651003566031,unchanged,false,true,20260811
deepmath:09ad1fb5371a883b6d56ba86bdcbb8b4bd1031fc6e7b35777c78b211a480a0de,0.0625,0.2329762049532048,0.018918664586589726,0.2329762049532048,0.018918664586589726,unchanged,false,true,20260811
deepmath:09ad1fb5371a883b6d56ba86bdcbb8b4bd1031fc6e7b35777c78b211a480a0de,0.125,0.46469220537202094,0.042087782897690454,0.46469220537202094,0.042087782897690454,unchanged,false,true,20260811
deepmath:09ad1fb5371a883b6d56ba86bdcbb8b4bd1031fc6e7b35777c78b211a480a0de,0.1875,0.6924895518996269,0.09943229494115631,0.6924895518996269,0.09943229494115631,unchanged,false,true,20260811
deepmath:09ad1fb5371a883b6d56ba86bdcbb8b4bd1031fc6e7b35777c78b211a480a0de,0.25,0.8910968944221864,0.37566331646436385,0.8910968944221864,0.37566331646436385,unchanged,false,true,20260811
deepmath:09ad1fb5371a883b6d56ba86bdcbb8b4bd1031fc6e7b35777c78b211a480a0de,0.375,0.9984252138568034,0.87722772277227723,0.9984252138568034,0.9832107456961994,"x_only_sample_65pct_[80,100]_even_to_[40,100]",true,true,20260811
deepmath:09ad1fb5371a883b6d56ba86bdcbb8b4bd1031fc6e7b35777c78b211a480a0de,0.5,0.9999865011623086,0.10141715418920488,0.9999865011623086,0.9998272182088297,"x_only_sample_65pct_[80,100]_even_to_[40,100];x_only_sample_49pct_post_[40,65)_random_to_[0,40)",true,true,20260811
deepmath:09ad1fb5371a883b6d56ba86bdcbb8b4bd1031fc6e7b35777c78b211a480a0de,0.625,1.0000009390495785,0.22294501090780861,1.0000009390495785,0.9999877118944961,"x_only_sample_65pct_[80,100]_even_to_[40,100];x_only_sample_49pct_post_[40,65)_random_to_[0,40)",true,true,20260811
deepmath:09ad1fb5371a883b6d56ba86bdcbb8b4bd1031fc6e7b35777c78b211a480a0de,0.75,1.0000009390495785,0.60396039603960394,1.0000009390495785,0.9999951162657612,"x_only_sample_65pct_[80,100]_even_to_[40,100]",true,true,20260811
deepmath:09ad1fb5371a883b6d56ba86bdcbb8b4bd1031fc6e7b35777c78b211a480a0de,0.875,1.0000005869059865,0.9999982670620442,1.0000005869059865,0.9999982670620442,unchanged,false,true,20260811
deepmath:09ad1fb5371a883b6d56ba86bdcbb8b4bd1031fc6e7b35777c78b211a480a0de,1.0,1.0,0.89702970297029705,1.0,1.0,"x_only_sample_65pct_[80,100]_even_to_[40,100]",true,true,20260811
deepmath:09b1888190772324518ad8243833b73cf19fd09f8d53af920d4124b30a541105,0.0,0.0,0,0.0,0.0,unchanged,false,true,20260811
deepmath:09b1888190772324518ad8243833b73cf19fd09f8d53af920d4124b30a541105,0.0078125,0.1071889358452809,0.060103338895922023,0.1071889358452809,0.06010333889592202,unchanged,false,true,20260811
deepmath:09b1888190772324518ad8243833b73cf19fd09f8d53af920d4124b30a541105,0.015625,0.2072932711929118,0.12333013471223674,0.2072932711929118,0.12333013471223674,unchanged,false,true,20260811
deepmath:09b1888190772324518ad8243833b73cf19fd09f8d53af920d4124b30a541105,0.03125,0.3851131780700484,0.25524214037649123,0.3851131780700484,0.25524214037649123,unchanged,false,true,20260811
deepmath:09b1888190772324518ad8243833b73cf19fd09f8d53af920d4124b30a541105,0.0625,0.6505237612508832,0.50952179128141051,0.6505237612508832,0.5095217912814105,unchanged,false,true,20260811
deepmath:09b1888190772324518ad8243833b73cf19fd09f8d53af920d4124b30a541105,0.125,0.9001145384888819,0.49702970297029703,0.9001145384888819,0.8296584154050348,"x_only_sample_65pct_[80,100]_even_to_[40,100]",true,true,20260811
deepmath:09b1888190772324518ad8243833b73cf19fd09f8d53af920d4124b30a541105,0.1875,0.9698074787928258,0.67920792079207915,0.9698074787928258,0.9364783188705189,"x_only_sample_65pct_[80,100]_even_to_[40,100]",true,true,20260811
deepmath:09b1888190772324518ad8243833b73cf19fd09f8d53af920d4124b30a541105,0.25,0.9882674846733459,0.70891089108910887,0.9882674846733459,0.9664750397151302,"x_only_sample_65pct_[80,100]_even_to_[40,100]",true,true,20260811
deepmath:09b1888190772324518ad8243833b73cf19fd09f8d53af920d4124b30a541105,0.375,0.9966241864914799,0.90891089108910894,0.9966241864914799,0.9811275353611838,"x_only_sample_65pct_[80,100]_even_to_[40,100]",true,true,20260811
deepmath:09b1888190772324518ad8243833b73cf19fd09f8d53af920d4124b30a541105,0.5,0.9993921999727917,0.98716096354074401,0.9993921999727917,0.987160963540744,unchanged,false,true,20260811
deepmath:09b1888190772324518ad8243833b73cf19fd09f8d53af920d4124b30a541105,0.625,1.000889209245582,0.9916146355122617,1.000889209245582,0.9916146355122617,unchanged,false,true,20260811
deepmath:09b1888190772324518ad8243833b73cf19fd09f8d53af920d4124b30a541105,0.75,1.0014536733502728,0.74653465346534653,1.0014536733502728,0.9951046037169883,"x_only_sample_65pct_[80,100]_even_to_[40,100]",true,true,20260811
deepmath:09b1888190772324518ad8243833b73cf19fd09f8d53af920d4124b30a541105,0.875,1.0011525161165749,0.98217821782178227,1.0011525161165749,0.9978471243632869,"x_only_sample_65pct_[80,100]_even_to_[40,100]",true,true,20260811
deepmath:09b1888190772324518ad8243833b73cf19fd09f8d53af920d4124b30a541105,1.0,1.0,0.17578223977156801,1.0,1.0,"x_only_sample_65pct_[80,100]_even_to_[40,100];x_only_sample_49pct_post_[40,65)_random_to_[0,40)",true,true,20260811
deepmath:09b235d0d8287524b64374194187d6e0c87c833b09c151966fd43c6c40c4086c,0.0,0.0,0,0.0,0.0,unchanged,false,true,20260811
deepmath:09b235d0d8287524b64374194187d6e0c87c833b09c151966fd43c6c40c4086c,0.0078125,0.03595723359222081,0.0087198252375968906,0.03595723359222081,0.00871982523759689,unchanged,false,true,20260811
deepmath:09b235d0d8287524b64374194187d6e0c87c833b09c151966fd43c6c40c4086c,0.015625,0.07161020584517874,0.018110572526048148,0.07161020584517874,0.018110572526048148,unchanged,false,true,20260811
deepmath:09b235d0d8287524b64374194187d6e0c87c833b09c151966fd43c6c40c4086c,0.03125,0.1419149182695667,0.039094787065942715,0.1419149182695667,0.039094787065942715,unchanged,false,true,20260811
deepmath:09b235d0d8287524b64374194187d6e0c87c833b09c151966fd43c6c40c4086c,0.0625,0.2776972900397751,0.091149397087450929,0.2776972900397751,0.09114939708745093,unchanged,false,true,20260811
deepmath:09b235d0d8287524b64374194187d6e0c87c833b09c151966fd43c6c40c4086c,0.125,0.5220845970350441,0.24224875020680156,0.5220845970350441,0.24224875020680156,unchanged,false,true,20260811
deepmath:09b235d0d8287524b64374194187d6e0c87c833b09c151966fd43c6c40c4086c,0.1875,0.7144724028773924,0.30784679488324096,0.7144724028773924,0.44535009270732834,"x_only_sample_49pct_post_[40,65)_random_to_[0,40)",true,true,20260811
deepmath:09b235d0d8287524b64374194187d6e0c87c833b09c151966fd43c6c40c4086c,0.25,0.8445706598314002,0.23731640783676516,0.8445706598314002,0.6466830636175208,"x_only_sample_80pct_[60,80)_random_to_[20,60)",true,true,20260811
deepmath:09b235d0d8287524b64374194187d6e0c87c833b09c151966fd43c6c40c4086c,0.375,0.9596053270499829,0.8974399877454694,0.9596053270499829,0.8974399877454694,unchanged,false,true,20260811
deepmath:09b235d0d8287524b64374194187d6e0c87c833b09c151966fd43c6c40c4086c,0.5,0.9888515638059908,0.66534653465346527,0.9888515638059908,0.9698423867990461,"x_only_sample_65pct_[80,100]_even_to_[40,100]",true,true,20260811
deepmath:09b235d0d8287524b64374194187d6e0c87c833b09c151966fd43c6c40c4086c,0.625,0.9963802629914729,0.6732673267326732,0.9963802629914729,0.989033315615212,"x_only_sample_65pct_[80,100]_even_to_[40,100]",true,true,20260811
deepmath:09b235d0d8287524b64374194187d6e0c87c833b09c151966fd43c6c40c4086c,0.75,0.9987144073935504,0.22207796914098027,0.9987144073935504,0.9960935944841469,"x_only_sample_65pct_[80,100]_even_to_[40,100];x_only_sample_49pct_post_[40,65)_random_to_[0,40)",true,true,20260811
deepmath:09b235d0d8287524b64374194187d6e0c87c833b09c151966fd43c6c40c4086c,0.875,0.9996055216357231,0.94059405940594054,0.9996055216357231,0.9987996769704348,"x_only_sample_65pct_[80,100]_even_to_[40,100]",true,true,20260811
deepmath:09b235d0d8287524b64374194187d6e0c87c833b09c151966fd43c6c40c4086c,1.0,1.0,0.25057607879677024,1.0,1.0,"x_only_sample_65pct_[80,100]_even_to_[40,100];x_only_sample_49pct_post_[40,65)_random_to_[0,40)",true,true,20260811
deepmath:09b8b9d9c603d831e881fcc34bff7511da2795df1dba2ed3e8547b076a09ca98,0.0,0.0,0,0.0,0.0,unchanged,false,true,20260811
deepmath:09b8b9d9c603d831e881fcc34bff7511da2795df1dba2ed3e8547b076a09ca98,0.0078125,0.02723948858215126,0.0054999841677726858,0.02723948858215126,0.005499984167772686,unchanged,false,true,20260811
deepmath:09b8b9d9c603d831e881fcc34bff7511da2795df1dba2ed3e8547b076a09ca98,0.015625,0.054398193499141274,0.011738646482401647,0.054398193499141274,0.011738646482401647,unchanged,false,true,20260811
deepmath:09b8b9d9c603d831e881fcc34bff7511da2795df1dba2ed3e8547b076a09ca98,0.03125,0.10841714903632085,0.026888074246805203,0.10841714903632085,0.026888074246805203,unchanged,false,true,20260811
deepmath:09b8b9d9c603d831e881fcc34bff7511da2795df1dba2ed3e8547b076a09ca98,0.0625,0.2147175116086763,0.072054377294808972,0.2147175116086763,0.07205437729480897,unchanged,false,true,20260811
deepmath:09b8b9d9c603d831e881fcc34bff7511da2795df1dba2ed3e8547b076a09ca98,0.125,0.4124714712804529,0.26707245518407829,0.4124714712804529,0.2670724551840783,unchanged,false,true,20260811
deepmath:09b8b9d9c603d831e881fcc34bff7511da2795df1dba2ed3e8547b076a09ca98,0.1875,0.5659554735703836,0.26025545448404508,0.5659554735703836,0.6127296356636363,"x_only_sample_80pct_[60,80)_random_to_[20,60)",true,true,20260811
deepmath:09b8b9d9c603d831e881fcc34bff7511da2795df1dba2ed3e8547b076a09ca98,0.25,0.6619150181286177,0.86266778429536406,0.6619150181286177,0.8626677842953641,unchanged,false,true,20260811
deepmath:09b8b9d9c603d831e881fcc34bff7511da2795df1dba2ed3e8547b076a09ca98,0.375,0.7765054385853317,0.98116785360455794,0.7765054385853317,0.9811678536045579,unchanged,false,true,20260811
deepmath:09b8b9d9c603d831e881fcc34bff7511da2795df1dba2ed3e8547b076a09ca98,0.5,0.8639832071751161,0.99784090692126892,0.8639832071751161,0.9978409069212689,unchanged,false,true,20260811
deepmath:09b8b9d9c603d831e881fcc34bff7511da2795df1dba2ed3e8547b076a09ca98,0.625,0.9303891609948477,0.99977126663808813,0.9303891609948477,0.9997712666380881,unchanged,false,true,20260811
deepmath:09b8b9d9c603d831e881fcc34bff7511da2795df1dba2ed3e8547b076a09ca98,0.75,0.9713743400547039,0.83168316831683164,0.9713743400547039,0.9999806467173856,"x_only_sample_65pct_[80,100]_even_to_[40,100]",true,true,20260811
deepmath:09b8b9d9c603d831e881fcc34bff7511da2795df1dba2ed3e8547b076a09ca98,0.875,0.9915459576362826,0.92871287128712865,0.9915459576362826,0.9999986977604867,"x_only_sample_65pct_[80,100]_even_to_[40,100]",true,true,20260811
deepmath:09b8b9d9c603d831e881fcc34bff7511da2795df1dba2ed3e8547b076a09ca98,1.0,1.0,0.43168316831683173,1.0,1.0,"x_only_sample_65pct_[80,100]_even_to_[40,100]",true,true,20260811
deepmath:09bcac1866fe2b37d4dd16fd8ff262b6b2c433a0e0266cbc7ca194cab0fa3946,0.0,0.0,0,0.0,0.0,unchanged,false,true,20260811
deepmath:09bcac1866fe2b37d4dd16fd8ff262b6b2c433a0e0266cbc7ca194cab0fa3946,0.0078125,0.01923272808984623,0.0015070560503018711,0.01923272808984623,0.001507056050301871,unchanged,false,true,20260811
deepmath:09bcac1866fe2b37d4dd16fd8ff262b6b2c433a0e0266cbc7ca194cab0fa3946,0.015625,0.038457558869874495,0.0031418925170447224,0.038457558869874495,0.0031418925170447224,unchanged,false,true,20260811
deepmath:09bcac1866fe2b37d4dd16fd8ff262b6b2c433a0e0266cbc7ca194cab0fa3946,0.03125,0.07688016483148054,0.0068461295223397368,0.07688016483148054,0.006846129522339737,unchanged,false,true,20260811
deepmath:09bcac1866fe2b37d4dd16fd8ff262b6b2c433a0e0266cbc7ca194cab0fa3946,0.0625,0.15359251182932918,0.016410064726698613,0.15359251182932918,0.016410064726698613,unchanged,false,true,20260811
deepmath:09bcac1866fe2b37d4dd16fd8ff262b6b2c433a0e0266cbc7ca194cab0fa3946,0.125,0.3061868183223145,0.048747719513613307,0.3061868183223145,0.048747719513613307,unchanged,false,true,20260811
deepmath:09bcac1866fe2b37d4dd16fd8ff262b6b2c433a0e0266cbc7ca194cab0fa3946,0.1875,0.45668614401636554,0.11226102097850808,0.45668614401636554,0.11226102097850808,unchanged,false,true,20260811
deepmath:09bcac1866fe2b37d4dd16fd8ff262b6b2c433a0e0266cbc7ca194cab0fa3946,0.25,0.6026999439802866,0.23229500970638256,0.6026999439802866,0.23229500970638256,unchanged,false,true,20260811
deepmath:09bcac1866fe2b37d4dd16fd8ff262b6b2c433a0e0266cbc7ca194cab0fa3946,0.375,0.8521204605915831,0.23499800475478322,0.8521204605915831,0.7162783113750953,"x_only_sample_80pct_[60,80)_random_to_[20,60)",true,true,20260811
deepmath:09bcac1866fe2b37d4dd16fd8ff262b6b2c433a0e0266cbc7ca194cab0fa3946,0.5,0.9625605359874925,0.47722772277227726,0.9625605359874925,0.9747634847719191,"x_only_sample_65pct_[80,100]_even_to_[40,100]",true,true,20260811
deepmath:09bcac1866fe2b37d4dd16fd8ff262b6b2c433a0e0266cbc7ca194cab0fa3946,0.625,0.9897868040779075,0.31824407656640774,0.9897868040779075,0.996744395731647,"x_only_sample_65pct_[80,100]_even_to_[40,100];x_only_sample_49pct_post_[40,65)_random_to_[0,40)",true,true,20260811
deepmath:09bcac1866fe2b37d4dd16fd8ff262b6b2c433a0e0266cbc7ca194cab0fa3946,0.75,0.9973794093587363,0.99985683080738796,0.9973794093587363,0.999856830807388,unchanged,false,true,20260811
deepmath:09bcac1866fe2b37d4dd16fd8ff262b6b2c433a0e0266cbc7ca194cab0fa3946,0.875,0.9994538425274959,0.99999531179000178,0.9994538425274959,0.9999953117900018,unchanged,false,true,20260811
deepmath:09bcac1866fe2b37d4dd16fd8ff262b6b2c433a0e0266cbc7ca194cab0fa3946,1.0,1.0,0.26541397574802966,1.0,1.0,"x_only_sample_65pct_[80,100]_even_to_[40,100];x_only_sample_49pct_post_[40,65)_random_to_[0,40)",true,true,20260811
deepmath:09c0a69fc4ddad0e7ddcefc9c15a18cdd823d2949b3c60077ea854f2a3e6c628,0.0,0.0,0,0.0,0.0,unchanged,false,true,20260811
deepmath:09c0a69fc4ddad0e7ddcefc9c15a18cdd823d2949b3c60077ea854f2a3e6c628,0.0078125,0.020398951226911467,0.044591306315408939,0.020398951226911467,0.04459130631540894,unchanged,false,true,20260811
deepmath:09c0a69fc4ddad0e7ddcefc9c15a18cdd823d2949b3c60077ea854f2a3e6c628,0.015625,0.040263977415349775,0.08491503073469385,0.040263977415349775,0.08491503073469385,unchanged,false,true,20260811
deepmath:09c0a69fc4ddad0e7ddcefc9c15a18cdd823d2949b3c60077ea854f2a3e6c628,0.03125,0.0786471911152633,0.15419683670218989,0.0786471911152633,0.1541968367021899,unchanged,false,true,20260811
deepmath:09c0a69fc4ddad0e7ddcefc9c15a18cdd823d2949b3c60077ea854f2a3e6c628,0.0625,0.15141585273026217,0.25729355582857782,0.15141585273026217,0.2572935558285778,unchanged,false,true,20260811
deepmath:09c0a69fc4ddad0e7ddcefc9c15a18cdd823d2949b3c60077ea854f2a3e6c628,0.125,0.28767233641461837,0.38146836576128262,0.28767233641461837,0.3814683657612826,unchanged,false,true,20260811
deepmath:09c0a69fc4ddad0e7ddcefc9c15a18cdd823d2949b3c60077ea854f2a3e6c628,0.1875,0.417719738118088,0.20756756943781302,0.417719738118088,0.44860965569385763,"x_only_sample_49pct_post_[40,65)_random_to_[0,40)",true,true,20260811
deepmath:09c0a69fc4ddad0e7ddcefc9c15a18cdd823d2949b3c60077ea854f2a3e6c628,0.25,0.54472239975335,0.48534531584435731,0.54472239975335,0.4853453158443573,unchanged,false,true,20260811
deepmath:09c0a69fc4ddad0e7ddcefc9c15a18cdd823d2949b3c60077ea854f2a3e6c628,0.375,0.7908799639810643,0.5199559219394484,0.7908799639810643,0.5199559219394484,unchanged,false,true,20260811
deepmath:09c0a69fc4ddad0e7ddcefc9c15a18cdd823d2949b3c60077ea854f2a3e6c628,0.5,0.9675988554136431,0.20678657929615074,0.9675988554136431,0.738293043051228,"x_only_sample_80pct_[60,80)_random_to_[20,60)",true,true,20260811
deepmath:09c0a69fc4ddad0e7ddcefc9c15a18cdd823d2949b3c60077ea854f2a3e6c628,0.625,0.9979325025508059,0.60594059405940592,0.9979325025508059,0.990829964695485,"x_only_sample_65pct_[80,100]_even_to_[40,100]",true,true,20260811
deepmath:09c0a69fc4ddad0e7ddcefc9c15a18cdd823d2949b3c60077ea854f2a3e6c628,0.75,0.9997866606217763,0.81188118811881194,0.9997866606217763,0.999774608676143,"x_only_sample_65pct_[80,100]_even_to_[40,100]",true,true,20260811
deepmath:09c0a69fc4ddad0e7ddcefc9c15a18cdd823d2949b3c60077ea854f2a3e6c628,0.875,0.9999745475413624,0.76633663366336635,0.9999745475413624,0.9999754784186425,"x_only_sample_65pct_[80,100]_even_to_[40,100]",true,true,20260811
deepmath:09c0a69fc4ddad0e7ddcefc9c15a18cdd823d2949b3c60077ea854f2a3e6c628,1.0,1.0,1,1.0,1.0,unchanged,false,true,20260811
deepmath:09c1229f686dcbb1413d2b91ca0710ced65e5b7b8274454d61098191982421cf,0.0,0.0,0,0.0,0.0,unchanged,false,true,20260811
deepmath:09c1229f686dcbb1413d2b91ca0710ced65e5b7b8274454d61098191982421cf,0.0078125,0.02333848095443592,0.0454152027601189,0.02333848095443592,0.0454152027601189,unchanged,false,true,20260811
deepmath:09c1229f686dcbb1413d2b91ca0710ced65e5b7b8274454d61098191982421cf,0.015625,0.045823455240516384,0.090271210825223838,0.045823455240516384,0.09027121082522384,unchanged,false,true,20260811
deepmath:09c1229f686dcbb1413d2b91ca0710ced65e5b7b8274454d61098191982421cf,0.03125,0.08832615244651013,0.17686491182228559,0.08832615244651013,0.1768649118222856,unchanged,false,true,20260811
deepmath:09c1229f686dcbb1413d2b91ca0710ced65e5b7b8274454d61098191982421cf,0.0625,0.1644183336087717,0.32888657090739731,0.1644183336087717,0.3288865709073973,unchanged,false,true,20260811
deepmath:09c1229f686dcbb1413d2b91ca0710ced65e5b7b8274454d61098191982421cf,0.125,0.2909602072122957,0.20012917144206607,0.2909602072122957,0.5187913248079807,"x_only_sample_49pct_post_[40,65)_random_to_[0,40)",true,true,20260811
deepmath:09c1229f686dcbb1413d2b91ca0710ced65e5b7b8274454d61098191982421cf,0.1875,0.40049699128802346,0.59231080885005305,0.40049699128802346,0.592310808850053,unchanged,false,true,20260811
deepmath:09c1229f686dcbb1413d2b91ca0710ced65e5b7b8274454d61098191982421cf,0.25,0.5042271685909546,0.54121538129787505,0.5042271685909546,0.6224601117830133,"x_only_sample_80pct_[60,80)_random_to_[20,60)",true,true,20260811
deepmath:09c1229f686dcbb1413d2b91ca0710ced65e5b7b8274454d61098191982421cf,0.375,0.7024657156740766,0.29989272782368581,0.7024657156740766,0.702152579556615,"x_only_sample_80pct_[60,80)_random_to_[20,60)",true,true,20260811
deepmath:09c1229f686dcbb1413d2b91ca0710ced65e5b7b8274454d61098191982421cf,0.5,0.865318911353043,0.042787785549399777,0.865318911353043,0.9052466369245596,"x_only_sample_65pct_[80,100]_even_to_[40,100];x_only_sample_49pct_post_[40,65)_random_to_[0,40)",true,true,20260811
deepmath:09c1229f686dcbb1413d2b91ca0710ced65e5b7b8274454d61098191982421cf,0.625,0.9615531266573557,0.77821782178217824,0.9615531266573557,0.9935238679942594,"x_only_sample_65pct_[80,100]_even_to_[40,100]",true,true,20260811
deepmath:09c1229f686dcbb1413d2b91ca0710ced65e5b7b8274454d61098191982421cf,0.75,0.9942790538502406,0.61782178217821782,0.9942790538502406,0.9995658924170054,"x_only_sample_65pct_[80,100]_even_to_[40,100]",true,true,20260811
deepmath:09c1229f686dcbb1413d2b91ca0710ced65e5b7b8274454d61098191982421cf,0.875,0.9993601282955682,0.096687371005181683,0.9993601282955682,0.9999932578481598,"x_only_sample_65pct_[80,100]_even_to_[40,100];x_only_sample_49pct_post_[40,65)_random_to_[0,40)",true,true,20260811
deepmath:09c1229f686dcbb1413d2b91ca0710ced65e5b7b8274454d61098191982421cf,1.0,1.0,1,1.0,1.0,unchanged,false,true,20260811
deepmath:09c2ab42bad1fcb9e8267c5b8c2aa38e46d1c783955bb623ed105831cdd8fd56,0.0,0.0,0,0.0,0.0,unchanged,false,true,20260811
deepmath:09c2ab42bad1fcb9e8267c5b8c2aa38e46d1c783955bb623ed105831cdd8fd56,0.0078125,0.030837279903481916,0.017297498388545503,0.030837279903481916,0.017297498388545503,unchanged,false,true,20260811
deepmath:09c2ab42bad1fcb9e8267c5b8c2aa38e46d1c783955bb623ed105831cdd8fd56,0.015625,0.0611810428050672,0.035250097506985517,0.0611810428050672,0.03525009750698552,unchanged,false,true,20260811
deepmath:09c2ab42bad1fcb9e8267c5b8c2aa38e46d1c783955bb623ed105831cdd8fd56,0.03125,0.12026252753631586,0.07484215149482483,0.12026252753631586,0.07484215149482483,unchanged,false,true,20260811
deepmath:09c2ab42bad1fcb9e8267c5b8c2aa38e46d1c783955bb623ed105831cdd8fd56,0.0625,0.2309701371305943,0.16974372453921482,0.2309701371305943,0.16974372453921482,unchanged,false,true,20260811
deepmath:09c2ab42bad1fcb9e8267c5b8c2aa38e46d1c783955bb623ed105831cdd8fd56,0.125,0.41853619066046804,0.37325718255250495,0.41853619066046804,0.37325718255250495,unchanged,false,true,20260811
deepmath:09c2ab42bad1fcb9e8267c5b8c2aa38e46d1c783955bb623ed105831cdd8fd56,0.1875,0.5646901084483331,0.12103015539076761,0.5646901084483331,0.5515886943289761,"x_only_sample_49pct_post_[40,65)_random_to_[0,40)",true,true,20260811
deepmath:09c2ab42bad1fcb9e8267c5b8c2aa38e46d1c783955bb623ed105831cdd8fd56,0.25,0.6702931033233966,0.71097442754363549,0.6702931033233966,0.7109744275436355,unchanged,false,true,20260811
deepmath:09c2ab42bad1fcb9e8267c5b8c2aa38e46d1c783955bb623ed105831cdd8fd56,0.375,0.8184080517274026,0.93465346534653471,0.8184080517274026,0.8354103180141135,"x_only_sample_65pct_[80,100]_even_to_[40,100]",true,true,20260811
deepmath:09c2ab42bad1fcb9e8267c5b8c2aa38e46d1c783955bb623ed105831cdd8fd56,0.5,0.9291396252888144,0.94955138348413992,0.9291396252888144,0.9495513834841399,unchanged,false,true,20260811
deepmath:09c2ab42bad1fcb9e8267c5b8c2aa38e46d1c783955bb623ed105831cdd8fd56,0.625,0.9832890855304615,0.39031001701833123,0.9832890855304615,0.9945665107539361,"x_only_sample_65pct_[80,100]_even_to_[40,100];x_only_sample_49pct_post_[40,65)_random_to_[0,40)",true,true,20260811
deepmath:09c2ab42bad1fcb9e8267c5b8c2aa38e46d1c783955bb623ed105831cdd8fd56,0.75,0.9964538709153387,0.42574257425742579,0.9964538709153387,0.9996729374713463,"x_only_sample_65pct_[80,100]_even_to_[40,100]",true,true,20260811
deepmath:09c2ab42bad1fcb9e8267c5b8c2aa38e46d1c783955bb623ed105831cdd8fd56,0.875,0.9992183773414276,0.68910891089108905,0.9992183773414276,0.9998134544149795,"x_only_sample_65pct_[80,100]_even_to_[40,100]",true,true,20260811
deepmath:09c2ab42bad1fcb9e8267c5b8c2aa38e46d1c783955bb623ed105831cdd8fd56,1.0,1.0,0.52475247524752477,1.0,1.0,"x_only_sample_65pct_[80,100]_even_to_[40,100]",true,true,20260811
deepmath:09c40bbc773f188bde7a916ef74b1bf6152573ed41650e9e3fa9170ef4c6ebbb,0.0,0.0,0,0.0,0.0,unchanged,false,true,20260811
deepmath:09c40bbc773f188bde7a916ef74b1bf6152573ed41650e9e3fa9170ef4c6ebbb,0.0078125,0.03920260912161204,0.032417398116578476,0.03920260912161204,0.032417398116578476,unchanged,false,true,20260811
deepmath:09c40bbc773f188bde7a916ef74b1bf6152573ed41650e9e3fa9170ef4c6ebbb,0.015625,0.07690259597303624,0.065285868486746557,0.07690259597303624,0.06528586848674656,unchanged,false,true,20260811
deepmath:09c40bbc773f188bde7a916ef74b1bf6152573ed41650e9e3fa9170ef4c6ebbb,0.03125,0.14767920066081056,0.13126100993163986,0.14767920066081056,0.13126100993163986,unchanged,false,true,20260811
deepmath:09c40bbc773f188bde7a916ef74b1bf6152573ed41650e9e3fa9170ef4c6ebbb,0.0625,0.2711369244564267,0.2516544745136875,0.2711369244564267,0.2516544745136875,unchanged,false,true,20260811
deepmath:09c40bbc773f188bde7a916ef74b1bf6152573ed41650e9e3fa9170ef4c6ebbb,0.125,0.46561395058003047,0.39361699519622778,0.46561395058003047,0.3936169951962278,unchanged,false,true,20260811
deepmath:09c40bbc773f188bde7a916ef74b1bf6152573ed41650e9e3fa9170ef4c6ebbb,0.1875,0.6260562710252078,0.077032585170987725,0.6260562710252078,0.4778131490797207,"x_only_sample_49pct_post_[40,65)_random_to_[0,40)",true,true,20260811
deepmath:09c40bbc773f188bde7a916ef74b1bf6152573ed41650e9e3fa9170ef4c6ebbb,0.25,0.7627676414475075,0.57624160698030147,0.7627676414475075,0.5762416069803015,unchanged,false,true,20260811
deepmath:09c40bbc773f188bde7a916ef74b1bf6152573ed41650e9e3fa9170ef4c6ebbb,0.375,0.9458440195305562,0.81782178217821788,0.9458440195305562,0.8194966938825182,"x_only_sample_65pct_[80,100]_even_to_[40,100]",true,true,20260811
deepmath:09c40bbc773f188bde7a916ef74b1bf6152573ed41650e9e3fa9170ef4c6ebbb,0.5,0.9949735089426718,0.98019801980198018,0.9949735089426718,0.9777219389913969,"x_only_sample_65pct_[80,100]_even_to_[40,100]",true,true,20260811
deepmath:09c40bbc773f188bde7a916ef74b1bf6152573ed41650e9e3fa9170ef4c6ebbb,0.625,0.9995417767604012,0.73465346534653464,0.9995417767604012,0.9978683487730605,"x_only_sample_65pct_[80,100]_even_to_[40,100]",true,true,20260811
deepmath:09c40bbc773f188bde7a916ef74b1bf6152573ed41650e9e3fa9170ef4c6ebbb,0.75,0.9999278216376765,0.999663891866438,0.9999278216376765,0.999663891866438,unchanged,false,true,20260811
deepmath:09c40bbc773f188bde7a916ef74b1bf6152573ed41650e9e3fa9170ef4c6ebbb,0.875,0.9999848576862258,0.99992934619686891,0.9999848576862258,0.9999293461968689,unchanged,false,true,20260811
deepmath:09c40bbc773f188bde7a916ef74b1bf6152573ed41650e9e3fa9170ef4c6ebbb,1.0,1.0,0.73267326732673266,1.0,1.0,"x_only_sample_65pct_[80,100]_even_to_[40,100]",true,true,20260811
