query_id,global_query_index,base_margin_decile,domains,prompt_token_count,preferred_token_count,rejected_token_count,base_margin,base_correct,pair_best_method,lgsd_small_margin,lgsd_small_gain_vs_base,lgsd_small_correct,lgsd_medium_margin,lgsd_medium_gain_vs_base,lgsd_medium_correct,lgsd_large_margin,lgsd_large_gain_vs_base,lgsd_large_correct,lgsd_high_margin,lgsd_high_gain_vs_base,lgsd_high_correct,opsd_margin,opsd_gain_vs_base,opsd_correct,lgsd_large_minus_opsd
arena-pref:heldout:000000,0,2,domain_knowledge;real_world;specificity;technical_accuracy,25,618,536,-0.4145686069053309,False,OPSD,-0.5666270884247742,-0.15205848151944323,False,-0.7256621942251587,-0.3110935873198277,False,-0.7918814262410774,-0.37731281933574645,False,-0.5744818717173628,-0.15991326481203183,False,-0.48097320541070787,-0.06640459850537694,False,-0.3109082208303695
arena-pref:heldout:000001,1,7,domain_knowledge;real_world,24,421,316,0.19180459452032417,True,LGSD-Medium,0.7265918890487022,0.534787294528378,True,0.8388419470019581,0.647037352481634,True,0.7992000818689844,0.6073954873486602,True,0.551182905899833,0.3593783113795088,True,0.5152707257909244,0.3234661312706002,True,0.28392935607806
arena-pref:heldout:000002,2,9,code;complexity;creativity;domain_knowledge;instruction_following;problem_solving;real_world;specificity;technical_accuracy,51,1837,587,0.4111132106345223,True,LGSD-Large,0.9009566937275144,0.48984348309299214,True,0.9633599225116614,0.552246711877139,True,1.042490469202607,0.6313772585680846,True,0.7346774996288293,0.32356428899430706,True,0.815581878402716,0.40446866776819373,True,0.2269085907998909
arena-pref:heldout:000003,3,4,code;complexity;domain_knowledge;instruction_following;real_world;specificity;technical_accuracy,48,1280,1002,-0.09774604958450483,False,OPSD,-0.22394771824577842,-0.12620166866127358,False,-0.22501858675967668,-0.12727253717517184,False,-0.27318347449193214,-0.1754374249074273,False,-0.2371076492968196,-0.13936159971231477,False,-0.20458764256593465,-0.10684159298142981,False,-0.0685958319259975
arena-pref:heldout:000004,4,10,domain_knowledge;real_world;specificity;technical_accuracy,29,342,71,0.7074055526767333,True,LGSD-Large,1.7717380357941355,1.0643324831174021,True,1.7456615225073437,1.0382559698306104,True,2.1041518916664286,1.3967463389896952,True,1.5996700246333488,0.8922644719566155,True,1.5272556881802097,0.8198501355034764,True,0.5768962034862188
arena-pref:heldout:000005,5,2,domain_knowledge;problem_solving;real_world;specificity;technical_accuracy,17,251,73,-0.3051782878785585,False,LGSD-Large,0.4864000830400239,0.7915783709185824,True,1.0867295046856662,1.3919077925642247,True,1.5283686031988402,1.8335468910773987,True,1.1020784549289466,1.4072567428075051,True,1.005661290760079,1.3108395786386375,True,0.5227073124387611
arena-pref:heldout:000006,6,6,code;creativity;domain_knowledge;real_world;specificity;technical_accuracy,18,469,612,0.05591934995859771,True,OPSD,-0.27172377748227694,-0.32764312744087465,False,-0.36806159516727965,-0.42398094512587736,False,-0.5346000296718987,-0.5905193796304964,False,0.02103442452129567,-0.03488492543730204,True,0.054215966321995435,-0.0017033836366022737,True,-0.5888159959938941
arena-pref:heldout:000007,7,8,code;complexity;domain_knowledge;instruction_following;problem_solving;real_world;specificity;technical_accuracy,103,1056,467,0.2496711184950483,True,LGSD-Medium,0.15919631326247308,-0.09047480523257523,True,0.17601384487152727,-0.07365727362352104,True,0.1364391879060438,-0.11323193058900449,True,0.14194090859027186,-0.10773020990477644,True,0.11144220936917981,-0.1382289091258685,True,0.024996978536864
arena-pref:heldout:000008,8,2,code;math,26,361,551,-0.3110292401715967,False,LGSD-Small,-0.48941163199600834,-0.17838239182441162,False,-0.5139439599495105,-0.20291471977791375,False,-0.7118425208024416,-0.40081328063084487,False,-0.5568565982997515,-0.24582735812815482,False,-0.5700899993739071,-0.2590607592023104,False,-0.14175252142853445
arena-pref:heldout:000009,9,5,creativity;domain_knowledge;problem_solving;real_world,56,262,449,-0.02892868785423275,False,LGSD-High,-0.501300351573795,-0.4723716637195623,False,-0.7589166457339434,-0.7299879578797106,False,-0.6228724953294029,-0.5939438074751702,False,-0.4359258919973046,-0.40699720414307183,False,-0.46781278762735656,-0.4388840997731238,False,-0.15505970770204636
arena-pref:heldout:000010,10,10,domain_knowledge;real_world;specificity;technical_accuracy,38,248,33,1.3512870694418693,True,LGSD-High,2.044807321281843,0.6935202518399737,True,2.216674353952865,0.8653872845109958,True,1.4866513003352098,0.1353642308933405,True,2.307401784354291,0.9561147149124216,True,2.024441778251969,0.6731547088100998,True,-0.5377904779167593
arena-pref:heldout:000011,11,3,other,77,179,245,-0.16366983617457054,False,LGSD-High,-0.2817807768731577,-0.11811094069858719,False,-0.22432537633382443,-0.060655540159253896,False,-0.31337041466690874,-0.1497005784923382,False,-0.1339775554294691,0.02969228074510144,False,-0.2553983411526901,-0.09172850497811957,False,-0.057972073514218625
arena-pref:heldout:000012,12,3,code;domain_knowledge;real_world;specificity;technical_accuracy,18,543,748,-0.19467140513644843,False,LGSD-High,-0.42120474658719287,-0.22653334145074444,False,-0.5205485870524449,-0.32587718191599646,False,-0.4194558540634863,-0.22478444892703786,False,-0.33253783682192606,-0.13786643168547763,False,-0.33897775194474256,-0.14430634680829413,False,-0.08047810211874373
arena-pref:heldout:000013,13,8,complexity;domain_knowledge;real_world;specificity;technical_accuracy,22,423,622,0.22232363411479727,True,LGSD-High,-0.0430141375988109,-0.2653377717136082,False,-0.17528686304651986,-0.39761049716131713,False,-0.12464023305710237,-0.34696386717189964,False,0.11261715281154938,-0.1097064813032479,True,0.006196392809170392,-0.21612724130562688,True,-0.13083662586627276
arena-pref:heldout:000014,14,6,complexity;domain_knowledge;math;real_world;specificity;technical_accuracy,64,164,288,0.09117287607373903,True,LGSD-Large,0.2957735520391285,0.20460067596538944,True,0.3524643972637209,0.2612915211899819,True,0.4714070052958439,0.38023412922210487,True,0.3674196888437762,0.27624681277003715,True,0.23951959836127634,0.1483467222875373,True,0.23188740693456755
arena-pref:heldout:000015,15,8,code;complexity;domain_knowledge;instruction_following;real_world;specificity;technical_accuracy,21,467,760,0.2859054032433978,True,OPSD,0.15321631231128496,-0.13268909093211284,True,0.16584563321947965,-0.12005977002391816,True,0.11192075877048302,-0.17398464447291478,True,0.14276471374457544,-0.14314068949882236,True,0.18643302623521352,-0.09947237700818429,True,-0.0745122674647305
arena-pref:heldout:000016,16,8,creativity;domain_knowledge;real_world,105,568,450,0.37691567103068024,True,LGSD-Large,0.621647517587844,0.24473184655716373,True,0.6839003589194332,0.306984687888753,True,0.8152122326822533,0.43829656165157305,True,0.678785698790692,0.3018700277600117,True,0.6962892230277147,0.31937355199703443,True,0.11892300965453861
arena-pref:heldout:000017,17,2,creativity;domain_knowledge;real_world,112,101,94,-0.46393286687136936,False,LGSD-High,-1.1753438230763238,-0.7114109562049544,False,-1.2153725528656767,-0.7514396859943073,False,-1.1779024780286291,-0.7139696111572598,False,-1.0094586178104779,-0.5455257509391085,False,-1.1392495971191097,-0.6753167302477403,False,-0.03865288090951946
arena-pref:heldout:000018,18,7,domain_knowledge;real_world,13,513,294,0.1193907071483985,True,LGSD-Medium,0.5606635695744013,0.44127286242600283,True,0.7426785862748868,0.6232878791264883,True,0.7288567712655354,0.6094660641171369,True,0.5990078636573408,0.4796171565089423,True,0.6248647051911869,0.5054739980427884,True,0.10399206607434852
arena-pref:heldout:000019,19,6,complexity;domain_knowledge;instruction_following;problem_solving;real_world;specificity;technical_accuracy,79,508,526,0.041506471771247444,True,LGSD-Large,0.1912960523488454,0.14978958057759795,True,0.24822291226905402,0.20671644049780658,True,0.40640166318258486,0.3648951914113374,True,0.16413229450680267,0.12262582273555522,True,0.11629555254709767,0.07478908077585023,True,0.2901061106354872
arena-pref:heldout:000020,20,1,domain_knowledge;real_world;specificity;technical_accuracy,101,66,133,-0.5666623698956168,False,LGSD-Small,-0.28348764087975153,0.28317472901586527,False,-0.44045387158553595,0.12620849831008085,False,-0.746754445310442,-0.1800920754148252,False,-0.4029981746139053,0.1636641952817115,False,-0.4032254385280023,0.1634369313676145,False,-0.3435290067824397
arena-pref:heldout:000021,21,6,code;complexity;domain_knowledge;instruction_following;problem_solving;real_world;specificity;technical_accuracy,44,677,789,0.03987957810180709,True,OPSD,0.039436659253643036,-0.00044291884816405336,True,-0.017680039730148644,-0.057559617831955734,False,0.07850013966425595,0.03862056156244886,True,0.10754711105424053,0.06766753295243344,True,0.1351018254652343,0.09522224736342721,True,-0.05660168580097835
arena-pref:heldout:000022,22,8,creativity;domain_knowledge;instruction_following;real_world;specificity;technical_accuracy,852,626,437,0.2587411557760645,True,LGSD-Large,0.4760044019197387,0.2172632461436742,True,0.5848444867061409,0.3261033309300764,True,0.6810546587073061,0.4223135029312416,True,0.49429378131206003,0.23555262553599554,True,0.4535367696652215,0.194795613889157,True,0.2275178890420846
arena-pref:heldout:000023,23,5,code;complexity;domain_knowledge;instruction_following;problem_solving;real_world;specificity;technical_accuracy,159,582,669,0.01374543595482669,True,LGSD-Small,-0.1747069963202985,-0.1884524322751252,False,-0.32676224600320314,-0.34050768195802983,False,-0.3553620124420569,-0.3691074483968836,False,-0.1907035945558262,-0.20444903051065288,False,-0.18107743760193395,-0.19482287355676065,False,-0.17428457484012294
arena-pref:heldout:000024,24,8,specificity;technical_accuracy,22,15,16,0.23208290735880555,True,LGSD-Medium,0.4916061719258624,0.2595232645670569,True,0.6556014219919839,0.42351851463317836,True,0.5181834061940509,0.28610049883524535,True,0.5385952472686766,0.30651233990987103,True,0.40080194473266584,0.1687190373738603,True,0.11738146146138506
arena-pref:heldout:000025,25,5,complexity;domain_knowledge;instruction_following;problem_solving;real_world;specificity;technical_accuracy,72,629,354,0.00720800474629657,True,LGSD-Large,-0.13125504150757905,-0.13846304625387562,False,0.005719108664118844,-0.0014888960821777264,True,0.015138100525430076,0.007930095779133506,True,0.006645905825156229,-0.0005620989211403415,True,-0.03000064669385827,-0.03720865144015484,False,0.045138747219288344
arena-pref:heldout:000026,26,1,code;domain_knowledge;real_world;specificity;technical_accuracy,11,152,362,-1.366625619302069,False,OPSD,-1.787725183775897,-0.421099564473828,False,-1.8865891825705638,-0.5199635632684949,False,-1.7953214770175925,-0.42869585771552354,False,-1.6552848264068043,-0.28865920710473536,False,-1.5617662791978415,-0.19514065989577256,False,-0.23355519781975098
arena-pref:heldout:000027,27,5,code;complexity;domain_knowledge;instruction_following;problem_solving;real_world;specificity;technical_accuracy,608,598,624,-0.004254855306916716,False,OPSD,-0.018609838740881512,-0.014354983433964796,False,-0.10814861709058876,-0.10389376178367205,False,-0.08537390279929369,-0.08111904749237697,False,0.03996657992950914,0.044221435236425854,True,0.0588415590018333,0.06309641430875002,True,-0.144215461801127
arena-pref:heldout:000028,28,10,instruction_following,228,493,48,1.993420279130813,True,LGSD-Large,4.516724340169312,2.523304061038499,True,5.001974308950181,3.0085540298193676,True,5.802391515219831,3.808971236089018,True,4.393653318316168,2.4002330391853546,True,4.122762644589149,2.129342365458336,True,1.6796288706306823
arena-pref:heldout:000029,29,4,domain_knowledge;real_world;specificity;technical_accuracy,40,274,445,-0.14273155269968507,False,LGSD-High,-0.4269008237578604,-0.28416927105817535,False,-0.40956277042458655,-0.2668312177249015,False,-0.5408945625960304,-0.39816300989634534,False,-0.35860483582061065,-0.21587328312092557,False,-0.3647031883390546,-0.2219716356393695,False,-0.17619137425697584
arena-pref:heldout:000030,30,2,other,39,52,73,-0.419897855270273,False,LGSD-Small,-1.1483923708048458,-0.7284945155345728,False,-1.3252466461053007,-0.9053487908350277,False,-1.4903504197790953,-1.0704525645088223,False,-1.8828271357352406,-1.4629292804649676,False,-2.0004161396569273,-1.5805182843866543,False,0.510065719877832
arena-pref:heldout:000031,31,7,creativity;domain_knowledge;instruction_following;real_world;specificity;technical_accuracy,25,185,135,0.15247444710335323,True,LGSD-High,0.5212987271634422,0.36882428006008894,True,0.452151539280369,0.29967709217701577,True,0.49715643683234045,0.3446819897289872,True,0.5971214046230067,0.44464695751965344,True,0.4962277841042946,0.34375333700094135,True,0.0009286527280458756
arena-pref:heldout:000032,32,3,complexity;domain_knowledge;math;real_world;specificity;technical_accuracy,43,395,499,-0.28037620390185164,False,LGSD-High,-0.2959253831044115,-0.015549179202559882,False,-0.3487044215410988,-0.06832821763924718,False,-0.4298043400326661,-0.14942813613081446,False,-0.2673646298419129,0.013011574059938746,False,-0.3477134892320056,-0.06733728533015398,False,-0.08209085080066048
arena-pref:heldout:000033,33,1,creativity;real_world;specificity,32,179,244,-0.5714031885980151,False,OPSD,-1.3868599345869868,-0.8154567459889717,False,-2.171286357127111,-1.5998831685290957,False,-2.7521667743801292,-2.180763585782114,False,-1.4404596871907853,-0.8690564985927702,False,-1.1859215909236627,-0.6145184023256476,False,-1.5662451834564666
arena-pref:heldout:000034,34,3,domain_knowledge;real_world;specificity;technical_accuracy,20,219,395,-0.20764275099885143,False,OPSD,-0.19644733689353733,0.011195414105314105,False,-0.25488253569687025,-0.047239784698018816,False,-0.3489497699211679,-0.14130701892231645,False,-0.20842315890349306,-0.0007804079046416224,False,-0.17526848607101608,0.03237426492783535,False,-0.1736812838501518
arena-pref:heldout:000035,35,1,code;complexity;creativity;domain_knowledge;instruction_following;problem_solving;real_world;specificity;technical_accuracy,2892,1043,2016,-0.5699887272901932,False,LGSD-Small,-0.8223533494931968,-0.2523646222030036,False,-0.9139098568098276,-0.3439211295196344,False,-1.0263713495068698,-0.4563826222166766,False,-0.8540593783314697,-0.2840706510412765,False,-0.895738231319201,-0.3257495040290078,False,-0.13063311818766876
arena-pref:heldout:000036,36,6,code;creativity;domain_knowledge;problem_solving;real_world;specificity;technical_accuracy,53,842,947,0.09271121971076546,True,LGSD-Medium,0.08155108556765223,-0.011160134143113232,True,0.23197199345578678,0.13926077374502133,True,0.19589082057324747,0.10317960086248201,True,0.16430167646035188,0.07159045674958642,True,0.13646721947845475,0.04375599976768929,True,0.05942360109479272
arena-pref:heldout:000037,37,10,domain_knowledge;instruction_following;problem_solving;real_world;specificity;technical_accuracy,32,286,100,0.8135835036697923,True,LGSD-Large,1.3220438435694553,0.508460339899663,True,1.5698860731324948,0.7563025694627026,True,2.3244294472007487,1.5108459435309565,True,1.2006206805889423,0.38703717691915007,True,1.3221632884098933,0.508579784740101,True,1.0022661587908555
arena-pref:heldout:000038,38,6,domain_knowledge;real_world;specificity;technical_accuracy,19,474,417,0.09809219542268477,True,LGSD-Large,0.2791830960639574,0.18109090064127265,True,0.2849206735400036,0.18682847811731884,True,0.3391773764764272,0.24108518105374244,True,0.21356373243172988,0.11547153700904511,True,0.26130970390761465,0.16321750848492989,True,0.07786767256881255
arena-pref:heldout:000039,39,1,complexity;domain_knowledge;math;problem_solving;real_world;specificity;technical_accuracy,23,15,66,-0.8568440177223899,False,LGSD-Large,-0.6069837396795097,0.24986027804288025,False,-0.1900188330448036,0.6668251846775863,False,0.29766016873446377,1.1545041864568537,True,-0.8543688976403438,0.0024751200820460895,False,-0.7800639990604283,0.0767800186619616,False,1.077724167794892
arena-pref:heldout:000040,40,2,domain_knowledge;instruction_following;real_world;specificity;technical_accuracy,78,364,504,-0.40437594409099575,False,LGSD-Small,-0.2291667505061672,0.17520919358482856,False,-0.49466521952469544,-0.09028927543369969,False,-0.47182473012670334,-0.06744878603570759,False,-0.2354618309472798,0.16891411314371596,False,-0.2812991378071543,0.12307680628384143,False,-0.19052559231954902
arena-pref:heldout:000041,41,5,domain_knowledge;real_world;specificity,599,333,416,-0.03910826248835142,False,LGSD-High,-0.513069307151472,-0.4739610446631206,False,-0.5695201057874462,-0.5304118432990947,False,-0.6628328836605828,-0.6237246211722314,False,-0.42385453723765165,-0.38474627474930023,False,-0.47012449360025976,-0.43101623111190834,False,-0.19270839006032303
arena-pref:heldout:000042,42,3,creativity;domain_knowledge;real_world;specificity;technical_accuracy,25,515,414,-0.15695448411539237,False,LGSD-High,-0.3653268210688081,-0.20837233695341573,False,-0.4270946470659338,-0.27014016295054144,False,-0.5140853662930536,-0.3571308821776612,False,-0.3243790731147811,-0.16742458899938872,False,-0.3779768797655858,-0.22102239565019344,False,-0.13610848652746776
arena-pref:heldout:000043,43,10,complexity;domain_knowledge;instruction_following;problem_solving;real_world;specificity;technical_accuracy,173,484,222,0.6869539129930191,True,LGSD-Medium,1.732952198617626,1.0459982856246068,True,1.7672432097539448,1.0802892967609257,True,1.6939915445873222,1.007037631594303,True,1.140071230486405,0.4531173174933858,True,1.3611274748989568,0.6741735619059377,True,0.33286406968836535
arena-pref:heldout:000044,44,9,other,101,122,72,0.42848552554465824,True,OPSD,0.7855091954840989,0.3570236699394407,True,0.06332425341580095,-0.3651612721288573,True,0.6700511143724337,0.24156558882777546,True,0.8675170296528298,0.4390315041081716,True,1.0303322452447885,0.6018467197001303,True,-0.3602811308723548
arena-pref:heldout:000045,45,10,specificity;technical_accuracy,16,66,15,1.736705392779726,True,OPSD,1.079830262155244,-0.656875130624482,True,0.4974789821740355,-1.2392264106056905,True,-1.3595862533106948,-3.096291646090421,False,0.7861207210656369,-0.9505846717140891,True,1.080102787595807,-0.6566026051839191,True,-2.4396890409065017
arena-pref:heldout:000046,46,2,code;complexity;domain_knowledge;instruction_following;problem_solving;real_world;specificity;technical_accuracy,17,1112,556,-0.39750088376106973,False,LGSD-Large,-0.40326893415382425,-0.00576805039275452,False,-0.4109358890451116,-0.013435005284041845,False,-0.3482167737947093,0.049284109966360456,False,-0.3791205608587471,0.01838032290232261,False,-0.4456655927699247,-0.048164709008854945,False,0.0974488189752154
arena-pref:heldout:000047,47,7,code;complexity;domain_knowledge;instruction_following;problem_solving;real_world;specificity;technical_accuracy,25,651,443,0.14155896263980894,True,LGSD-Large,0.34942508400990535,0.2078661213700964,True,0.4104705523088439,0.26891158966903494,True,0.49275169044915246,0.3511927278093435,True,0.2629655123658903,0.12140654972608134,True,0.29072588191540505,0.1491669192755961,True,0.2020258085337474
arena-pref:heldout:000048,48,10,domain_knowledge;real_world;technical_accuracy,68,205,4,9.547816495197575,True,OPSD,7.47317660261945,-2.0746398925781246,True,6.05264495756568,-3.4951715376318946,True,6.234133110976801,-3.3136833842207736,True,7.986128346512958,-1.5616881486846168,True,9.19688208975443,-0.35093440544314447,True,-2.962748978777629
arena-pref:heldout:000049,49,9,instruction_following,17,282,124,0.6723200135415384,True,LGSD-Large,1.4859130115810126,0.8135929980394743,True,1.2766285182627355,0.6043085047211971,True,1.7735560161247599,1.1012360025832215,True,1.1902396235469275,0.5179196100053891,True,1.1958329005035213,0.523512886961983,True,0.5777231156212386
arena-pref:heldout:000050,50,2,code;complexity;domain_knowledge;instruction_following;problem_solving;real_world;specificity;technical_accuracy,23,908,1008,-0.41989022845547064,False,LGSD-High,-0.5986502260505283,-0.17875999759505767,False,-0.6669242695639762,-0.24703404110850558,False,-0.7208640641344568,-0.30097383567898617,False,-0.597345693195944,-0.17745546474047336,False,-0.6003831989339545,-0.1804929704784839,False,-0.12048086520050227
arena-pref:heldout:000051,51,2,creativity;domain_knowledge;real_world;specificity,56,569,315,-0.32712775696057883,False,OPSD,-0.009302043039522534,0.3178257139210563,False,-0.08852720606206343,0.2386005508985154,False,-0.0417827962269377,0.28534496073364113,False,-0.042744907316684344,0.2843828496438945,False,0.08014078205438624,0.40726853901496507,True,-0.12192357828132394
arena-pref:heldout:000052,52,6,domain_knowledge;instruction_following;real_world;specificity;technical_accuracy,136,671,347,0.09523564543900365,True,LGSD-High,0.04636061803842917,-0.04887502740057448,True,0.02758199777237269,-0.06765364766663096,True,0.07095456532019295,-0.024281080118810694,True,0.09861217716139892,0.0033765317223952707,True,0.0397105586531491,-0.05552508678585455,True,0.031244006667043855
arena-pref:heldout:000053,53,1,other,49,191,354,-0.7178588683488054,False,OPSD,-0.6362766433489244,0.08158222499988099,False,-0.7718194227314257,-0.05396055438262026,False,-0.8736595961217302,-0.15580072777292475,False,-0.6582635732602178,0.05959529508858763,False,-0.5727630529421459,0.1450958154066595,False,-0.30089654317958425
arena-pref:heldout:000054,54,4,domain_knowledge;real_world,16,279,430,-0.11995255366219881,False,OPSD,-0.9060871557343988,-0.7861346020722,False,-0.9057506635843482,-0.7857981099221494,False,-1.0797603500180517,-0.9598077963558529,False,-0.826439174735726,-0.7064866210735272,False,-0.5734209068618219,-0.4534683531996231,False,-0.5063394431562298
arena-pref:heldout:000055,55,1,domain_knowledge,16,335,252,-0.5872443388265841,False,OPSD,-1.0604935707963492,-0.4732492319697651,False,-1.1828422057462002,-0.5955978669196161,False,-1.2688006255107591,-0.681556286684175,False,-1.0298053738066044,-0.4425610349800203,False,-1.0228771797601321,-0.43563284093354804,False,-0.24592344575062697
arena-pref:heldout:000056,56,2,creativity;domain_knowledge;real_world,53,675,457,-0.4287765789828064,False,OPSD,-0.07355764950313937,0.35521892947966704,False,-0.08259552360576095,0.34618105537704547,False,-0.0029806536980490073,0.4257959252847574,False,-0.03700697784708229,0.3917696011357241,False,-0.001101711009481754,0.42767486797332466,False,-0.0018789426885672533
arena-pref:heldout:000057,57,1,specificity;technical_accuracy,16,17,95,-1.3763633420961932,False,LGSD-Large,-1.0841244735953977,0.2922388685007955,False,-0.2084646030107149,1.1678987390854783,False,-0.13516361012178324,1.24119973197441,False,-1.4793150509105013,-0.10295170881430815,False,-1.8249730892594753,-0.44860974716328217,False,1.689809479137692
arena-pref:heldout:000058,58,3,creativity;domain_knowledge;problem_solving;real_world,27,317,313,-0.15157747792990506,False,LGSD-Medium,-0.32114507297030626,-0.1695675950404012,False,-0.19848975278282044,-0.04691227485291538,False,-0.5239931163218259,-0.3724156383919208,False,-0.32580009978169366,-0.1742226218517886,False,-0.37707507881969393,-0.22549760088978887,False,-0.14691803750213195
arena-pref:heldout:000059,59,5,domain_knowledge;math;problem_solving;real_world;specificity;technical_accuracy,27,128,274,-0.033588784672047955,False,LGSD-Medium,-0.601489884792453,-0.5679011001204051,False,-0.569144924626733,-0.5355561399546851,False,-0.8104371920119235,-0.7768484073398756,False,-0.8163917471457571,-0.7828029624737092,False,-0.6010086582089862,-0.5674198735369382,False,-0.20942853380293736
arena-pref:heldout:000060,60,8,code;complexity;domain_knowledge;problem_solving;real_world;specificity;technical_accuracy,279,290,353,0.33185306533048825,True,OPSD,0.4285405090710632,0.09668744374057497,True,0.4234860458888263,0.09163298055833807,True,0.4085035165539126,0.07665045122342434,True,0.40953070918272594,0.07767764385223769,True,0.4935936265524168,0.16174056122192854,True,-0.0850901099985042
arena-pref:heldout:000061,61,6,domain_knowledge;real_world;specificity;technical_accuracy,20,291,150,0.10056892145949958,True,LGSD-Medium,0.05091065318314092,-0.049658268276358664,True,0.15577875039012157,0.055209828930621985,True,0.05207720569728558,-0.048491715762214005,True,0.04588919492111998,-0.0546797265383796,True,0.12516063283808854,0.024591711378588954,True,-0.07308342714080296
arena-pref:heldout:000062,62,2,domain_knowledge,15,31,98,-0.41832009454241237,False,LGSD-Large,-0.1578106996336608,0.2605093949087516,False,0.12357258624038536,0.5418926807827977,True,0.7313126858478318,1.1496327803902442,True,-0.14201982559696313,0.27630026894544923,False,-0.25663347664909075,0.16168661789332162,False,0.9879461624969226
arena-pref:heldout:000063,63,3,code;complexity;domain_knowledge;instruction_following;real_world;specificity;technical_accuracy,36,396,480,-0.1580832535570319,False,OPSD,-0.20290703677167787,-0.044823783214645974,False,-0.24298925411821615,-0.08490600056118425,False,-0.19629702869087762,-0.03821377513384572,False,-0.1417092245034497,0.016374029053582206,False,-0.13767799030650751,0.020405263250524386,False,-0.058619038384370104
arena-pref:heldout:000064,64,9,domain_knowledge;instruction_following;real_world;specificity;technical_accuracy,33,482,134,0.6059144424005669,True,LGSD-Large,2.2254980060347993,1.6195835636342324,True,2.32228767373521,1.7163732313346431,True,2.553076854053057,1.9471624116524902,True,1.9239475624461053,1.3180331200455384,True,1.827940475861709,1.2220260334611421,True,0.725136378191348
arena-pref:heldout:000065,65,8,code;complexity;creativity;domain_knowledge;problem_solving;real_world;specificity;technical_accuracy,1491,2096,787,0.22575738820684907,True,LGSD-Large,0.37508607968126195,0.14932869147441288,True,0.4497125380191636,0.22395514981231454,True,0.5361593565029752,0.3104019682961261,True,0.4065474468573627,0.18079005865051365,True,0.39488223644031695,0.16912484823346788,True,0.14127712006265825
arena-pref:heldout:000066,66,10,creativity;domain_knowledge;real_world;specificity,56,254,62,2.125622447747581,True,LGSD-Large,2.9224753351964896,0.7968528874489085,True,3.2907531123976432,1.165130664650062,True,3.4996517855775275,1.3740293378299464,True,2.6130756196982974,0.48745317195071625,True,3.018251898205762,0.8926294504581809,True,0.48139988737176553
arena-pref:heldout:000067,67,3,code;complexity;domain_knowledge;problem_solving;real_world;specificity;technical_accuracy,81,1081,515,-0.2177318638847252,False,LGSD-Large,-0.1425933367181863,0.0751385271665389,False,-0.12328274728417976,0.09444911660054545,False,-0.05096281448084272,0.16676904940388249,False,-0.1919289330233689,0.02580293086135632,False,-0.18033050012302854,0.03740136376169667,False,0.12936768564218581
arena-pref:heldout:000068,68,9,domain_knowledge;real_world;specificity;technical_accuracy,29,780,378,0.4610249592319562,True,LGSD-Large,0.7442130540219758,0.2831880947900196,True,0.7464984123329348,0.2854734531009786,True,0.8164883482004988,0.35546338896854257,True,0.600874862818394,0.13984990358643778,True,0.6513714844684653,0.19034652523650908,True,0.1651168637320335
arena-pref:heldout:000069,69,5,creativity;problem_solving;real_world;specificity,39,336,370,0.010095823378790003,True,OPSD,-0.22963839436436562,-0.23973421774315562,False,-0.47615472260896174,-0.48625054598775175,False,-0.25526485495278894,-0.26536067833157895,False,-0.2505066014931776,-0.2606024248719676,False,-0.21656914432383267,-0.22666496770262268,False,-0.03869571062895627
arena-pref:heldout:000070,70,6,creativity;domain_knowledge;instruction_following;real_world;specificity,112,218,247,0.09706951656822582,True,LGSD-Medium,-0.1660593922857374,-0.26312890885396323,False,0.11536756146473515,0.018298044896509325,True,-0.00513914618569844,-0.10220866275392426,False,-0.15125270258754675,-0.24832221915577257,False,-0.25818019761101585,-0.35524971417924167,False,0.2530410514253174
arena-pref:heldout:000071,71,2,creativity;domain_knowledge;real_world,130,323,347,-0.422778980159386,False,LGSD-High,-0.5895985639503407,-0.16681958379095474,False,-0.5869694012728788,-0.1641904211134928,False,-0.5235537990347101,-0.10077481887532413,False,-0.5019418545557031,-0.07916287439631708,False,-0.5290067176513551,-0.10622773749196912,False,0.005452918616644986
arena-pref:heldout:000072,72,7,domain_knowledge;problem_solving;real_world;specificity;technical_accuracy,26,440,471,0.19454863965568847,True,LGSD-Large,0.4842000236338204,0.28965138397813195,True,0.48591791910224136,0.2913692794465529,True,0.4912998416943337,0.29675120203864525,True,0.37894578712645965,0.18439714747077118,True,0.4500000788009988,0.2554514391453103,True,0.041299762893334924
arena-pref:heldout:000073,73,7,creativity;domain_knowledge;real_world;specificity,79,416,353,0.21628267161335457,True,OPSD,0.009676937665729302,-0.20660573394762527,True,0.016360712924224696,-0.19992195868912987,True,0.06268495179698119,-0.15359771981637338,True,0.15414181527657078,-0.06214085633678379,True,0.23495592845501956,0.018673256841664987,True,-0.17227097665803837
arena-pref:heldout:000074,74,9,code;creativity;domain_knowledge;real_world;specificity;technical_accuracy,15,888,502,0.4644260991822406,True,LGSD-Large,0.6675013021832156,0.20307520300097498,True,0.7267968132201419,0.2623707140379013,True,0.7613322339137164,0.2969061347314758,True,0.6004444206399768,0.13601832145773624,True,0.5700225620763367,0.10559646289409613,True,0.19130967183737968
arena-pref:heldout:000075,75,9,domain_knowledge;real_world;specificity;technical_accuracy,25,443,218,0.40568028074621554,True,OPSD,0.5897042471601102,0.18402396641389462,True,0.5218795081399767,0.1161992273937612,True,0.48953047925845716,0.08385019851224162,True,0.5167684443267999,0.11108816358058438,True,0.6467231089096075,0.24104282816339195,True,-0.15719262965115033
arena-pref:heldout:000076,76,9,creativity;domain_knowledge;instruction_following;problem_solving;real_world;specificity;technical_accuracy,234,384,565,0.4344772814825222,True,LGSD-Large,0.27119869717278644,-0.16327858430973574,True,0.23002522455907481,-0.20445205692344737,True,0.4204603022882014,-0.014016979194320767,True,0.26107257256465677,-0.1734047089178654,True,0.2972127369107749,-0.1372645445717473,True,0.12324756537742654
arena-pref:heldout:000077,77,10,creativity;instruction_following,396,88,69,1.125138256389633,True,OPSD,0.21169929981859914,-0.9134389565710339,True,-0.1281525092947935,-1.2532907656844265,False,-0.8292866657845113,-1.9544249221741443,False,0.40574121538044094,-0.7193970410091921,True,0.5358498539378052,-0.5892884024518279,True,-1.3651365197223164
arena-pref:heldout:000078,78,8,code;complexity;domain_knowledge;problem_solving;real_world;specificity;technical_accuracy,238,658,570,0.3141012738051431,True,OPSD,0.45092468042027334,0.13682340661513026,True,0.4608474638381588,0.1467461900330157,True,0.4687368539303569,0.15463558012521383,True,0.3802867880860742,0.06618551428093111,True,0.5444139465741309,0.23031267276898781,True,-0.07567709264377398
arena-pref:heldout:000079,79,8,complexity;domain_knowledge;problem_solving;real_world;specificity;technical_accuracy,15,580,310,0.32181747848120357,True,LGSD-Large,0.85458872267879,0.5327712441975865,True,0.8049514462870935,0.4831339678058899,True,0.9662773000782934,0.6444598215970898,True,0.6951943173689623,0.37337683888775874,True,0.7208328069913905,0.39901532851018695,True,0.24544449308690286
arena-pref:heldout:000080,80,2,code;complexity;domain_knowledge;instruction_following;math;problem_solving;real_world;specificity;technical_accuracy,565,201,184,-0.38335839938271654,False,LGSD-Medium,-0.2991162469163746,0.08424215246634192,False,-0.19179346291708943,0.1915649364656271,False,-0.3630430320885798,0.020315367294136744,False,-0.3134914390354375,0.06986696034727902,False,-0.3064138474156015,0.07694455196711503,False,-0.05662918467297828
arena-pref:heldout:000081,81,3,domain_knowledge;instruction_following;problem_solving;real_world;specificity;technical_accuracy,210,426,667,-0.26634664651181583,False,LGSD-High,-0.7485558890655999,-0.48220924255378406,False,-0.72643243478192,-0.46008578827010416,False,-0.7391534599111786,-0.4728068133993628,False,-0.5476644447736885,-0.28131779826187264,False,-0.678772508319804,-0.4124258618079881,False,-0.06038095159137469
arena-pref:heldout:000082,82,1,code;instruction_following;problem_solving;real_world;technical_accuracy,328,5,73,-9.661029517813905,False,LGSD-Large,-4.769151232993766,4.891878284820138,False,-3.158192391591529,6.502837126222376,False,-1.7711166068299171,7.889912910983988,False,-5.988216901805304,3.672812616008601,False,-6.312413662427092,3.3486158553868126,False,4.541297055597175
arena-pref:heldout:000083,83,10,creativity;domain_knowledge;real_world;specificity,17,304,142,1.6890013765811567,True,LGSD-Large,1.7170716821926444,0.02807030561148771,True,1.823636885304377,0.13463550872322028,True,2.0560868503960794,0.36708547381492274,True,1.8796943529523502,0.19069297637119353,True,1.9082443041656534,0.2192429275844967,True,0.14784254623042603
arena-pref:heldout:000084,84,1,domain_knowledge;real_world;specificity;technical_accuracy,13,60,250,-1.1992395350138345,False,LGSD-Small,-2.4114563802083335,-1.212216845194499,False,-2.604169464111328,-1.4049299290974937,False,-2.7019231669108073,-1.5026836318969727,False,-2.683736267089844,-1.4844967320760096,False,-2.8261007130940756,-1.626861178080241,False,0.12417754618326837
arena-pref:heldout:000085,85,3,complexity;domain_knowledge;instruction_following;math;problem_solving;real_world;specificity;technical_accuracy,157,545,738,-0.18229929415484514,False,OPSD,-0.2637422110095977,-0.08144291685475258,False,-0.32178414988940407,-0.13948485573455893,False,-0.27144729481192487,-0.08914800065707973,False,-0.2795107086419508,-0.09721141448710569,False,-0.2386550295184292,-0.05635573536358407,False,-0.03279226529349566
arena-pref:heldout:000086,86,10,creativity;real_world;specificity,26,52,13,2.5941870762751655,True,LGSD-High,4.087941536536583,1.4937544602614174,True,3.4303180988018322,0.8361310225266667,True,4.7101328923152055,2.11594581604004,True,4.976542839637171,2.382355763362005,True,3.0235290527343754,0.4293419764592099,True,1.68660383958083
arena-pref:heldout:000087,87,5,domain_knowledge;instruction_following;real_world;specificity;technical_accuracy,33,311,316,0.018925400763098787,True,LGSD-Medium,0.6195032868980563,0.6005778861349576,True,0.8781081252086631,0.8591827244455643,True,0.7758714532749309,0.7569460525118321,True,0.4095394336831326,0.3906140329200338,True,0.3685707727861014,0.3496453720230026,True,0.4073006804888295
arena-pref:heldout:000088,88,6,code;complexity;domain_knowledge;instruction_following;problem_solving;real_world;specificity;technical_accuracy,636,746,751,0.07423289203995481,True,LGSD-Medium,-0.10395124763977959,-0.1781841396797344,False,-0.027456727299587924,-0.10168961933954274,False,-0.10344880702100046,-0.17768169906095527,False,-0.05538344828801611,-0.12961634032797092,False,-0.07953453314194425,-0.15376742518189906,False,-0.023914273879056203
arena-pref:heldout:000089,89,6,creativity;domain_knowledge;problem_solving;real_world;specificity,46,831,570,0.039830431901024754,True,LGSD-Large,0.3095815433514517,0.26975111145042696,True,0.3192222106206848,0.27939177871966003,True,0.32277374729043196,0.2829433153894072,True,0.3216286376744377,0.28179820577341297,True,0.32070446481909465,0.2808740329180699,True,0.002069282471337308
arena-pref:heldout:000090,90,5,domain_knowledge;instruction_following;real_world;specificity;technical_accuracy,296,319,379,-0.017133942879034803,False,LGSD-High,0.075049347582134,0.0921832904611688,True,0.1391304477659434,0.1562643906449782,True,0.09710024279945295,0.11423418567848775,True,0.17836487012724278,0.19549881300627758,True,0.12332413309185508,0.14045807597088988,True,-0.02622389029240213
arena-pref:heldout:000091,91,5,creativity;domain_knowledge;real_world;specificity,17,794,576,-0.03433047550718138,False,LGSD-High,0.04331722486062506,0.07764770036780644,True,-0.015142215739569753,0.019188259767611626,False,0.026411245316642296,0.060741720823823675,True,0.04789790290929408,0.08222837841647546,True,0.045954868601978616,0.08028534410916,True,-0.01954362328533632
arena-pref:heldout:000092,92,1,code;complexity;domain_knowledge;instruction_following;problem_solving;real_world;specificity;technical_accuracy,38,693,655,-0.48211520219074255,False,LGSD-Large,-0.4780367009040929,0.004078501286649661,False,-0.5175305054696558,-0.03541530327891329,False,-0.41843562228215614,0.06367957990858641,False,-0.5143903287707706,-0.03227512658002807,False,-0.5500925508594973,-0.06797734866875471,False,0.13165692857734113
arena-pref:heldout:000093,93,9,instruction_following;math,63,274,267,0.42809808811849037,True,LGSD-Small,0.25514094290332734,-0.17295714521516303,True,-0.05866341580583034,-0.4867615039243207,False,-0.09891112636342081,-0.5270092144819112,False,0.19532973272464993,-0.23276835539384044,True,0.22660919283728154,-0.20148889528120884,True,-0.32552031920070235
arena-pref:heldout:000094,94,6,code,2119,2843,2120,0.08430270804342677,True,LGSD-Large,0.10016578133165299,0.015863073288226226,True,0.0937089126510508,0.009406204607624036,True,0.15807945727336797,0.07377674922994121,True,0.10323246316997958,0.018929755126552816,True,0.09854290876003169,0.014240200716604923,True,0.059536548513336285
arena-pref:heldout:000095,95,4,creativity;domain_knowledge;real_world;specificity;technical_accuracy,27,243,263,-0.0947691346444447,False,OPSD,-0.14686875745555472,-0.052099622811110025,False,-0.3850700943259857,-0.290300959681541,False,-0.3300701055046382,-0.23530097086019353,False,-0.2306025478101179,-0.1358334131656732,False,-0.1078398042467621,-0.013070669602317397,False,-0.22223030125787613
arena-pref:heldout:000096,96,7,domain_knowledge;real_world,31,291,239,0.15019235938822173,True,LGSD-Medium,0.27914022877258526,0.12894786938436353,True,0.47630351469633947,0.32611115530811774,True,0.45085206329561167,0.30065970390738994,True,0.2983875567003691,0.14819519731214736,True,0.16651078423983545,0.016318424851613722,True,0.2843412790557762
arena-pref:heldout:000097,97,6,code;complexity;domain_knowledge;instruction_following;real_world;specificity;technical_accuracy,51,613,752,0.10919130513811315,True,LGSD-Medium,-0.11950535267950413,-0.22869665781761728,False,-0.021553722077856552,-0.1307450272159697,False,-0.1523921647317944,-0.26158346986990755,False,-0.04529678078031407,-0.15448808591842722,False,-0.11032391148097465,-0.2195152166190878,False,-0.042068253250819754
arena-pref:heldout:000098,98,4,code;complexity;domain_knowledge;instruction_following;math;problem_solving;real_world;specificity;technical_accuracy,19,369,251,-0.0616177670402388,False,LGSD-Medium,-0.12038528585219277,-0.05876751881195397,False,0.05701397292104482,0.11863173996128362,True,-0.03176196024427891,0.029855806795959894,False,-0.10714733924577824,-0.04552957220553944,False,-0.16706790497169188,-0.10545013793145308,False,0.13530594472741297
arena-pref:heldout:000099,99,2,other,14,69,148,-0.4444423879869208,False,LGSD-Small,-0.6153989269646578,-0.170956538977737,False,-0.7470112332539425,-0.30256884526702166,False,-1.0022674796630762,-0.5578250916761553,False,-0.691467603047689,-0.24702521506076813,False,-0.857591753047072,-0.4131493650601512,False,-0.14467572661600414
arena-pref:heldout:000100,100,7,creativity;domain_knowledge;instruction_following;real_world;specificity,95,218,450,0.17895793837023333,True,LGSD-Small,0.17312773269979953,-0.005830205670433797,True,-0.20275942297885896,-0.3817173613490923,False,-0.23684006911655908,-0.4157980074867924,False,-0.3180174415580601,-0.49697537992829344,False,-0.24375476432745824,-0.42271270269769157,False,0.006914695210899158
arena-pref:heldout:000101,101,3,complexity;domain_knowledge;instruction_following;math;problem_solving;real_world;specificity;technical_accuracy,28,124,368,-0.20590338650124274,False,LGSD-Small,-0.04691522235121326,0.15898816415002948,False,-0.32955715950541875,-0.12365377300417602,False,-0.566838588152828,-0.3609352016515852,False,-0.16157104005987488,0.044332346441367854,False,-0.1891771854224078,0.016726201078834935,False,-0.37766140273042015
arena-pref:heldout:000102,102,6,creativity;domain_knowledge;real_world,39,339,264,0.04642804559608904,True,LGSD-Large,0.4974374391975718,0.45100939360148273,True,0.5088486044871705,0.46242055889108147,True,0.5781349134560276,0.5317068678599386,True,0.33781786788465773,0.2913898222885687,True,0.32664516228522134,0.2802171166891323,True,0.2514897511708063
arena-pref:heldout:000103,103,10,instruction_following,335,415,292,0.7140414183044183,True,LGSD-Large,1.2214705215229964,0.5074291032185781,True,1.4838325253373466,0.7697911070329283,True,1.5450342562395782,0.83099283793516,True,1.2772779370912488,0.5632365187868306,True,1.2353834116807136,0.5213419933762954,True,0.3096508445588646
arena-pref:heldout:000104,104,5,creativity;domain_knowledge;problem_solving;real_world;specificity,16,1016,383,-0.024925787848216086,False,LGSD-Large,0.3036573582217479,0.32858314606996397,True,0.33218691150563884,0.3571126993538549,True,0.38204813745151656,0.40697392529973264,True,0.16669412806802608,0.19161991591624217,True,0.24254891047516258,0.26747469832337867,True,0.13949922697635397
arena-pref:heldout:000105,105,3,creativity;domain_knowledge;instruction_following;problem_solving;real_world;specificity;technical_accuracy,424,800,696,-0.16584793044232793,False,LGSD-Small,-0.10261233773724787,0.06323559270508006,False,-0.16783414906468908,-0.0019862186223611467,False,-0.18604296843210832,-0.020195037989780396,False,-0.1633612917483538,0.0024866386939741414,False,-0.1719283509802545,-0.0060804205379265674,False,-0.014114617451853828
arena-pref:heldout:000106,106,7,creativity;domain_knowledge;real_world,15,306,223,0.21831851132872904,True,LGSD-Small,0.5801111286328469,0.3617926173041178,True,0.5084512969345485,0.29013278560581945,True,0.41546949670415345,0.19715098537542441,True,0.43014394847396153,0.2118254371452325,True,0.40221529192275884,0.1838967805940298,True,0.013254204781394607
arena-pref:heldout:000107,107,3,creativity;instruction_following;problem_solving;real_world;specificity,74,58,68,-0.2881352103506092,False,LGSD-Medium,0.48493678768072845,0.7730719980313376,True,0.6916433454285285,0.9797785557791376,True,0.6677461357194074,0.9558813460700166,True,0.6548602257007037,0.9429954360513129,True,0.30001658310029367,0.5881517934509028,True,0.3677295526191138
arena-pref:heldout:000108,108,4,creativity;domain_knowledge;real_world;specificity,19,187,256,-0.10519179685868041,False,LGSD-High,0.19387116836991547,0.2990629652285959,True,0.26191748575093277,0.3671092826096132,True,-0.002302911989191969,0.10288888486948844,False,0.2875258146441557,0.39271761150283613,True,0.04115478479288459,0.146346581651565,True,-0.04345769678207656
arena-pref:heldout:000109,109,1,creativity;domain_knowledge;instruction_following;real_world;specificity;technical_accuracy,225,231,219,-0.5021539847706444,False,LGSD-High,-0.7450112949831238,-0.24285731021247936,False,-0.7335676763191035,-0.23141369154845903,False,-0.7006613499455299,-0.19850736517488543,False,-0.6512851468511363,-0.14913116208049182,False,-0.6840406588753625,-0.18188667410471804,False,-0.016620691070167393
arena-pref:heldout:000110,110,2,complexity;domain_knowledge;math;problem_solving;real_world;specificity;technical_accuracy,31,295,879,-0.4649320889984894,False,LGSD-High,-0.9767087965492838,-0.5117767075507944,False,-1.0505711593858895,-0.5856390703874002,False,-1.2395711235290152,-0.7746390345305258,False,-0.8135216634007486,-0.3485895744022592,False,-0.8394639398995534,-0.37453185090106395,False,-0.40010718362946185
arena-pref:heldout:000111,111,2,complexity;domain_knowledge;instruction_following;problem_solving;real_world;specificity;technical_accuracy,157,341,397,-0.3762069528203631,False,OPSD,-0.7935986966014674,-0.41739174378110433,False,-1.17962143928154,-0.803414486461177,False,-1.2073766114135394,-0.8311696585931763,False,-0.6992391774408124,-0.32303222462044934,False,-0.6964859797584948,-0.3202790269381317,False,-0.5108906316550446
arena-pref:heldout:000112,112,7,complexity;domain_knowledge;math;problem_solving;real_world;specificity;technical_accuracy,18,102,194,0.15758108451724506,True,LGSD-Large,-0.022078666008432224,-0.1796597505256773,False,0.11216599237130875,-0.04541509214593631,True,0.31673917621946424,0.15915809170221917,True,-0.1211751801379164,-0.27875626465516146,False,0.07586533974608378,-0.08171574477116128,True,0.24087383647338045
arena-pref:heldout:000113,113,8,code;complexity;domain_knowledge;instruction_following;math;problem_solving;real_world;specificity;technical_accuracy,52,822,692,0.24119379803320995,True,LGSD-Large,0.3527281273032181,0.11153432927000817,True,0.29054101349095196,0.04934721545774201,True,0.3938882214281022,0.15269442339489225,True,0.3277378335571869,0.08654403552397694,True,0.3930344920338583,0.15184069400064837,True,0.000853729394243885
arena-pref:heldout:000114,114,2,code;creativity;domain_knowledge;real_world;specificity;technical_accuracy,35,768,937,-0.32657904186915854,False,LGSD-Medium,-0.3816838938516258,-0.055104851982467284,False,-0.37580365096810286,-0.04922460909894433,False,-0.5255154606865335,-0.198936418817375,False,-0.4510952847622458,-0.12451624289308727,False,-0.4754748789865917,-0.14889583711743315,False,-0.050040581699941855
arena-pref:heldout:000115,115,4,complexity;domain_knowledge;instruction_following;math;problem_solving;real_world;specificity;technical_accuracy,49,669,205,-0.13209587644290322,False,LGSD-Large,-0.27339199346677057,-0.14129611702386735,False,-0.181147571087944,-0.04905169464504078,False,-0.03049488819329116,0.10160098824961206,False,-0.23840324318132122,-0.10630736673841801,False,-0.2509288491611341,-0.1188329727182309,False,0.22043396096784296
arena-pref:heldout:000116,116,4,code;complexity;creativity;domain_knowledge;instruction_following;problem_solving;real_world;specificity;technical_accuracy,2720,751,1172,-0.1206881059342782,False,OPSD,-0.05392347760776339,0.06676462832651481,False,-0.1398749416446997,-0.019186835710421513,False,-0.15921347757013227,-0.03852537163585407,False,-0.04915764423233282,0.07153046170194538,False,-0.031084701180978724,0.08960340475329948,False,-0.12812877638915354
arena-pref:heldout:000117,117,5,domain_knowledge;real_world,12,590,628,-0.03879440522381794,False,LGSD-Medium,-0.16030225839237033,-0.1215078531685524,False,-0.12847974352634317,-0.08968533830252523,False,-0.19995150755023938,-0.16115710232642144,False,-0.16119182917773967,-0.12239742395392172,False,-0.21451251930723592,-0.17571811408341798,False,0.014561011756996534
arena-pref:heldout:000118,118,5,code;complexity;creativity;domain_knowledge;instruction_following;problem_solving;real_world;specificity;technical_accuracy,116,881,571,0.01411589271950675,True,LGSD-Large,0.18069930667618195,0.1665834139566752,True,0.21644654463346868,0.20233065191396193,True,0.2498371884566588,0.23572129573715206,True,0.0812418958701625,0.06712600315065576,True,0.0483031246603185,0.034187231940811746,True,0.2015340637963403
arena-pref:heldout:000119,119,6,creativity;domain_knowledge;real_world,20,762,649,0.060418062841947395,True,LGSD-Large,0.16674659724329444,0.10632853440134704,True,0.19307380125653162,0.13265573841458422,True,0.1991363466481415,0.1387182838061941,True,0.1650069640962648,0.10458890125431741,True,0.18932021139328237,0.12890214855133497,True,0.009816135254859137
arena-pref:heldout:000120,120,4,instruction_following,511,1071,1080,-0.08353289060417529,False,LGSD-High,-0.10038948992572766,-0.016856599321552368,False,-0.10522891236657561,-0.02169602176240032,False,-0.12409445968625554,-0.04056156908208025,False,-0.09403455765715568,-0.01050166705298039,False,-0.10461265676458636,-0.021079766160411073,False,-0.019481802921669178
arena-pref:heldout:000121,121,2,creativity;domain_knowledge;real_world;specificity,34,671,581,-0.4523695900021716,False,OPSD,-0.587544898048727,-0.13517530804655542,False,-0.5842845880230376,-0.13191499802086604,False,-0.6081756840032881,-0.15580609400111656,False,-0.511661607008967,-0.05929201700679543,False,-0.5045173364121149,-0.05214774640994335,False,-0.1036583475911732
arena-pref:heldout:000122,122,10,creativity;domain_knowledge;instruction_following;problem_solving;real_world;specificity;technical_accuracy,1058,816,232,1.1654610044654758,True,LGSD-Large,2.397996857329105,1.2325358528636292,True,2.764075916711344,1.598614912245868,True,3.162927964073811,1.997466959608335,True,2.1430229609523614,0.9775619564868856,True,1.823541699993683,0.6580806955282072,True,1.3393862640801277
arena-pref:heldout:000123,123,8,creativity;real_world;specificity,22,94,57,0.32190517384243256,True,OPSD,0.0054567913014125224,-0.31644838254102003,True,0.05799583571755473,-0.2639093381248778,True,0.134925093300176,-0.18698008054225657,True,0.25081209906805535,-0.07109307477437721,True,0.34433857119319233,0.022433397350759776,True,-0.20941347789301634
arena-pref:heldout:000124,124,9,domain_knowledge;real_world,13,302,348,0.6254404525629069,True,LGSD-Large,0.8145304971918392,0.1890900446289323,True,1.0635286159708484,0.43808816340794143,True,1.1767079865922483,0.5512675340293414,True,0.8349240206416231,0.20948356807871615,True,0.8210822912150708,0.1956418386521639,True,0.3556256953771775
arena-pref:heldout:000125,125,3,creativity;domain_knowledge;real_world;specificity;technical_accuracy,26,156,353,-0.15985632957590923,False,OPSD,-0.1976054627936743,-0.037749133217765074,False,-0.6852968421958758,-0.5254405126199666,False,-0.8290182652448861,-0.6691619356689769,False,-0.17682994725597334,-0.016973617680064113,False,-0.10348227473137239,0.056374054844536836,False,-0.7255359905135137
arena-pref:heldout:000126,126,4,creativity;domain_knowledge;instruction_following;real_world;specificity,56,235,302,-0.09976906082370474,False,LGSD-Small,0.6538117973270658,0.7535808581507706,True,0.44640948626295307,0.5461785470866578,True,0.3932561021095031,0.49302516293320786,True,0.3689739315983811,0.46874299242208584,True,0.2765654951044252,0.3763345559281299,True,0.11669060700507794
arena-pref:heldout:000127,127,7,creativity;real_world;specificity,17,267,364,0.2081403949748697,True,OPSD,0.26622132029990464,0.05808092532503495,True,0.2675970939617076,0.05945669898683792,True,0.31474328640631155,0.10660289143144186,True,0.30082407789367327,0.09268368291880358,True,0.4406910549442813,0.2325506599694116,True,-0.12594776853796974
arena-pref:heldout:000128,128,10,other,14,411,28,1.1555325054318533,True,LGSD-High,3.0282153095434965,1.8726828041116432,True,3.1529071597038643,1.997374654272011,True,2.791461817290909,1.6359293118590559,True,3.876946088295659,2.7214135828638057,True,3.3714216316496284,2.215889126217775,True,-0.5799598143587192
arena-pref:heldout:000129,129,10,creativity;domain_knowledge;real_world,29,373,90,0.8154168930940057,True,LGSD-Medium,2.154259434831544,1.338842541737538,True,2.434276553083823,1.618859659989817,True,2.413087730419079,1.5976708373250732,True,2.4252605163237866,1.6098436232297808,True,2.1464080399191374,1.3309911468251316,True,0.26667969049994156
arena-pref:heldout:000130,130,3,creativity;domain_knowledge;real_world;specificity,20,191,252,-0.2804645646354518,False,LGSD-High,-0.6777881928872438,-0.397323628251792,False,-0.5518376956623627,-0.27137313102691096,False,-0.5928020933010645,-0.3123375286656127,False,-0.5082405941212733,-0.22777602948582154,False,-0.6417699150637699,-0.36130535042831813,False,0.04896782176270542
arena-pref:heldout:000131,131,6,domain_knowledge;specificity;technical_accuracy,19,333,154,0.09827345309561186,True,LGSD-Medium,0.29284592722912883,0.19457247413351697,True,0.36712776995789387,0.268854316862282,True,0.3293089113287173,0.23103545823310545,True,0.3219636026557031,0.22369014956009126,True,0.22059138751681773,0.12231793442120587,True,0.10871752381189959
arena-pref:heldout:000132,132,9,code;complexity;domain_knowledge;problem_solving;real_world;specificity;technical_accuracy,21,538,665,0.43936690474901324,True,LGSD-Large,0.6389970283989176,0.19963012364990435,True,0.722021549325187,0.2826546445761738,True,0.7337789004320241,0.29441199568301085,True,0.6162660135365713,0.17689910878755805,True,0.585579680591471,0.1462127758424578,True,0.14819921984055306
arena-pref:heldout:000133,133,4,domain_knowledge;instruction_following;real_world;specificity;technical_accuracy,33,136,118,-0.11400448669821528,False,LGSD-High,0.09785824425793344,0.21186273095614871,True,0.17079336479202212,0.2847978514902374,True,0.15242590077020868,0.26643038746842396,True,0.21801125777445218,0.33201574447266746,True,0.12278255127957216,0.23678703797778744,True,0.029643349490636517
arena-pref:heldout:000134,134,2,instruction_following,163,52,54,-0.384637135725755,False,LGSD-Medium,0.05839930912028679,0.44303644484604177,True,0.12961437627460892,0.5142515120003639,True,-0.46523845025956456,-0.08060131453380959,False,-0.21935707891089273,0.16528005681486224,False,0.02128072070260334,0.4059178564283583,True,-0.4865191709621679
arena-pref:heldout:000135,135,3,creativity;domain_knowledge;instruction_following;problem_solving;real_world;specificity,123,314,324,-0.2892155613531394,False,LGSD-High,-0.3090037047192764,-0.01978814336613699,False,-0.28633438259435806,0.0028811787587813553,False,-0.3595239366760996,-0.07030837532296019,False,0.017160079909859682,0.3063756412629991,True,-0.11882237517403427,0.17039318617910515,False,-0.24070156150206534
arena-pref:heldout:000136,136,10,domain_knowledge;real_world;specificity;technical_accuracy,20,209,13,3.2418347001733876,True,LGSD-Large,5.172643969679387,1.9308092695059997,True,6.403448810373812,3.161614110200424,True,7.068094550488317,3.826259850314929,True,5.602025424815469,2.3601907246420817,True,5.912259748765639,2.670425048592252,True,1.1558348017226772
arena-pref:heldout:000137,137,8,creativity;real_world;specificity,18,439,430,0.24791129403696055,True,LGSD-Large,0.22377584948153006,-0.024135444555430485,True,0.2177163323387603,-0.03019496169820024,True,0.31889394343944466,0.07098264940248411,True,0.1826372409514807,-0.06527405308547984,True,0.16415790530176122,-0.08375338873519933,True,0.15473603813768344
arena-pref:heldout:000138,138,2,creativity;domain_knowledge;real_world;specificity,58,169,258,-0.3024386412987692,False,OPSD,-0.6954112469584048,-0.39297260565963565,False,-0.8506613708155939,-0.5482227295168247,False,-0.925579533030815,-0.6231408917320458,False,-0.6198253036666301,-0.31738666236786095,False,-0.5538159565916629,-0.25137731529289375,False,-0.37176357643915203
arena-pref:heldout:000139,139,8,domain_knowledge;real_world;technical_accuracy,101,192,230,0.22303495147953867,True,LGSD-Medium,0.6472849876984306,0.4242500362188919,True,0.7713670785876288,0.5483321271080901,True,0.710372508176859,0.4873375566973204,True,0.508552389818689,0.28551743833915033,True,0.5194731696792272,0.2964382181996885,True,0.19089933849763185
arena-pref:heldout:000140,140,4,creativity;domain_knowledge;real_world,24,654,644,-0.10038721289940755,False,LGSD-Medium,0.043145037748934634,0.14353225064834219,True,0.2358308509672904,0.33621806386669795,True,0.21532267714632725,0.3157098900457348,True,-0.04316678705551835,0.0572204258438892,False,-0.058222086506084514,0.04216512639332304,False,0.27354476365241176
arena-pref:heldout:000141,141,3,creativity;domain_knowledge;real_world,17,433,172,-0.2277138838226862,False,LGSD-Large,0.24173712117042334,0.46945100499310954,True,0.4428625847972023,0.6705764686198885,True,0.5148007369680418,0.742514620790728,True,0.2913838448563659,0.5190977286790521,True,0.13929522972920294,0.36700911355188914,True,0.3755055072388389
arena-pref:heldout:000142,142,2,domain_knowledge;real_world,12,352,294,-0.3520621873009847,False,LGSD-Small,-0.37235390188963824,-0.02029171458865353,False,-0.46595731707509835,-0.11389512977411365,False,-0.4696757185584466,-0.11761353125746188,False,-0.41660746937558923,-0.06454528207460453,False,-0.3997254520931137,-0.04766326479212901,False,-0.06995026646533287
arena-pref:heldout:000143,143,7,creativity;domain_knowledge;real_world,70,1006,567,0.18837918905891993,True,LGSD-Large,0.5052974385440536,0.3169182494851337,True,0.5087228021597596,0.3203436131008397,True,0.535047878983764,0.3466686899248441,True,0.44715382284146066,0.25877463378254073,True,0.4907593822662826,0.30238019320736265,True,0.044288496717481474
arena-pref:heldout:000144,144,9,other,15,314,190,0.6669750382426276,True,LGSD-Large,1.0546211692817733,0.3876461310391457,True,1.403714708461883,0.7367396702192555,True,1.5736365514915742,0.9066615132489466,True,1.2114627707695904,0.5444877325269628,True,1.0801382560359125,0.4131632177932849,True,0.4934982954556617
arena-pref:heldout:000145,145,6,domain_knowledge;instruction_following;real_world;technical_accuracy,196,258,194,0.05544001762885842,True,LGSD-Small,-0.2435155816094573,-0.2989555992383157,False,-0.3768122776000703,-0.4322522952289287,False,-0.43049941538887937,-0.4859394330177378,False,-0.2786187558573118,-0.3340587734861702,False,-0.2521148671122999,-0.30755488474115833,False,-0.17838454827657946
arena-pref:heldout:000146,146,7,other,507,1026,925,0.16638234026696697,True,LGSD-Small,0.04104544102030827,-0.1253368992466587,True,0.007448692187124406,-0.15893364807984256,True,0.02086473466272154,-0.14551760560424543,True,0.0246205768290777,-0.14176176343788927,True,0.01476305622213181,-0.15161928404483516,True,0.006101678440589731
arena-pref:heldout:000147,147,6,complexity;domain_knowledge;instruction_following;math;problem_solving;real_world;specificity;technical_accuracy,143,1310,689,0.06590491639850482,True,LGSD-Large,0.10473264946888594,0.03882773307038112,True,0.13235450908570578,0.06644959268720096,True,0.13667191570190995,0.07076699930340513,True,0.10441633640216141,0.03851142000365659,True,0.10373766856454048,0.037832752166035655,True,0.03293424713736948
arena-pref:heldout:000148,148,6,code;domain_knowledge;real_world;specificity;technical_accuracy,17,1248,830,0.10111670504022907,True,LGSD-Large,0.27410437845690294,0.17298767341667387,True,0.2980696405457023,0.19695293550547321,True,0.33976808974578643,0.23865138470555736,True,0.16607189918323018,0.0649551941430011,True,0.1803193007091478,0.07920259566891874,True,0.15944878903663862
arena-pref:heldout:000149,149,10,other,17,208,74,0.8507114809912604,True,LGSD-Large,2.2500201347216255,1.3993086537303652,True,2.5576758560668402,1.7069643750755799,True,3.110072321802563,2.2593608408113024,True,2.3188605038391077,1.4681490228478473,True,1.8875121351587052,1.0368006541674448,True,1.2225601866438578
arena-pref:heldout:000150,150,6,complexity;creativity;domain_knowledge;problem_solving;real_world;specificity;technical_accuracy,17,561,888,0.09124869625365206,True,OPSD,-0.13125269395879968,-0.22250139021245174,False,-0.26052047384263655,-0.3517691700962886,False,-0.22750185395950306,-0.3187505502131551,False,-0.0992698036085784,-0.19051849986223046,False,-0.09012246842891325,-0.1813711646825653,False,-0.13737938553058981
arena-pref:heldout:000151,151,1,complexity;creativity;domain_knowledge;instruction_following;problem_solving;real_world;specificity;technical_accuracy,174,415,331,-0.6816004757313083,False,OPSD,-0.6923924736134306,-0.010791997882122262,False,-0.6993709308859066,-0.017770455154598297,False,-0.689848535332426,-0.00824805960111763,False,-0.6291587797653748,0.05244169596593351,False,-0.6177868781254494,0.06381359760585892,False,-0.07206165720697655
arena-pref:heldout:000152,152,2,creativity;domain_knowledge;real_world,22,301,259,-0.32597805364690446,False,LGSD-High,0.06388916292384916,0.3898672165707536,True,-0.03684581425370448,0.2891322393932,False,-0.2568360263851521,0.06914202726175234,False,0.18512729580723253,0.511105349454137,True,0.034502073262103305,0.36048012690900777,True,-0.29133809964725543
arena-pref:heldout:000153,153,7,instruction_following,102,1136,1242,0.16108423989076126,True,LGSD-High,0.16330731661834363,0.0022230767275823737,True,0.1500367506923166,-0.011047489198444671,True,0.15662820300918345,-0.004456036881577807,True,0.20215230217534996,0.0410680622845887,True,0.16066816119380278,-0.0004160786969584773,True,-0.00403995818461933
arena-pref:heldout:000154,154,7,code;complexity;domain_knowledge;real_world;specificity;technical_accuracy,31,372,473,0.1124022638684754,True,LGSD-Medium,-0.11105337976317253,-0.22345564363164794,False,-0.09323224387443907,-0.20563450774291447,False,-0.17739035585723384,-0.28979261972570924,False,-0.0941494264303262,-0.2065516902988016,False,-0.1382102537481431,-0.2506125176166185,False,-0.03918010210909073
arena-pref:heldout:000155,155,5,code;complexity;domain_knowledge;problem_solving;real_world;specificity;technical_accuracy,74,347,569,-0.03374538538616478,False,LGSD-Medium,-0.11083498597763941,-0.07708960059147463,False,0.003934889132958697,0.03768027451912348,True,-0.1648109501898738,-0.131065564803709,False,-0.18757596716805414,-0.15383058178188935,False,-0.16528785860207673,-0.13154247321591195,False,0.00047690841220293656
arena-pref:heldout:000156,156,3,other,218,267,277,-0.14996883519371929,False,LGSD-Large,-0.18506891992851338,-0.03510008473479409,False,-0.16432167460899438,-0.014352839415275098,False,-0.1051465678455834,0.04482226734813588,False,-0.14895036371127635,0.0010184714824429397,False,-0.14795740253647227,0.0020114326572470143,False,0.042810834690888866
arena-pref:heldout:000157,157,6,code;complexity;domain_knowledge;instruction_following;problem_solving;real_world;specificity;technical_accuracy,171,541,323,0.06413615392061234,True,LGSD-Small,0.09706818136429352,0.03293202744368118,True,-0.08101635976130028,-0.14515251368191262,False,-0.12308895646385487,-0.1872251103844672,False,-0.08951823193184172,-0.15365438585245406,False,0.0065287552385908665,-0.05760739868202147,True,-0.12961771170244574
arena-pref:heldout:000158,158,3,code;domain_knowledge;real_world;specificity;technical_accuracy,16,199,372,-0.26429600014049925,False,LGSD-Medium,-0.05580483306366979,0.20849116707682946,False,-0.006439923042028894,0.25785607709847036,False,-0.12630140194599404,0.1379945981945052,False,-0.08758396931532486,0.1767120308251744,False,-0.05228061921310401,0.21201538092739525,False,-0.07402078273289003
arena-pref:heldout:000159,159,8,code;creativity;domain_knowledge;real_world;specificity;technical_accuracy,41,739,696,0.24638810678126388,True,LGSD-Large,0.14684929810337488,-0.099538808677889,True,0.20658540983064944,-0.03980269695061445,True,0.2773970326865127,0.03100892590524884,True,0.13224170538870084,-0.11414640139256305,True,0.16036022367853153,-0.08602788310273235,True,0.11703680900798119
arena-pref:heldout:000160,160,7,code;domain_knowledge;instruction_following;real_world;specificity;technical_accuracy,98,862,503,0.15151003572558364,True,LGSD-Large,0.312140221645099,0.1606301859195154,True,0.46631045497502543,0.3148004192494418,True,0.610940425172815,0.45943038944723136,True,0.4495200751924715,0.29801003946688787,True,0.3041820490886986,0.15267201336311498,True,0.3067583760841164
arena-pref:heldout:000161,161,7,domain_knowledge;instruction_following;real_world;specificity;technical_accuracy,114,227,185,0.17912297181280357,True,OPSD,-0.3343044643899429,-0.5134274362027464,False,-0.2751995571284991,-0.45432252894130265,False,-0.10421311798259225,-0.2833360897953958,False,-0.15031664358148822,-0.3294396153942918,False,0.027287981842000875,-0.1518349899708027,True,-0.13150109982459313
arena-pref:heldout:000162,162,3,creativity;domain_knowledge;real_world,40,501,379,-0.27638386547722726,False,OPSD,-0.5589203334414563,-0.28253646796422904,False,-0.5665916622497109,-0.29020779677248365,False,-0.5426163337920515,-0.2662324683148243,False,-0.5186171273493729,-0.24223326187214567,False,-0.4881833201101262,-0.21179945463289895,False,-0.054433013681925324
arena-pref:heldout:000163,163,4,domain_knowledge;instruction_following;problem_solving;real_world;specificity;technical_accuracy,673,764,358,-0.039198314628588804,False,LGSD-Large,0.11889363259897334,0.15809194722756215,True,0.20578981397750917,0.24498812860609798,True,0.24802612802989232,0.2872244426584811,True,0.15354125150838827,0.19273956613697707,True,0.036449962920459766,0.07564827754904857,True,0.21157616510943256
arena-pref:heldout:000164,164,7,domain_knowledge;real_world;specificity;technical_accuracy,19,201,356,0.1901788056626449,True,LGSD-Small,0.23480567191643908,0.044626866253794195,True,0.21420361793249798,0.02402481226985309,True,-0.08444221645212169,-0.2746210221147666,False,0.09588288136009426,-0.09429592430255063,True,-0.09599210119239432,-0.2861709068550392,False,0.011549884740272631
arena-pref:heldout:000165,165,6,creativity;domain_knowledge;real_world,18,103,241,0.10709000916982947,True,LGSD-Small,-0.6485324278416829,-0.7556224370115123,False,-1.1740111660017032,-1.2811011751715327,False,-1.3722536278900512,-1.4793436370598807,False,-1.0836227916285237,-1.1907128007983532,False,-1.3451346079406012,-1.4522246171104307,False,-0.027119019949449985
arena-pref:heldout:000166,166,3,code;complexity;domain_knowledge;problem_solving;real_world;specificity;technical_accuracy,483,387,586,-0.15994503017606898,False,OPSD,-0.33251657002442614,-0.17257153984835716,False,-0.5572230525283861,-0.39727802235231713,False,-0.5019264283260851,-0.34198139815001616,False,-0.2895296952502231,-0.12958466507415412,False,-0.1939384556648447,-0.03399342548877571,False,-0.30798797266124045
arena-pref:heldout:000167,167,3,creativity;domain_knowledge;instruction_following;problem_solving;real_world;specificity,705,550,528,-0.18181616667545197,False,LGSD-Small,-0.27227017200354364,-0.09045400532809167,False,-0.2915525158968839,-0.10973634922143194,False,-0.35169716863921185,-0.16988100196375988,False,-0.3334366099039714,-0.15162044322851942,False,-0.3037039330511382,-0.12188776637568621,False,-0.04799323558807367
arena-pref:heldout:000168,168,9,creativity;domain_knowledge;instruction_following;real_world;specificity;technical_accuracy,44,591,310,0.41189737071650523,True,LGSD-Large,0.8150965002724242,0.40319912955591897,True,0.9072256577248514,0.4953282870083462,True,1.0785377747926264,0.6666404040761211,True,0.7454715127228166,0.3335741420063114,True,0.7179713240305376,0.3060739533140324,True,0.3605664507620887
arena-pref:heldout:000169,169,2,domain_knowledge;real_world;specificity,24,323,205,-0.29208933654476366,False,OPSD,-0.7685676520840958,-0.4764783155393322,False,-0.6855324110379528,-0.39344307449318916,False,-0.6640197208620293,-0.37193038431726566,False,-0.42730184859094544,-0.1352125120461818,False,-0.3301505652455541,-0.03806122870079043,False,-0.33386915561647523
arena-pref:heldout:000170,170,6,creativity;domain_knowledge;problem_solving;real_world;specificity;technical_accuracy,47,520,305,0.07436883542757167,True,LGSD-Large,0.34728946325006294,0.27292062782249127,True,0.30794836545802307,0.2335795300304514,True,0.3782971420023509,0.3039283065747792,True,0.26058535058741916,0.1862165151598475,True,0.18805280369136868,0.11368396826379701,True,0.1902443383109822
arena-pref:heldout:000171,171,4,code;complexity;domain_knowledge;instruction_following;math;problem_solving;real_world;specificity;technical_accuracy,230,460,522,-0.056736882940721656,False,LGSD-High,-0.025453195265287443,0.03128368767543421,False,-0.13087352175683198,-0.07413663881611032,False,-0.16979936124403516,-0.11306247830331351,False,0.00804705217085977,0.06478393511158143,True,-0.09253751652133124,-0.03580063358060959,False,-0.07726184472270392
arena-pref:heldout:000172,172,8,code;complexity;domain_knowledge;problem_solving;real_world;specificity;technical_accuracy,694,952,413,0.3448408195018564,True,LGSD-Large,0.4103815773582377,0.0655407578563813,True,0.5293045363149791,0.18446371681312268,True,0.5679077755401418,0.2230669560382854,True,0.44012181325237937,0.09528099375052296,True,0.3773547421661711,0.03251392266431469,True,0.19055303337397073
arena-pref:heldout:000173,173,2,domain_knowledge;real_world;specificity;technical_accuracy,27,485,349,-0.3738949768230474,False,LGSD-Large,-0.399282364688504,-0.02538738786545658,False,-0.4698974781894467,-0.09600250136639932,False,-0.32761024262349947,0.04628473419954793,False,-0.4087512017113346,-0.03485622488828721,False,-0.35677269586371496,0.017122280959332437,False,0.02916245324021549
arena-pref:heldout:000174,174,10,creativity;domain_knowledge;real_world;specificity,22,606,137,0.7475688730822352,True,LGSD-Large,1.7292779397896705,0.9817090667074353,True,1.68891565684441,0.9413467837621747,True,2.4149133842793393,1.6673445111971041,True,1.5705291715377827,0.8229602984555475,True,1.813574599718893,1.0660057266366578,True,0.6013387845604463
arena-pref:heldout:000175,175,6,other,12,32,85,0.06553074331844533,True,LGSD-Large,-0.900965701832491,-0.9664964451509364,False,0.09404396169325846,0.028513218374813132,True,0.38035862866569925,0.3148278853472539,True,-0.514481802547679,-0.5800125458661243,False,-1.2702991205103258,-1.3358298638287711,False,1.650657749176025
arena-pref:heldout:000176,176,1,domain_knowledge;real_world;specificity;technical_accuracy,44,163,245,-0.733318572201388,False,LGSD-Medium,-1.0074987115139984,-0.2741801393126104,False,-0.9904517732455222,-0.2571332010441343,False,-1.0699277199357953,-0.3366091477344073,False,-1.0912898658168797,-0.35797129361549174,False,-1.1439500785551575,-0.41063150635376955,False,0.07402235861936224
arena-pref:heldout:000177,177,1,code;creativity;real_world;specificity,13,26,440,-2.9653271181600074,False,LGSD-Medium,-3.8836545507391014,-0.918327432579094,False,-3.761573516072093,-0.7962463979120855,False,-5.690234960876145,-2.7249078427161377,False,-5.141115245285568,-2.1757881271255606,False,-5.164555927089878,-2.1992288089298704,False,-0.5256790337862673
arena-pref:heldout:000178,178,10,complexity;domain_knowledge;problem_solving;real_world;specificity;technical_accuracy,60,230,13,1.3836481368661324,True,LGSD-Medium,1.3293321016241477,-0.054316035241984695,True,2.176375301705555,0.7927271648394225,True,1.6414649325469663,0.25781679568083393,True,1.566404381563831,0.1827562446976987,True,1.516770233996337,0.1331220971302045,True,0.12469469855062942
arena-pref:heldout:000179,179,4,creativity;problem_solving;real_world;specificity,18,625,594,-0.11810781868571785,False,OPSD,-0.4009199535742354,-0.28281213488851753,False,-0.47928699018176557,-0.3611791714960477,False,-0.57671180959374,-0.4586039909080222,False,-0.39578999568027284,-0.277682176994555,False,-0.3950971672443431,-0.2769893485586252,False,-0.18161464234939695
arena-pref:heldout:000180,180,8,domain_knowledge;real_world,18,242,354,0.32496793578362015,True,LGSD-Large,0.4146274389069351,0.08965950312331494,True,0.36124615344857824,0.03627821766495809,True,0.43648760148544596,0.11151966570182581,True,0.2883547398480413,-0.03661319593557888,True,0.3758854471724893,0.05091751138886913,True,0.06060215431295668
arena-pref:heldout:000181,181,7,code;complexity;domain_knowledge;problem_solving;real_world;specificity;technical_accuracy,773,962,922,0.18962435062794547,True,LGSD-Large,0.22814505561333392,0.038520704985388454,True,0.2559489300851394,0.06632457945719394,True,0.2704110953805691,0.08078674475262365,True,0.22031098256021747,0.030686631932272,True,0.2506323514231613,0.061008000795215844,True,0.019778743957407807
arena-pref:heldout:000182,182,1,instruction_following,26,72,35,-0.581924504325503,False,LGSD-High,-1.0801944081745454,-0.49826990384904235,False,-1.700101151542058,-1.118176647216555,False,-2.239850649757991,-1.657926145432488,False,-0.18146715694003657,0.40045734738546646,False,-1.3233723723699171,-0.7414478680444141,False,-0.916478277388074
arena-pref:heldout:000183,183,10,other,1981,658,120,1.1508517429579839,True,LGSD-Large,3.4962591917198362,2.3454074487618524,True,4.4221091634717515,3.2712574205137677,True,4.906993876788633,3.756142133830649,True,3.4902781586033473,2.3394264156453635,True,2.939033645312958,1.788181902354974,True,1.9679602314756748
arena-pref:heldout:000184,184,8,code;complexity;domain_knowledge;problem_solving;real_world;specificity;technical_accuracy,27,673,409,0.35447868565137197,True,LGSD-Large,0.7571445877896238,0.4026659021382518,True,0.7691841906701782,0.4147055050188062,True,0.8333739665407105,0.4788952808893385,True,0.5748061890014973,0.2203275033501253,True,0.5846326151470929,0.2301539294957209,True,0.24874135139361764
arena-pref:heldout:000185,185,8,domain_knowledge;instruction_following;real_world;specificity;technical_accuracy,55,371,206,0.31899868556331534,True,LGSD-Small,0.5716019363569034,0.25260325079358803,True,0.5695093271106102,0.25051064154729485,True,0.5063255345646998,0.1873268490013844,True,0.5285021576252371,0.20950347206192177,True,0.5071549326367808,0.18815624707346545,True,-0.0008293980720810445
arena-pref:heldout:000186,186,2,complexity;creativity;domain_knowledge;problem_solving;real_world;specificity;technical_accuracy,71,124,214,-0.4286176431671409,False,LGSD-High,-1.3396191319536652,-0.9110014887865243,False,-1.649281372965047,-1.2206637297979062,False,-1.868240545915127,-1.439622902747986,False,-1.0543152809430576,-0.6256976377759167,False,-1.1975621228337396,-0.7689444796665987,False,-0.6706784230813874
arena-pref:heldout:000187,187,9,domain_knowledge;real_world;technical_accuracy,1257,437,374,0.38846040565896744,True,LGSD-Large,0.6884178143462314,0.29995740868726395,True,1.069583672489527,0.6811232668305595,True,1.2738949765857852,0.8854345709268178,True,0.834759120693521,0.44629871503455354,True,0.843999309785102,0.4555389041261345,True,0.42989566680068325
arena-pref:heldout:000188,188,5,creativity;domain_knowledge;instruction_following;problem_solving;real_world;specificity;technical_accuracy,1355,640,588,0.01820956983533839,True,LGSD-Small,-0.0002682388234300781,-0.01847780865876847,False,-0.08224335592620236,-0.10045292576154075,False,-0.1455529389738226,-0.163762508809161,False,-0.12008033934093665,-0.13828990917627504,False,-0.05876445498596228,-0.07697402482130067,False,-0.08678848398786032
arena-pref:heldout:000189,189,7,domain_knowledge;real_world;specificity;technical_accuracy,28,242,387,0.2153526008769373,True,LGSD-Medium,-0.17413256227273854,-0.38948516314967585,False,-0.013614189668827548,-0.22896679054576485,False,-0.4686197078894727,-0.68397230876641,False,-0.1626027834892254,-0.3779553843661627,False,-0.31994373754023586,-0.5352963384171732,False,-0.14867597034923685
arena-pref:heldout:000190,190,5,code;complexity;domain_knowledge;instruction_following;math;problem_solving;real_world;specificity;technical_accuracy,240,317,292,-0.028994465970492378,False,LGSD-High,-0.21570068829350442,-0.18670622232301204,False,-0.1946239261875291,-0.16562946021703673,False,-0.16657016530866708,-0.1375756993381747,False,-0.13297399937357013,-0.10397953340307775,False,-0.2537603335435985,-0.22476586757310613,False,0.08719016823493142
arena-pref:heldout:000191,191,9,creativity;domain_knowledge;real_world;specificity;technical_accuracy,92,97,51,0.637127481278974,True,LGSD-High,1.4999340513100985,0.8628065700311245,True,1.4571615264997453,0.8200340452207713,True,1.766005194305241,1.128877713026267,True,1.7798558148996548,1.1427283336206808,True,1.5576486315706997,0.9205211502917257,True,0.2083565627345414
arena-pref:heldout:000192,192,10,instruction_following,228,177,229,0.7448677475393071,True,LGSD-Large,0.6603124201278645,-0.08455532741144256,True,0.7153030608956936,-0.029564686643613447,True,0.7251663903505625,-0.01970135718874455,True,0.4989967372543149,-0.24587101028499214,True,0.5504911217703516,-0.19437662576895542,True,0.17467526858021087
arena-pref:heldout:000193,193,6,code;domain_knowledge;instruction_following;real_world;specificity;technical_accuracy,953,777,723,0.05217917015381951,True,LGSD-High,-0.019427129423339407,-0.07160629957715892,False,-0.013893522443889361,-0.06607269259770887,False,-0.035932402235256566,-0.08811157238907608,False,0.013078822631343745,-0.039100347522475765,True,-0.008419312378957045,-0.060598482532776554,False,-0.027513089856299522
arena-pref:heldout:000194,194,1,creativity;domain_knowledge;real_world;specificity;technical_accuracy,25,25,126,-0.6592455176701622,False,LGSD-Large,0.9003506615048362,1.5595961791749984,True,1.689861949133495,2.349107466803657,True,2.937751634385851,3.596997152056013,True,0.3471395462278335,1.0063850638979956,True,0.5633238486638144,1.2225693663339765,True,2.3744277857220366
arena-pref:heldout:000195,195,8,domain_knowledge;real_world;technical_accuracy,14,883,147,0.2758665953498697,True,LGSD-Medium,0.8170333016230162,0.5411667062731466,True,0.960557744949015,0.6846911495991453,True,0.9160720332403705,0.6402054378905008,True,0.878206597900085,0.6023400025502154,True,0.8464799582200082,0.5706133628701385,True,0.06959207502036224
arena-pref:heldout:000196,196,4,code;domain_knowledge;real_world;specificity;technical_accuracy,14,579,377,-0.08171030505404542,False,LGSD-Medium,-0.116279829237802,-0.034569524183756584,False,-0.042607311256940505,0.03910299379710491,False,-0.05809649409373918,0.023613810960306236,False,-0.08929373988692002,-0.007583434832874603,False,-0.10292311919642994,-0.021212814142384517,False,0.044826625102690754
arena-pref:heldout:000197,197,3,specificity;technical_accuracy,18,116,83,-0.22168809722754568,False,LGSD-Large,0.5984158660546344,0.82010396328218,True,1.3663316268271113,1.588019724054657,True,1.5788576427613452,1.800545739988891,True,0.6404587351835067,0.8621468324110524,True,0.7824663846483855,1.0041544818759311,True,0.7963912581129597
arena-pref:heldout:000198,198,1,creativity;domain_knowledge;instruction_following;math;problem_solving;real_world;specificity,46,42,104,-0.7036229926587898,False,OPSD,-1.4362218458573897,-0.7325988531985999,False,-3.0040180167872395,-2.3003950241284494,False,-3.164421198568938,-2.460798205910148,False,-1.8142821657788617,-1.110659173120072,False,-1.3897636120135965,-0.6861406193548067,False,-1.7746575865553416
arena-pref:heldout:000199,199,8,domain_knowledge,25,94,71,0.2442012291880542,True,LGSD-High,0.5015835794889538,0.2573823503008996,True,0.38822717069329205,0.14402594150523784,True,0.2003702055668457,-0.0438310236212085,True,0.866514767791684,0.6223135386036298,True,0.7777945587368542,0.5335933295488,True,-0.5774243531700085
arena-pref:heldout:000200,200,9,creativity;domain_knowledge;real_world,15,523,117,0.43564477053901274,True,LGSD-Large,1.437254795684717,1.0016100251457043,True,1.6099608491256503,1.1743160785866376,True,2.0122752172102873,1.5766304466712746,True,1.4327648384650444,0.9971200679260317,True,1.4146783452851364,0.9790335747461236,True,0.597596871925151
arena-pref:heldout:000201,201,8,code;complexity;creativity;domain_knowledge;instruction_following;problem_solving;real_world;specificity;technical_accuracy,398,980,691,0.23206591337576832,True,LGSD-Large,0.4214828717412491,0.18941695836548078,True,0.5528354336413466,0.32076952026557826,True,0.556563550494553,0.32449763711878465,True,0.3775157135648797,0.14544980018911136,True,0.3809201746373658,0.1488542612615975,True,0.17564337585718715
arena-pref:heldout:000202,202,9,domain_knowledge;instruction_following;real_world;specificity;technical_accuracy,102,157,149,0.6227649588758774,True,OPSD,0.9132213705862968,0.29045641171041947,True,0.6063664844463854,-0.016398474429491938,True,0.7122697637369884,0.08950480486111101,True,0.6772652254523297,0.05450026657645235,True,0.9212885105568616,0.2985235516809842,True,-0.2090187468198732
arena-pref:heldout:000203,203,2,creativity;domain_knowledge;instruction_following;real_world;specificity;technical_accuracy,21,38,36,-0.47110537757650484,False,LGSD-High,-3.4462149185046806,-2.975109540928176,False,-4.233270990918254,-3.7621656133417494,False,-3.7433294190300836,-3.272224041453579,False,-1.5804853272019779,-1.109379949625473,False,-1.9433289076152604,-1.4722235300387556,False,-1.8000005114148232
arena-pref:heldout:000204,204,9,domain_knowledge;real_world;specificity;technical_accuracy,16,177,80,0.4943607264319383,True,LGSD-Large,0.6551985325786354,0.16083780614669707,True,1.1009677919290835,0.6066070654971452,True,1.2804944825037725,0.7861337560718342,True,0.577171561138778,0.0828108347068397,True,0.5747978133670353,0.08043708693509699,True,0.7056966691367372
arena-pref:heldout:000205,205,8,domain_knowledge;real_world;specificity;technical_accuracy,16,342,204,0.3493696340056355,True,LGSD-Medium,1.0302682810318522,0.6808986470262167,True,1.3040530962922705,0.954683462286635,True,1.118677156013355,0.7693075220077196,True,0.923301105774839,0.5739314717692036,True,0.7808700762625038,0.43150044225686834,True,0.3378070797508512
arena-pref:heldout:000206,206,6,code;complexity;domain_knowledge;instruction_following;problem_solving;real_world;specificity;technical_accuracy,355,314,133,0.11036769599671581,True,LGSD-Large,0.2303887240691782,0.1200210280724624,True,0.4736726473222821,0.3633049513255663,True,0.618295871836376,0.5079281758396602,True,0.31429826945536,0.20393057345864418,True,0.2993756014692972,0.1890079054725814,True,0.3189202703670788
arena-pref:heldout:000207,207,7,code;complexity;domain_knowledge;problem_solving;real_world;technical_accuracy,1618,1849,389,0.2196523831958645,True,LGSD-Large,0.6671037016657545,0.44745131846989,True,0.7568786240176132,0.5372262408217487,True,0.9200926717493296,0.7004402885534651,True,0.6930137894293316,0.47336140623346706,True,0.6709914149469884,0.45133903175112394,True,0.2491012568023412
arena-pref:heldout:000208,208,3,creativity;domain_knowledge;real_world;specificity;technical_accuracy,55,194,389,-0.2634581298278156,False,LGSD-High,-0.6586364056308167,-0.39517827580300113,False,-1.242390909913494,-0.9789327800856784,False,-1.496716703519502,-1.2332585736916863,False,-0.4967200731114647,-0.23326194328364913,False,-0.5462379162384787,-0.28277978641066315,False,-0.9504787872810232
arena-pref:heldout:000209,209,10,domain_knowledge;real_world;technical_accuracy,15,530,146,0.8480689104227603,True,LGSD-Large,1.932348703506166,1.0842797930834056,True,2.4827605483389608,1.6346916379162004,True,2.688807553498127,1.8407386430753667,True,1.6325580063023966,0.7844890958796362,True,1.6472206617578666,0.7991517513351063,True,1.0415868917402604
arena-pref:heldout:000210,210,6,code;domain_knowledge;problem_solving;real_world;specificity;technical_accuracy,1866,1859,2036,0.058442582592580145,True,LGSD-Large,0.10222953899124576,0.043786956398665616,True,0.12651913385289812,0.06807655126031797,True,0.16870285937221824,0.1102602767796381,True,0.07199479277720364,0.013552210184623492,True,0.058524814940429354,8.22323478492093e-05,True,0.11017804443178889
arena-pref:heldout:000211,211,6,domain_knowledge,32,110,278,0.04321046321512134,True,LGSD-High,-1.0258480675786519,-1.0690585307937732,False,-0.9606553221778045,-1.0038657853929258,False,-1.1704481253365118,-1.213658588551633,False,-0.918465846219509,-0.9616763094346303,False,-0.9321995302927584,-0.9754099935078797,False,-0.2382485950437534
arena-pref:heldout:000212,212,3,complexity;domain_knowledge;instruction_following;math;problem_solving;real_world;specificity;technical_accuracy,99,325,404,-0.19919886095870665,False,LGSD-High,-0.5000101458454349,-0.30081128488672826,False,-0.45708684672859,-0.25788798576988337,False,-0.3821900244986657,-0.18299116353995903,False,-0.36454758113155084,-0.1653487201728442,False,-0.5085967853717558,-0.30939792441304914,False,0.1264067608730901
arena-pref:heldout:000213,213,8,other,16,215,256,0.25249080692612846,True,LGSD-Small,0.5078282380173373,0.2553374310912089,True,0.2227018035775008,-0.029789003348627663,True,0.2576765445082687,0.0051857375821402485,True,0.4211799250092618,0.16868911808313336,True,0.4504295553925426,0.19793874846641413,True,-0.19275301088427388
arena-pref:heldout:000214,214,4,complexity;creativity;domain_knowledge;instruction_following;problem_solving;real_world;specificity;technical_accuracy,278,1133,1235,-0.08426550900106622,False,LGSD-Small,-0.032174471204516886,0.05209103779654933,False,-0.0785089697122312,0.005756539288835016,False,-0.06896244077302427,0.01530306822804195,False,-0.0940104841950411,-0.00974497519397488,False,-0.13884067538876343,-0.054575166387697216,False,0.06987823461573917
arena-pref:heldout:000215,215,10,complexity;instruction_following;math;real_world;specificity;technical_accuracy,29,9,7,1.1354293217734686,True,LGSD-High,0.2258719186934206,-0.909557403080048,True,0.496302771189856,-0.6391265505836126,True,0.37640477740575395,-0.7590245443677146,True,1.0509681701660156,-0.08446115160745293,True,0.9678790380084319,-0.16755028376503667,True,-0.5914742606026779
arena-pref:heldout:000216,216,9,creativity;domain_knowledge;real_world;specificity,39,264,177,0.5296166532151076,True,LGSD-Medium,0.8431673752814608,0.31355072206635315,True,0.8709968560526908,0.3413802028375832,True,0.8168150096534768,0.2871983564383691,True,0.7413523875571058,0.2117357343419981,True,0.7606702813382142,0.2310536281231066,True,0.056144728315262515
arena-pref:heldout:000217,217,2,domain_knowledge;real_world;technical_accuracy,14,436,414,-0.38769154216213675,False,OPSD,-0.14830334945355483,0.23938819270858192,False,-0.2567350101593524,0.13095653200278434,False,-0.3207189511709676,0.06697259099116915,False,-0.15830657839621853,0.22938496376591822,False,-0.13115472190849164,0.2565368202536451,False,-0.18956422926247596
arena-pref:heldout:000218,218,5,domain_knowledge;real_world;specificity;technical_accuracy,938,1377,1314,0.026267057294292795,True,LGSD-Large,-0.0037058499163450387,-0.029972907210637834,False,0.0016109894980871342,-0.02465606779620566,True,0.007063908259662188,-0.019203149034630607,True,-0.0019704277360459432,-0.028237485030338738,False,-0.003708070213525927,-0.029975127507818722,False,0.010771978473188115
arena-pref:heldout:000219,219,1,creativity;real_world;specificity,267,356,446,-0.7696783562934734,False,LGSD-High,-0.728323714945871,0.04135464134760236,False,-1.1871181293813722,-0.4174397730878988,False,-1.09362109455707,-0.32394273826359654,False,-0.6366540349544301,0.1330243213390433,False,-0.6544665819140127,0.11521177437946062,False,-0.43915451264305716
arena-pref:heldout:000220,220,5,code;complexity;domain_knowledge;instruction_following;problem_solving;real_world;specificity;technical_accuracy,219,1027,966,-0.0010276170143848073,False,LGSD-Medium,-0.049041135896247035,-0.04801351888186223,False,0.023977445890545068,0.025005062904929876,True,0.015759455199306438,0.016787072213691245,True,-0.053215740556326385,-0.05218812354194158,False,-0.0040806316945805055,-0.003053014680195698,False,0.019840086893886943
arena-pref:heldout:000221,221,3,creativity;domain_knowledge;problem_solving;real_world;specificity,25,505,587,-0.2394207555432527,False,LGSD-High,-0.22452210564297825,0.014898649900274452,False,-0.3001484996588404,-0.06072774411558768,False,-0.21079254807331593,0.028628207469936773,False,-0.19934934181484776,0.04007141372840495,False,-0.2714511884077784,-0.03203043286452567,False,0.060658640334462444
arena-pref:heldout:000222,222,10,creativity,14,407,398,0.7892598382157316,True,LGSD-Large,0.569412464903768,-0.2198473733119637,True,0.7349991579213448,-0.0542606802943868,True,0.8060242327544269,0.01676439453869527,True,0.7938192742533183,0.004559436037586684,True,0.5980423898612004,-0.19121744835453125,True,0.20798184289322652
arena-pref:heldout:000223,223,5,code;complexity;domain_knowledge;instruction_following;problem_solving;real_world;specificity;technical_accuracy,83,476,1047,0.011952367749388348,True,OPSD,-0.2222711246328788,-0.23422349238226714,False,-0.31093678274993053,-0.3228891504993189,False,-0.34152232654064485,-0.3534746942900332,False,-0.13097279282282437,-0.14292516057221272,False,-0.12224380078254149,-0.13419616853192984,False,-0.21927852575810336
arena-pref:heldout:000224,224,5,complexity;domain_knowledge;instruction_following;problem_solving;real_world;specificity;technical_accuracy,66,275,362,0.022742558953032788,True,OPSD,-0.13221391153838513,-0.15495647049141792,False,-0.37318269466168297,-0.39592525361471576,False,0.004942631187419888,-0.0177999277656129,True,-0.04854331058212891,-0.0712858695351617,False,0.057807085888880394,0.035064526935847606,True,-0.052864454701460506
arena-pref:heldout:000225,225,9,domain_knowledge;real_world;specificity;technical_accuracy,14,261,163,0.5749515148507434,True,LGSD-Large,1.2208581390965487,0.6459066242458054,True,1.7429898522080238,1.1680383373572805,True,1.9282051176361645,1.3532536027854212,True,1.315427480260551,0.7404759654098076,True,1.1265838620715538,0.5516323472208104,True,0.8016212555646107
arena-pref:heldout:000226,226,4,complexity;math;real_world;specificity;technical_accuracy,12,42,72,-0.04133817127772721,False,LGSD-Medium,-0.2261342699565585,-0.1847960986788313,False,-0.15027025010850625,-0.10893207883077904,False,-1.1681576002211802,-1.126819428943453,False,-0.4623121117788651,-0.4209739405011379,False,-0.5315885657355901,-0.4902503944578629,False,-0.6365690344855901
arena-pref:heldout:000227,227,6,code;instruction_following,683,970,881,0.0694298678839309,True,LGSD-Medium,-0.017225347745440378,-0.08665521562937128,False,0.0399300297815095,-0.029499838102421405,True,0.015734637362090798,-0.05369523052184011,True,-0.004501376279314906,-0.07393124416324581,False,-0.0030805333662230483,-0.07251040125015396,False,0.018815170728313846
arena-pref:heldout:000228,228,8,creativity;domain_knowledge;real_world,25,343,153,0.3156283753008968,True,OPSD,0.8307354956738671,0.5151071203729702,True,0.7601648388586044,0.4445364635577076,True,0.7877698298732159,0.47214145457231904,True,0.923190829553024,0.6075624542521272,True,1.1555071414072393,0.8398787661063425,True,-0.36773731153402345
arena-pref:heldout:000229,229,10,real_world;specificity;technical_accuracy,21,291,77,0.709636021209443,True,LGSD-Large,1.9574191335662015,1.2477831123567584,True,2.275860595039166,1.5662245738297231,True,2.341569663956179,1.6319336427467361,True,1.7419658532693596,1.0323298320599166,True,1.5312069981283425,0.8215709769188995,True,0.8103626658278367
arena-pref:heldout:000230,230,1,creativity;real_world;specificity,17,130,357,-0.501371830810994,False,LGSD-High,-1.882786643898094,-1.3814148130871,False,-2.0948779744183392,-1.5935061436073452,False,-2.5109346634302385,-2.0095628326192445,False,-1.4680471038489578,-0.9666752730379637,False,-1.5524973405535123,-1.0511255097425183,False,-0.9584373228767262
arena-pref:heldout:000231,231,6,creativity;domain_knowledge;real_world,13,617,368,0.0659747490393302,True,LGSD-High,0.19944255647376363,0.13346780743443343,True,0.1662777756445084,0.1003030266051782,True,0.30888698493507794,0.24291223589574773,True,0.3222267241468222,0.256251975107492,True,0.13879517504733951,0.07282042600800931,True,0.17009180988773842
arena-pref:heldout:000232,232,1,domain_knowledge;problem_solving;real_world;specificity;technical_accuracy,28,63,103,-0.6614635627430306,False,OPSD,-0.5145022250742919,0.14696133766873876,False,-0.9573066389272276,-0.2958430761841969,False,-0.9683921280177645,-0.3069285652747339,False,-0.6217493388516488,0.039714223891381795,False,-0.49893730787893587,0.16252625486409478,False,-0.46945482013882867
arena-pref:heldout:000233,233,1,domain_knowledge;instruction_following;real_world;specificity;technical_accuracy,388,1,2,-15.304733276367188,False,LGSD-Large,-16.474563598632812,-1.169830322265625,False,-16.437110900878906,-1.1323776245117188,False,-13.656547546386719,1.6481857299804688,False,-14.288660049438477,1.016073226928711,False,-15.499242782592773,-0.19450950622558594,False,1.8426952362060547
arena-pref:heldout:000234,234,9,domain_knowledge;real_world;specificity;technical_accuracy,21,530,477,0.47892878590389865,True,LGSD-Large,0.9660486597185114,0.48711987381461275,True,1.1452100873743214,0.6662813014704227,True,1.30346010196134,0.8245313160574415,True,0.8510054614308995,0.37207667552700086,True,0.9575429608486983,0.47861417494479963,True,0.3459171411126418
arena-pref:heldout:000235,235,9,creativity;domain_knowledge;instruction_following;real_world;specificity;technical_accuracy,375,510,609,0.5316777277117155,True,LGSD-Large,0.33713834847872426,-0.19453937923299125,True,0.5612715182713837,0.029593790559668154,True,0.5811422728644724,0.04946454515275689,True,0.440246472616167,-0.0914312550955485,True,0.4425562278160229,-0.08912149989569262,True,0.1385860450484495
arena-pref:heldout:000236,236,9,complexity;domain_knowledge;instruction_following;math;real_world;specificity;technical_accuracy,62,116,87,0.6279619973281334,True,LGSD-Large,1.1255104569183,0.4975484595901667,True,0.8857273891054351,0.25776539177730173,True,1.2697950998942056,0.6418331025660722,True,0.6932394367524948,0.06527743942436137,True,1.1138995762529045,0.4859375789247711,True,0.1558955236413011
arena-pref:heldout:000237,237,1,code;complexity;domain_knowledge;problem_solving;real_world;specificity;technical_accuracy,79,118,269,-0.7117597258960011,False,OPSD,-1.1796245948705455,-0.4678648689745444,False,-1.778720044149327,-1.0669603182533258,False,-1.9811373131313184,-1.2693775872353172,False,-1.1125538141994396,-0.40079408830343843,False,-1.0788661097993504,-0.36710638390334926,False,-0.902271203331968
arena-pref:heldout:000238,238,1,creativity;domain_knowledge;real_world,16,272,250,-0.4829892601686365,False,LGSD-Large,-0.39658142269358887,0.08640783747504766,False,0.04206064246682528,0.5250499026354618,True,0.423594680561739,0.9065839407303755,True,-0.0841583108340993,0.3988309493345372,False,-0.26386074840321294,0.21912851176542358,False,0.6874554289649519
arena-pref:heldout:000239,239,5,complexity;creativity;instruction_following;real_world;specificity,54,467,393,0.030463734464277747,True,OPSD,0.06811959691368319,0.03765586244940544,True,0.0844872993968786,0.054023564932600854,True,0.010802620482765146,-0.0196611139815126,True,0.3590612537716116,0.32859751930733383,True,0.45568780920716234,0.4252240747428846,True,-0.4448851887243972
arena-pref:heldout:000240,240,4,creativity;instruction_following;specificity,18,186,157,-0.08934085266727787,False,LGSD-High,-0.21458607753264847,-0.1252452248653706,False,-0.16172217734912753,-0.07238132468184966,False,-0.15126111979158274,-0.06192026712430487,False,-0.08522065029871895,0.004120202368558923,False,-0.1520811571714673,-0.06274030450418944,False,0.0008200373798845639
arena-pref:heldout:000241,241,3,code;complexity;domain_knowledge;math;problem_solving;real_world;specificity;technical_accuracy,21,616,649,-0.15277502517355923,False,LGSD-High,-0.012717614844589109,0.14005741032897012,False,-0.13025960994664199,0.022515415226917246,False,-0.03327304971079048,0.11950197546276875,False,0.016237699379355375,0.1690127245529146,True,-0.03571159997596207,0.11706342519759716,False,0.0024385502651715907
arena-pref:heldout:000242,242,2,code;complexity;domain_knowledge;problem_solving;real_world;specificity;technical_accuracy,42,474,449,-0.36039413797795217,False,LGSD-Small,-0.147863257332691,0.21253088064526116,False,-0.31384129298522745,0.04655284499272472,False,-0.2369806325198256,0.12341350545812657,False,-0.27206811789924656,0.0883260200787056,False,-0.2645750260058015,0.09581911197215065,False,0.02759439348597592
arena-pref:heldout:000243,243,9,code;complexity;domain_knowledge;instruction_following;math;problem_solving;real_world;specificity;technical_accuracy,120,475,188,0.6775900661344625,True,LGSD-Large,0.9270124829496276,0.24942241681516508,True,0.9295468047805224,0.25195673864605994,True,1.042203891322701,0.3646138251882385,True,0.6784954898488216,0.0009054237143590882,True,0.9151852409302987,0.23759517479583625,True,0.12701865039240223
arena-pref:heldout:000244,244,6,other,26,241,310,0.03691200871110811,True,LGSD-High,-0.5635250473992603,-0.6004370561103685,False,-0.7711863478062031,-0.8080983565173112,False,-0.732655363576892,-0.7695673722880001,False,-0.38373931702991815,-0.42065132574102626,False,-0.3921830104674191,-0.4290950191785272,False,-0.3404723531094729
arena-pref:heldout:000245,245,1,code;domain_knowledge;instruction_following;problem_solving;real_world;specificity;technical_accuracy,890,137,904,-1.6092401111274564,False,LGSD-High,-2.9495514304545045,-1.3403113193270482,False,-2.9995383465369385,-1.3902982354094822,False,-3.343675411792467,-1.7344353006650106,False,-2.6573705959517198,-1.0481304848242634,False,-2.802696287412528,-1.1934561762850717,False,-0.5409791243799389
arena-pref:heldout:000246,246,4,domain_knowledge;problem_solving;real_world;technical_accuracy,27,366,160,-0.11097651446451895,False,OPSD,0.023124554118171936,0.13410106858269089,True,-0.2535733942125664,-0.14259687974804747,False,-0.3459065239286163,-0.23493000946409737,False,-0.03690251235753461,0.07407400210698434,False,0.07512148273447172,0.18609799719899067,True,-0.42102800666308804
arena-pref:heldout:000247,247,9,creativity;domain_knowledge;real_world;specificity,45,447,480,0.4030250375969564,True,LGSD-Small,0.4946941732026853,0.09166913560572887,True,0.44702949969293826,0.044004462095981856,True,0.3591230981035256,-0.0439019394934308,True,0.4945783989008108,0.09155336130385439,True,0.4823150966258123,0.07929005902885589,True,-0.12319199852228668
arena-pref:heldout:000248,248,9,instruction_following,123,497,277,0.6336057951956924,True,LGSD-Large,0.8301680589077427,0.19656226371205032,True,0.9872145030734187,0.35360870787772636,True,1.278691062591688,0.6450852673959957,True,0.8366384574736574,0.20303266227796501,True,0.8545596852996771,0.2209538901039847,True,0.424131377292011
arena-pref:heldout:000249,249,7,code;complexity;domain_knowledge;instruction_following;math;problem_solving;real_world;specificity;technical_accuracy,4096,4096,4096,0.19094089278951287,True,LGSD-Medium,0.202814768999815,0.011873876210302114,True,0.24164208304136992,0.05070119025185704,True,0.2405092203989625,0.049568327609449625,True,0.1770995012484491,-0.013841391541063786,True,0.18625701125711203,-0.0046838815324008465,True,0.05425220914185047
arena-pref:heldout:000250,250,5,creativity;domain_knowledge;real_world,15,448,423,-0.03439096898615501,False,LGSD-Medium,-0.06934404041025521,-0.0349530714241002,False,0.1714582877439328,0.2058492567300878,True,0.08984001065902847,0.12423097964518348,True,-0.005541834264379819,0.028849134721775194,False,-0.06317405656800412,-0.02878308758184911,False,0.1530140672270326
arena-pref:heldout:000251,251,4,complexity;domain_knowledge;instruction_following;math;specificity;technical_accuracy,39,176,262,-0.04376714251092695,False,LGSD-Small,-0.009270178618156377,0.03449696389277057,False,-0.2834327994412138,-0.23966565693028685,False,-0.5264196251929425,-0.48265248268201555,False,-0.024677905334854033,0.019089237176072915,False,-0.0767668210161303,-0.032999678505203356,False,-0.4496528041768122
arena-pref:heldout:000252,252,6,instruction_following,260,11,8,0.04854618419300394,True,LGSD-High,0.2304188121448867,0.18187262795188275,True,0.44993521950461624,0.4013890353116123,True,0.6132425828413526,0.5646963986483486,True,2.2488231658935547,2.2002769817005507,True,2.149137323552912,2.100591139359908,True,-1.5358947407115595
arena-pref:heldout:000253,253,9,domain_knowledge;real_world;specificity;technical_accuracy,17,685,294,0.41431028935385883,True,LGSD-Large,1.0666075323525273,0.6522972429986684,True,0.9996130104885121,0.5853027211346533,True,1.1274010880120466,0.7130907986581878,True,0.8714237477752278,0.45711345842136897,True,0.8961355986818429,0.48182530932798406,True,0.23126548933020374
arena-pref:heldout:000254,254,9,domain_knowledge;instruction_following;real_world;specificity;technical_accuracy,49,516,608,0.3989642251272292,True,OPSD,0.2833847669327516,-0.11557945819447757,True,0.11310275026070049,-0.2858614748665287,True,0.12701765594069991,-0.27194656918652926,True,0.3242058892096369,-0.07475833591759229,True,0.33250892274188093,-0.06645530238534825,True,-0.20549126680118102
arena-pref:heldout:000255,255,5,creativity;domain_knowledge;problem_solving;real_world;specificity,83,827,518,0.015004537845917598,True,LGSD-Large,0.20145861657145447,0.18645407872553688,True,0.22600203599215796,0.21099749814624036,True,0.3233881278452386,0.30838358999932103,True,0.16178974627965403,0.14678520843373644,True,0.1809326601941854,0.16592812234826781,True,0.1424554676510532
arena-pref:heldout:000256,256,8,code;complexity;domain_knowledge;problem_solving;real_world;specificity;technical_accuracy,204,938,695,0.23948283213854904,True,LGSD-Medium,0.21954098459061133,-0.019941847547937708,True,0.28105946439146856,0.04157663225291952,True,0.27591955828872594,0.0364367261501769,True,0.1487108196534681,-0.09077201248508093,True,0.08324756890316376,-0.15623526323538528,True,0.19267198938556218
arena-pref:heldout:000257,257,6,creativity;domain_knowledge;real_world,48,669,593,0.06831754950229985,True,LGSD-Medium,-0.12124157709378203,-0.18955912659608187,False,0.007808671023473934,-0.06050887847882591,True,-0.0833395368018599,-0.15165708630415975,False,-0.13548827838953237,-0.20380582789183221,False,-0.14869624469313525,-0.2170137941954351,False,0.06535670789127535
arena-pref:heldout:000258,258,3,domain_knowledge;real_world;specificity;technical_accuracy,17,234,282,-0.17246477290443296,False,LGSD-High,-0.4498093328078805,-0.27734455990344753,False,-0.5456143611776849,-0.37314958827325195,False,-0.5396956662131043,-0.3672308933086713,False,-0.41403505675986496,-0.241570283855432,False,-0.4989013155062949,-0.32643654260186195,False,-0.04079435070680937
arena-pref:heldout:000259,259,10,creativity;domain_knowledge;real_world;specificity,18,55,36,2.1269872000723176,True,OPSD,2.5419338756137426,0.41494667554142506,True,2.328679000970089,0.2016918008977715,True,2.5138105999339713,0.3868233998616537,True,2.419017903491704,0.2920307034193863,True,2.7215729626742275,0.59458576260191,True,-0.20776236274025628
arena-pref:heldout:000260,260,4,complexity;domain_knowledge;instruction_following;math;problem_solving;real_world;specificity;technical_accuracy,28,35,25,-0.05193484715053032,False,OPSD,-0.3972608293805804,-0.34532598223005007,False,-0.9233880833217074,-0.8714532361711771,False,-0.7218284061976838,-0.6698935590471535,False,-0.2870601218087332,-0.23512527465820288,False,-0.11215379987444196,-0.060218952723911645,False,-0.6096746063232419
arena-pref:heldout:000261,261,5,domain_knowledge;real_world;specificity;technical_accuracy,46,219,310,0.005015170526778467,True,OPSD,0.07239960327575501,0.06738443274897654,True,0.09903710857373937,0.0940219380469609,True,-0.2166312795198797,-0.22164645004665817,False,-0.02357578617533651,-0.028590956702114978,False,0.2294466367893775,0.22443146626259902,True,-0.4460779163092572
arena-pref:heldout:000262,262,7,creativity;domain_knowledge;problem_solving;real_world;specificity;technical_accuracy,16,333,425,0.2200123757916781,True,LGSD-Small,0.41880274691949837,0.19879037112782028,True,0.40706679901624376,0.18705442322456567,True,0.29438343605374384,0.07437106026206575,True,0.3644717633237773,0.1444593875320992,True,0.36699155602979894,0.14697918023812084,True,-0.0726081199760551
arena-pref:heldout:000263,263,5,code;complexity;domain_knowledge;instruction_following;problem_solving;real_world;specificity;technical_accuracy,46,356,255,0.012216619217177871,True,OPSD,0.05307398250014228,0.04085736328296441,True,-0.01218091908413066,-0.02439753830130853,False,-0.05163277386305842,-0.0638493930802363,False,-0.10065623432772086,-0.11287285354489873,False,0.060757900854910396,0.048541281637732525,True,-0.11239067471796882
arena-pref:heldout:000264,264,9,creativity;domain_knowledge;problem_solving;real_world;specificity,932,508,222,0.6855174930770322,True,LGSD-Large,1.8325975626726103,1.147080069595578,True,1.675454233575055,0.9899367404980228,True,2.1367598150929394,1.4512423220159072,True,1.5123562797921983,0.8268387867151661,True,1.4151416985102558,0.7296242054332236,True,0.7216181165826836
arena-pref:heldout:000265,265,2,creativity;domain_knowledge;instruction_following;problem_solving;real_world;specificity,128,1387,797,-0.334667290803103,False,LGSD-Large,-0.19029058375027552,0.14437670705282746,False,-0.1464348828677864,0.1882324079353166,False,-0.10675084483795505,0.22791644596514793,False,-0.13027975006601422,0.20438754073708876,False,-0.18398012381724116,0.15068716698586182,False,0.07722927897928611
arena-pref:heldout:000266,266,3,domain_knowledge;problem_solving;real_world;technical_accuracy,1636,429,102,-0.2801924665883362,False,OPSD,-0.7575240538605084,-0.4773315872721722,False,-0.8160534666085724,-0.5358610000202362,False,-0.7677262386111225,-0.48753377202278636,False,-0.6638635726650441,-0.38367110607670796,False,-0.6540404400445625,-0.37384797345622633,False,-0.11368579856656003
arena-pref:heldout:000267,267,5,instruction_following,179,767,576,0.0216014385698291,True,LGSD-High,0.027642159039397818,0.006040720469568717,True,0.009803244579914328,-0.011798193989914774,True,-0.05029454612307127,-0.07189598469290037,False,0.038398408555611496,0.016796969985782395,True,0.018494698580979962,-0.0031067399888491387,True,-0.06878924470405123
arena-pref:heldout:000268,268,3,creativity;domain_knowledge;instruction_following;real_world;specificity,232,139,76,-0.15255756443172452,False,OPSD,-0.48504098461054346,-0.33248342017881893,False,-0.5758597263103633,-0.4233021618786388,False,-0.6977007583161727,-0.5451431938844482,False,-0.12099662002222589,0.03156094440949864,False,0.07938340973195057,0.2319409741636751,True,-0.7770841680481233
arena-pref:heldout:000269,269,5,creativity;domain_knowledge;real_world,31,354,338,-0.024460113240241776,False,OPSD,0.008658588070075801,0.03311870131031758,True,-0.21285193221434318,-0.1883918189741014,False,-0.39316871006582144,-0.36870859682557966,False,-0.1493387354917497,-0.12487862225150792,False,0.03403357004396401,0.05849368328420579,True,-0.42720228010978545
arena-pref:heldout:000270,270,3,domain_knowledge;real_world;technical_accuracy,254,304,373,-0.19087276958992005,False,LGSD-Small,-0.3786566038301269,-0.18778383424020684,False,-0.4335858231625638,-0.24271305357264372,False,-0.5892376234623244,-0.3983648538724044,False,-0.4139112519228829,-0.22303848233296286,False,-0.4769032993924891,-0.28603052980256904,False,-0.11233432406983535
arena-pref:heldout:000271,271,10,other,564,353,198,0.7749368662308445,True,LGSD-Small,0.8605454244282629,0.08560855819741842,True,0.3958356903527642,-0.37910117587808023,True,0.7449238818885768,-0.030012984342267623,True,0.769423513865203,-0.005513352365641433,True,0.791390894711006,0.01645402848016153,True,-0.046467012822429155
arena-pref:heldout:000272,272,4,code;complexity;domain_knowledge;problem_solving;real_world;specificity;technical_accuracy,17,810,524,-0.07044937440985255,False,OPSD,0.15446784945462722,0.22491722386447977,True,0.1998836639026098,0.27033303831246236,True,0.18377262257842109,0.25422199698827364,True,0.1448404736528297,0.21528984806268225,True,0.21272525630969263,0.2831746307195452,True,-0.02895263373127155
arena-pref:heldout:000273,273,5,domain_knowledge;instruction_following;problem_solving;real_world;technical_accuracy,224,1301,327,-0.03346889561226185,False,LGSD-Large,-0.016859515505662337,0.016609380106599514,False,0.1101758588990005,0.14364475451126235,True,0.19027891450633883,0.22374781011860068,True,0.04729642427931524,0.08076531989157709,True,0.00834529219365554,0.04181418780591739,True,0.18193362231268329
arena-pref:heldout:000274,274,9,domain_knowledge;instruction_following;real_world;technical_accuracy,227,270,313,0.47787726978594947,True,LGSD-Large,0.4400561033092494,-0.037821166476700085,True,0.5116653751133604,0.033788105327410944,True,0.601365262163474,0.1234879923775245,True,0.44936779906038504,-0.028509470725564423,True,0.5090720688460242,0.031194799060074718,True,0.09229319331744978
arena-pref:heldout:000275,275,10,creativity;domain_knowledge;instruction_following;problem_solving;real_world;specificity;technical_accuracy,169,779,351,1.1145825081821252,True,LGSD-Large,2.0296320709666813,0.9150495627845561,True,2.2572251821194786,1.1426426739373534,True,2.369529412155481,1.2549469039733556,True,1.708502755627011,0.5939202474448857,True,1.6217617261007309,0.5071792179186057,True,0.74776768605475
arena-pref:heldout:000276,276,4,complexity;creativity;domain_knowledge;instruction_following;math;problem_solving;real_world;specificity;technical_accuracy,270,1272,1107,-0.06212334615318549,False,LGSD-Large,-0.07782548934099864,-0.015702143187813156,False,-0.0575493461924681,0.00457399996071739,False,-0.045159689078223986,0.016963657074961502,False,-0.07521481496990978,-0.013091468816724294,False,-0.07642165614183039,-0.014298309988644897,False,0.0312619670636064
arena-pref:heldout:000277,277,2,domain_knowledge;instruction_following;real_world;specificity;technical_accuracy,262,541,332,-0.38784024829209085,False,LGSD-Large,-0.5013759212287034,-0.1135356729366126,False,-0.3761482742335396,0.011691974058551269,False,-0.18955307227929197,0.19828717601279888,False,-0.547710345937922,-0.15987009764583116,False,-0.5199533425505631,-0.13211309425847229,False,0.33040027027127117
arena-pref:heldout:000278,278,2,complexity;domain_knowledge;instruction_following;problem_solving;real_world;specificity;technical_accuracy,123,816,638,-0.3823878208664291,False,LGSD-Large,-0.15784776626247865,0.22454005460395043,False,-0.14661918074667457,0.2357686401197545,False,-0.07586344335945139,0.3065243775069777,False,-0.16418186101046484,0.21820595985596425,False,-0.243284492554519,0.13910332831191008,False,0.16742104919506762
arena-pref:heldout:000279,279,4,domain_knowledge;real_world;specificity;technical_accuracy,86,145,204,-0.12404594788928547,False,LGSD-Small,-0.01588312720349716,0.10816282068578831,False,-0.4573791348506986,-0.3333331869614131,False,-0.7407263201906362,-0.6166803723013508,False,-0.3281765913947199,-0.20413064350543442,False,-0.20876259561968125,-0.08471664773039578,False,-0.531963724570955
arena-pref:heldout:000280,280,7,domain_knowledge;real_world;specificity;technical_accuracy,43,254,163,0.19748547943160943,True,LGSD-Medium,0.370618345864032,0.17313286643242254,True,1.011072179820939,0.8135867003893296,True,0.9979742105545832,0.8004887311229738,True,0.6175318840454009,0.4200464046137915,True,0.29255321998940786,0.09506774055779843,True,0.7054209905651754
arena-pref:heldout:000281,281,6,creativity;domain_knowledge;problem_solving;real_world,37,383,439,0.0677460059408812,True,LGSD-Medium,0.09325705223065572,0.02551104628977452,True,0.1557167408199569,0.0879707348790757,True,0.07124997649247833,0.0035039705515971242,True,0.1158734262849257,0.04812742034404449,True,0.10945658416993975,0.04171057822905855,True,-0.038206607677461424
arena-pref:heldout:000282,282,5,domain_knowledge;real_world;technical_accuracy,793,1628,1059,0.023252130408548954,True,OPSD,0.06028888284372785,0.0370367524351789,True,0.060947877388798755,0.0376957469802498,True,0.06948464910467272,0.04623251869612377,True,0.06974988477419858,0.046497754365649624,True,0.09130830024732711,0.06805616983877816,True,-0.021823651142654388
arena-pref:heldout:000283,283,5,creativity;real_world;specificity,30,588,419,-0.008560007659338398,False,LGSD-Medium,0.15699896005671965,0.16555896771605805,True,0.2015326348448545,0.2100926425041929,True,0.08910924003764209,0.09766924769698049,True,0.10262370821411326,0.11118371587345166,True,0.06833690485502864,0.07689691251436703,True,0.020772335182613455
arena-pref:heldout:000284,284,6,complexity;domain_knowledge;math;problem_solving;real_world;specificity;technical_accuracy,81,377,393,0.032030421750775195,True,OPSD,-0.19024435702933773,-0.22227477878011292,False,-0.25493559149028155,-0.28696601324105675,False,-0.29208093496005905,-0.32411135671083424,False,-0.18247373812410794,-0.21450415987488314,False,-0.09405977451246383,-0.12609019626323903,False,-0.1980211604475952
arena-pref:heldout:000285,285,7,creativity;domain_knowledge;instruction_following;real_world;specificity,47,760,414,0.1781997585733095,True,LGSD-Large,0.18856913140794274,0.01036937283463324,True,0.33841957891984586,0.16021982034653637,True,0.44942883345543105,0.27122907488212156,True,0.312284010832103,0.1340842522587935,True,0.31971127056390514,0.14151151199059564,True,0.12971756289152592
arena-pref:heldout:000286,286,1,domain_knowledge;real_world;specificity;technical_accuracy,26,199,260,-0.8862132989627585,False,LGSD-Medium,-0.797880432990052,0.08833286597270651,False,-0.6562713696037799,0.22994192935897861,False,-0.7639608984432211,0.12225240051953734,False,-0.7968233320120452,0.08938996695071322,False,-0.924205635595746,-0.03799233663298751,False,0.16024473715252485
arena-pref:heldout:000287,287,9,creativity;domain_knowledge;real_world;specificity,23,373,63,0.4951869405032756,True,LGSD-Large,1.7322043614456706,1.237017420942395,True,2.277029681699855,1.7818427411965794,True,2.811722391356539,2.316535450853263,True,2.3789318471397456,1.88374490663647,True,1.6256093327514851,1.1304223922482095,True,1.1861130586050537
arena-pref:heldout:000288,288,9,creativity;domain_knowledge;instruction_following;problem_solving;real_world;specificity;technical_accuracy,45,593,580,0.5755846646273353,True,LGSD-Large,0.5925672006626466,0.016982536035311302,True,0.7917795884399184,0.2161949238125831,True,0.8409303363536742,0.26534567172633894,True,0.5881243999665535,0.012539735339218261,True,0.653107694546109,0.07752302991877369,True,0.18782264180756525
arena-pref:heldout:000289,289,4,creativity;domain_knowledge;real_world;specificity;technical_accuracy,36,842,777,-0.10411802803165748,False,LGSD-High,-0.30427576848015336,-0.20015774044849588,False,-0.38140803175797255,-0.27729000372631507,False,-0.3356972078383369,-0.2315791798066794,False,-0.24967688712602243,-0.14555885909436495,False,-0.302873812434411,-0.19875578440275354,False,-0.03282339540392587
arena-pref:heldout:000290,290,10,domain_knowledge;real_world;specificity;technical_accuracy,21,248,117,0.8814298965268993,True,LGSD-Large,1.501172750949991,0.6197428544230917,True,1.6440058906182855,0.7625759940913862,True,1.9385564757142806,1.0571265791873814,True,1.4389758244144513,0.557545927887552,True,1.6286074759580886,0.7471775794311893,True,0.30994899975619195
arena-pref:heldout:000291,291,8,creativity;domain_knowledge;real_world,573,452,520,0.34001733992195526,True,LGSD-Small,0.014393797238884343,-0.3256235426830709,True,-0.043714800426309264,-0.3837321403482645,False,-0.09689388956806133,-0.4369112294900166,False,-0.050601406727135645,-0.3906187466490909,False,-0.047650614622257725,-0.387667954544213,False,-0.049243274945803606
arena-pref:heldout:000292,292,3,creativity;problem_solving;real_world;specificity,36,104,262,-0.16622544804952177,False,LGSD-Small,-0.562058629110429,-0.39583318106090726,False,-0.7971324838054792,-0.6309070357559574,False,-0.7847875974770506,-0.6185621494275289,False,-0.5963512336374799,-0.4301257855879581,False,-0.7774719496159714,-0.6112465015664497,False,-0.007315647861079189
arena-pref:heldout:000293,293,8,domain_knowledge;real_world;specificity;technical_accuracy,33,561,286,0.2213075911902309,True,LGSD-Medium,1.0177233902724472,0.7964157990822163,True,1.3228770632255424,1.1015694720353115,True,1.1929387106059197,0.9716311194156888,True,0.6750712005686372,0.4537636093784063,True,0.9989400542225346,0.7776324630323037,True,0.1939986563833851
arena-pref:heldout:000294,294,10,other,53,457,140,1.1388664192540752,True,LGSD-Medium,1.3209431165902084,0.1820766973361332,True,1.570992210008979,0.43212579075490387,True,1.4995742286283846,0.36070780937430946,True,1.4066814136117571,0.26781499435768197,True,1.5297753662271547,0.39090894697307954,True,-0.030201137598770078
arena-pref:heldout:000295,295,10,other,19,202,43,1.4824274753936828,True,OPSD,2.4052064427027307,0.9227789673090478,True,2.0455396297805297,0.5631121543868469,True,2.327154288664134,0.8447268132704513,True,2.5828612420022585,1.1004337666085757,True,2.7409290822727628,1.25850160687908,True,-0.4137747936086287
arena-pref:heldout:000296,296,2,domain_knowledge;real_world;specificity;technical_accuracy,85,74,129,-0.34088939684330977,False,LGSD-High,-1.588219526152228,-1.2473301293089183,False,-1.5458741227011497,-1.2049847258578399,False,-1.7687049460515971,-1.4278155492082873,False,-1.4858418218299774,-1.1449524249866676,False,-1.8517315874753097,-1.510842190632,False,0.08302664142371263
arena-pref:heldout:000297,297,4,creativity;real_world,19,268,272,-0.07089426456782988,False,OPSD,-0.36478966029722315,-0.29389539572939327,False,-0.292981898816036,-0.2220876342482061,False,-0.5308847831361017,-0.4599905185682718,False,-0.36347771392149086,-0.292583449353661,False,-0.1878038859346436,-0.11690962136681371,False,-0.34308089720145807
arena-pref:heldout:000298,298,7,complexity;domain_knowledge;instruction_following;math;problem_solving;real_world;specificity;technical_accuracy,28,478,549,0.1491473597814308,True,LGSD-Large,0.5717429256874575,0.42259556590602676,True,0.5835908085436918,0.43444344876226104,True,0.6421270526460039,0.4929796928645731,True,0.5055812252896024,0.3564338655081716,True,0.43536861375428626,0.28622125397285547,True,0.20675843889171763
arena-pref:heldout:000299,299,3,creativity;domain_knowledge;instruction_following;real_world;specificity,108,1033,528,-0.20687316002488088,False,LGSD-Large,-0.2021927932941916,0.004680366730689278,False,-0.15195433484437526,0.054918825180505615,False,-0.04573915166221765,0.16113400836266323,False,-0.16258493379077965,0.044288226234101224,False,-0.1127402381124274,0.09413292191245348,False,0.06700108645020975
arena-pref:heldout:000300,300,3,creativity;domain_knowledge;real_world,18,321,497,-0.18393075914861812,False,LGSD-Small,0.10344345328392923,0.28737421243254735,True,0.005420529524135631,0.18935128867275375,True,-0.09986600696103176,0.08406475218758636,False,0.01656724547985955,0.20049800462847767,True,-0.0725349908866264,0.11139576826199171,False,-0.027331016074405357
arena-pref:heldout:000301,301,10,code;complexity;domain_knowledge;math;problem_solving;real_world;specificity;technical_accuracy,22,459,13,2.321719363803777,True,LGSD-High,2.0827577567607967,-0.23896160704298053,True,2.1245365689422933,-0.19718279486148393,True,1.6808832963547438,-0.6408360674490334,True,2.344236271293874,0.022516907490096827,True,2.1585219517332717,-0.16319741207050553,True,-0.4776386553785279
arena-pref:heldout:000302,302,4,complexity;domain_knowledge;instruction_following;math;problem_solving;real_world;specificity;technical_accuracy,118,521,762,-0.13483791175574122,False,LGSD-Medium,-0.18953297748262327,-0.05469506572688204,False,-0.07350911160673146,0.061328800149009766,False,-0.13012891456615183,0.004708997189589392,False,-0.18029840180818874,-0.04546049005244751,False,-0.19350953097571683,-0.0586716192199756,False,0.063380616409565
arena-pref:heldout:000303,303,3,specificity;technical_accuracy,18,17,37,-0.24769932818147433,False,LGSD-Large,0.0018847091019811302,0.24958403728345546,True,1.6116437987796077,1.859343126961082,True,2.9693474458776334,3.2170467740591078,True,0.06551178536468161,0.31321111354615594,True,-0.7179771386951637,-0.47027781051368933,False,3.687324584572797
arena-pref:heldout:000304,304,6,creativity;domain_knowledge;real_world;specificity;technical_accuracy,37,332,316,0.057659648114521844,True,LGSD-High,0.270837408205131,0.21317776009060918,True,0.32460221441413495,0.2669425662996131,True,0.3465905654206769,0.28893091730615506,True,0.43128030540486084,0.373620657290339,True,0.28284584968686755,0.2251862015723457,True,0.06374471573380935
arena-pref:heldout:000305,305,9,other,125,262,214,0.5373041872513176,True,LGSD-Large,0.41422595577725785,-0.12307823147405972,True,0.3975268180456908,-0.13977736920562678,True,0.8746639777498748,0.33735979049855724,True,0.43651034970285885,-0.10079383754845872,True,0.39530206473329343,-0.14200212251802413,True,0.4793619130165814
arena-pref:heldout:000306,306,8,other,43,914,480,0.2849847431255901,True,LGSD-Large,0.5439981378142109,0.25901339468862083,True,0.582045675376138,0.29706093225054797,True,0.6320049050948116,0.3470201619692215,True,0.611809551037636,0.32682480791204593,True,0.5721852494538222,0.28720050632823213,True,0.059819655640989344
arena-pref:heldout:000307,307,1,code;complexity;domain_knowledge;instruction_following;problem_solving;real_world;specificity;technical_accuracy,27,299,1539,-1.223166615477281,False,OPSD,-2.514810950508189,-1.291644335030908,False,-2.9150086764538696,-1.6918420609765887,False,-3.113102513177461,-1.8899358977001801,False,-2.166601781162356,-0.9434351656850752,False,-2.00766800336429,-0.7845013878870091,False,-1.105434509813171
arena-pref:heldout:000308,308,8,creativity;domain_knowledge;problem_solving;real_world,16,617,274,0.3665347598711428,True,LGSD-Small,0.7566259491313747,0.3900911892602319,True,0.6153705571967572,0.24883579732561434,True,0.6247085700402726,0.25817381016912977,True,0.6710883381563351,0.30455357828519225,True,0.6706880108173385,0.3041532509461957,True,-0.04597944077706595
arena-pref:heldout:000309,309,4,domain_knowledge;real_world;specificity;technical_accuracy,38,99,265,-0.047664737283376946,False,LGSD-Large,-1.0744217443856963,-1.0267570071023193,False,-0.8936571387670282,-0.8459924014836513,False,-0.5582245315804761,-0.5105597942970992,False,-0.6261766543133,-0.5785119170299231,False,-0.8288666996520568,-0.7812019623686799,False,0.2706421680715807
arena-pref:heldout:000310,310,1,code;complexity;creativity;domain_knowledge;instruction_following;problem_solving;real_world;specificity;technical_accuracy,59,220,1055,-0.9187258217058424,False,LGSD-High,-1.5296642194991992,-0.6109383977933568,False,-1.6052555546479101,-0.6865297329420678,False,-1.6458231768593712,-0.7270973551535288,False,-1.4671509657682709,-0.5484251440624285,False,-1.4879115810994183,-0.569185759393576,False,-0.15791159575995284
arena-pref:heldout:000311,311,5,domain_knowledge;real_world;specificity;technical_accuracy,54,570,483,0.009169857889345545,True,LGSD-Small,0.1632151701487501,0.15404531225940454,True,0.0438800349946864,0.034710177105340856,True,0.09009040734003326,0.08092054945068772,True,0.048338483166328494,0.03916862527698295,True,0.08009419041650556,0.07092433252716002,True,0.009996216923527701
arena-pref:heldout:000312,312,7,math;specificity;technical_accuracy,23,168,87,0.1724973993348371,True,LGSD-Medium,0.45230710173671085,0.27980970240187375,True,0.5102235812858995,0.3377261819510624,True,0.34659153291548783,0.17409413358065073,True,0.19497168436034773,0.022474285025510632,True,0.23659837891902824,0.06410097958419114,True,0.10999315399645959
arena-pref:heldout:000313,313,9,domain_knowledge;real_world;specificity;technical_accuracy,482,462,278,0.4039454893632368,True,LGSD-Medium,0.7077783258594872,0.30383283649625037,True,1.0515743506768185,0.6476288613135817,True,1.046996560581315,0.6430510712180781,True,0.7574359305775404,0.3534904412143036,True,0.6468466622073024,0.24290117284406554,True,0.4001498983740126
arena-pref:heldout:000314,314,6,complexity;domain_knowledge;real_world;specificity;technical_accuracy,40,394,698,0.05696659937873516,True,LGSD-High,-0.2473642458324874,-0.30433084521122256,False,-0.243096623134903,-0.30006322251363815,False,-0.2479098498679948,-0.30487644924672996,False,-0.17969663922744017,-0.23666323860617533,False,-0.22200069132314915,-0.2789672907018843,False,-0.025909158544845656
arena-pref:heldout:000315,315,3,creativity;domain_knowledge;real_world;specificity,109,499,296,-0.19923649912232233,False,LGSD-Small,0.12476917190760428,0.3240056710299266,True,0.0045212306381272604,0.2037577297604496,True,-0.005513922530135051,0.19372257659218728,False,-0.11326275952412601,0.08597373959819632,False,0.04920053844919847,0.2484370375715208,True,-0.054714460979333523
arena-pref:heldout:000316,316,7,creativity;domain_knowledge;real_world,15,324,385,0.1506524343950848,True,LGSD-High,0.08260440658219492,-0.06804802781288988,True,0.12762251030238603,-0.023029924092698772,True,0.12107329178223392,-0.029579142612850884,True,0.1415988978082714,-0.009053536586813404,True,0.09315610470939206,-0.05749632968569274,True,0.027917187072841854
arena-pref:heldout:000317,317,3,domain_knowledge;instruction_following;real_world;specificity;technical_accuracy,37,889,674,-0.17987632409267296,False,LGSD-Medium,-0.15334913171510345,0.02652719237756951,False,-0.1448198104956544,0.03505651359701856,False,-0.15571213126668404,0.024164192825988917,False,-0.18057219104442357,-0.0006958669517506122,False,-0.1582772365112357,0.02159908758143725,False,0.0025651052445516687
arena-pref:heldout:000318,318,8,real_world;specificity;technical_accuracy,19,251,224,0.23005388281056338,True,LGSD-Medium,0.2610085509212845,0.030954668110721117,True,0.8447464733688279,0.6146925905582645,True,0.6066264970504767,0.3765726142399133,True,0.3803977994804839,0.15034391666992053,True,0.17001905709963028,-0.060034825710933104,True,0.4366074399508464
arena-pref:heldout:000319,319,8,domain_knowledge;instruction_following;real_world;specificity;technical_accuracy,45,172,208,0.2510475728507544,True,LGSD-High,0.058756406490619195,-0.1922911663601352,True,-0.10036510687608002,-0.35141267972683443,False,-0.017817887509231856,-0.26886546035998626,False,0.18711952702517154,-0.06392804582558287,True,-0.04057716598237793,-0.29162473883313234,False,0.022759278473146072
arena-pref:heldout:000320,320,9,complexity;domain_knowledge;instruction_following;real_world;specificity;technical_accuracy,70,687,863,0.391765081434558,True,LGSD-Medium,0.3073734104924779,-0.08439167094208011,True,0.3278984879879814,-0.06386659344657664,True,0.3234698436747696,-0.06829523775978841,True,0.3262219173314147,-0.06554316410314331,True,0.28487064837359855,-0.10689443306095947,True,0.03859919530117106
arena-pref:heldout:000321,321,6,domain_knowledge;real_world;technical_accuracy,14,322,191,0.07081078321603229,True,LGSD-Large,0.5119503436253394,0.44113956040930713,True,0.6475434304679268,0.5767326472518945,True,0.8203840251395516,0.7495732419235193,True,0.3974852062489693,0.32667442303293703,True,0.48863019140316144,0.41781940818712915,True,0.3317538337363901
arena-pref:heldout:000322,322,6,code;complexity;domain_knowledge;problem_solving;real_world;specificity;technical_accuracy,49,234,37,0.10553124133255665,True,OPSD,-0.3124704279451289,-0.41800166927768556,False,-1.0261755652723976,-1.1317068066049543,False,-1.6365607528880388,-1.7420919942205955,False,-0.08028702087120365,-0.1858182622037603,False,0.21878742659496764,0.11325618526241099,True,-1.8553481794830065
arena-pref:heldout:000323,323,7,creativity;problem_solving;real_world,39,201,129,0.2186570313742877,True,LGSD-Medium,0.6337892134460219,0.4151321820717342,True,1.23733826460392,1.0186812332296322,True,0.9493461753653669,0.7306891439910792,True,0.5458192018727166,0.3271621704984289,True,0.2246252715580721,0.00596824018378439,True,0.7247209038072948
arena-pref:heldout:000324,324,10,creativity;domain_knowledge;instruction_following;problem_solving;real_world;specificity;technical_accuracy,140,857,20,3.070409677743634,True,LGSD-Large,5.104473892977524,2.0340642152338906,True,5.376385820760471,2.3059761430168373,True,6.319681188523283,3.2492715107796495,True,5.138289863559718,2.0678801858160845,True,4.959292004739946,1.888882326996312,True,1.3603891837833375
arena-pref:heldout:000325,325,7,code;instruction_following,413,189,133,0.1988170844736421,True,LGSD-Large,0.8047500680462956,0.6059329835726535,True,0.9190992027629021,0.72028211828926,True,0.9761431616217737,0.7773260771481316,True,0.5842370554053724,0.3854199709317303,True,0.6715180230519127,0.47270093857827056,True,0.30462513856986106
arena-pref:heldout:000326,326,1,creativity;domain_knowledge;instruction_following;real_world;specificity;technical_accuracy,39,72,191,-0.506033366748661,False,LGSD-High,-0.6054475403164905,-0.09941417356782956,False,-0.5651897013776868,-0.05915633462902581,False,-0.9147756736315982,-0.4087423068829372,False,-0.29918650987191286,0.2068468568767481,False,-0.8219431812781246,-0.31590981452946365,False,-0.09283249235347357
arena-pref:heldout:000327,327,10,specificity;technical_accuracy,17,58,11,2.0111718671075227,True,LGSD-High,1.3963726545949715,-0.6147992125125512,True,0.24846975631474688,-1.7627021107927758,True,-0.6720128732041508,-2.6831847403116735,False,1.725940001795658,-0.2852318653118646,True,1.0625257432273938,-0.9486461238801289,True,-1.7345386164315446
arena-pref:heldout:000328,328,10,domain_knowledge;real_world;specificity;technical_accuracy,21,437,144,1.123282636178834,True,LGSD-Large,2.340928644070697,1.2176460078918632,True,3.062138723654205,1.938856087475371,True,3.1162952446858756,1.9930126085070416,True,2.375956536006176,1.252673899827342,True,2.2168214644241235,1.0935388282452896,True,0.8994737802617521
arena-pref:heldout:000329,329,10,code;domain_knowledge;instruction_following;problem_solving;real_world;specificity;technical_accuracy,52,311,58,0.7287883468815726,True,LGSD-Large,1.7583209100273445,1.029532563145772,True,1.9922624339099366,1.263474087028364,True,2.869967052367934,2.1411787054863614,True,1.9502318336054547,1.2214434867238821,True,1.732584200540896,1.0037958536593234,True,1.137382851827038
arena-pref:heldout:000330,330,4,complexity;creativity;domain_knowledge;instruction_following;problem_solving;real_world;specificity;technical_accuracy,69,973,649,-0.04668341726747349,False,OPSD,0.04955791081714023,0.09624132808461372,True,0.0631182518496678,0.10980166911714129,True,0.1254219665084424,0.1721053837759159,True,0.14699979858307577,0.19368321585054926,True,0.147863160110713,0.19454657737818648,True,-0.022441193602270593
arena-pref:heldout:000331,331,7,code;complexity;domain_knowledge;instruction_following;math;problem_solving;real_world;specificity;technical_accuracy,59,987,598,0.122127964003372,True,LGSD-Small,0.19284693814996956,0.07071897414659756,True,0.09289621308676743,-0.02923175091660457,True,0.12892536912236818,0.00679740511899618,True,0.14630036890616405,0.024172404902792044,True,0.14919261241660176,0.027064648413229753,True,-0.020267243294233572
arena-pref:heldout:000332,332,10,complexity;domain_knowledge;math;problem_solving;real_world;specificity;technical_accuracy,57,681,174,0.8783301359683967,True,LGSD-Large,1.6126552039300033,0.7343250679616066,True,1.8502192983289771,0.9718891623605804,True,1.9718833306486552,1.0935531946802586,True,1.5661378484586201,0.6878077124902234,True,1.5947264852363965,0.7163963492679998,True,0.3771568454122587
arena-pref:heldout:000333,333,5,code;complexity;domain_knowledge;instruction_following;real_world;specificity;technical_accuracy,34,712,825,0.0034414533680704462,True,LGSD-Large,0.06314635808994695,0.059704904721876506,True,0.10985047916753943,0.10640902579946898,True,0.22006940276029363,0.21662794939222318,True,-0.02425129751141153,-0.027692750879481975,False,-0.042968550747984,-0.04641000411605445,False,0.26303795350827763
arena-pref:heldout:000334,334,5,domain_knowledge;real_world;specificity;technical_accuracy,27,436,279,0.0027885503964291125,True,LGSD-Large,0.19720157188209053,0.19441302148566142,True,0.3471428609240086,0.3443543105275795,True,0.35338604772052884,0.3505974973240997,True,0.1978149271847085,0.1950263767882794,True,0.14559211083696555,0.14280356044053644,True,0.2077939368835633
arena-pref:heldout:000335,335,7,domain_knowledge;real_world;specificity;technical_accuracy,17,288,407,0.12704891884160951,True,LGSD-Large,0.027280029526767002,-0.09976888931484251,True,0.2177749798657822,0.09072606102417269,True,0.37704625033368977,0.24999733149208025,True,0.04360793345032432,-0.0834409853912852,True,-0.12345197935947905,-0.25050089820108856,False,0.5004982296931688
arena-pref:heldout:000336,336,1,complexity;domain_knowledge;problem_solving;real_world;specificity;technical_accuracy,48,254,725,-0.48707193414510463,False,LGSD-Small,-1.3331989199047727,-0.846126985759668,False,-1.6469254538509919,-1.1598535197058872,False,-2.305552060502462,-1.8184801263573576,False,-1.5029398171939896,-1.015867883048885,False,-1.3742246195585741,-0.8871526854134695,False,-0.9313274409438881
arena-pref:heldout:000337,337,3,creativity;domain_knowledge;real_world,29,604,667,-0.24164448741535338,False,LGSD-High,-0.41000333481378837,-0.16835884739843499,False,-0.42363609033800453,-0.18199160292265115,False,-0.384861985349612,-0.14321749793425864,False,-0.3634764161153432,-0.12183192869998982,False,-0.3701595108327047,-0.12851502341735133,False,-0.014702474516907316
arena-pref:heldout:000338,338,6,domain_knowledge;real_world;technical_accuracy,15,355,300,0.03170690437997459,True,LGSD-High,-0.16119935899832982,-0.1929062633783044,False,-0.1869697862723625,-0.21867669065233708,False,-0.12042605717976884,-0.15213296155974343,False,-0.027760980543396263,-0.05946788492337085,False,-0.07576596497370058,-0.10747286935367517,False,-0.04466009220606826
arena-pref:heldout:000339,339,1,domain_knowledge;real_world;specificity;technical_accuracy,61,176,234,-0.49086723312816605,False,OPSD,-0.26696696703806344,0.2239002660901026,False,-0.5763487888104986,-0.08548155568233251,False,-0.7447738840122415,-0.2539066508840755,False,-0.5920308481007468,-0.10116361497258075,False,0.03875511676281507,0.5296223498909811,True,-0.7835290007750566
arena-pref:heldout:000340,340,7,creativity;domain_knowledge;real_world;specificity,20,569,844,0.11360906932064019,True,LGSD-Medium,0.2797964622024387,0.1661873928817985,True,0.3524595435938467,0.2388504742732065,True,0.35068688002500026,0.23707781070436007,True,0.35214638822619393,0.23853731890555374,True,0.3334316092363825,0.2198225399157423,True,0.01725527078861777
arena-pref:heldout:000341,341,9,domain_knowledge;problem_solving;real_world;specificity;technical_accuracy,946,258,137,0.5747062668211896,True,LGSD-Large,0.6584664295520091,0.08376016273081943,True,0.7629126336857455,0.18820636686455583,True,0.7971339492612224,0.22242768244003275,True,0.6413185046456136,0.06661223782442394,True,0.7937173630233021,0.21901109620211245,True,0.003416586237920294
arena-pref:heldout:000342,342,7,code;complexity;domain_knowledge;problem_solving;real_world;specificity;technical_accuracy,31,1234,826,0.16227040702566564,True,LGSD-Large,0.2809353539166569,0.11866494689099127,True,0.34009499695281586,0.17782458992715022,True,0.38797730011171117,0.22570689308604552,True,0.21538650100448542,0.05311609397881978,True,0.24622435119181718,0.08395394416615154,True,0.14175294891989398
arena-pref:heldout:000343,343,10,real_world;specificity;technical_accuracy,20,63,40,0.7208709414043124,True,LGSD-Large,0.9913286965990822,0.2704577551947698,True,1.226081154838441,0.5052102134341285,True,1.7469148090907503,1.0260438676864378,True,1.0679880005972726,0.3471170591929602,True,1.1268129530407132,0.40594201163640076,True,0.6201018560500371
arena-pref:heldout:000344,344,6,creativity;real_world;specificity,17,293,209,0.10998108890912861,True,LGSD-Large,0.4242377598343259,0.31425667092519727,True,0.44962694930039815,0.33964586039126954,True,0.6677567101549637,0.5577756212458351,True,0.3549157767494635,0.2449346878403349,True,0.21865957908518863,0.10867849017606002,True,0.4490971310697751
arena-pref:heldout:000345,345,8,code;complexity;creativity;domain_knowledge;problem_solving;real_world;specificity;technical_accuracy,112,1308,683,0.2935797958662336,True,LGSD-Large,0.3716316674636886,0.07805187159745497,True,0.4541920561541972,0.1606122602879636,True,0.45572224921966176,0.16214245335342814,True,0.3441322684348338,0.05055247256860018,True,0.3759262469106269,0.08234645104439331,True,0.07979600230903483
arena-pref:heldout:000346,346,4,code;creativity;domain_knowledge;instruction_following;problem_solving;real_world;specificity,95,352,281,-0.12127218351361058,False,LGSD-Large,0.29989896827976636,0.42117115179337694,True,0.1277693264386448,0.24904150995225538,True,0.30192700985834753,0.4231991933719581,True,0.19124059849130948,0.31251278200492005,True,0.11204268175666288,0.23331486527027345,True,0.18988432810168465
arena-pref:heldout:000347,347,1,complexity;creativity;domain_knowledge;real_world;specificity;technical_accuracy,49,580,427,-0.5611723152258608,False,OPSD,-0.649531105786699,-0.08835879056083829,False,-0.6577132821285234,-0.09654096690266267,False,-0.6575657443373344,-0.09639342911147364,False,-0.6942790544659756,-0.13310673924011485,False,-0.604832363452124,-0.04366004822626324,False,-0.0527333808852104
arena-pref:heldout:000348,348,10,creativity;domain_knowledge;real_world,28,433,59,1.3582353253334136,True,LGSD-Large,2.6440392137810353,1.2858038884476217,True,3.231659718883543,1.8734243935501294,True,3.730254952994448,2.3720196276610346,True,2.9580170316379233,1.5997817063045097,True,2.2698449737970505,0.9116096484636369,True,1.4604099791973977
arena-pref:heldout:000349,349,4,domain_knowledge;real_world;technical_accuracy,26,446,250,-0.04063960505601005,False,LGSD-Large,0.13991035540114583,0.18054996045715588,True,0.05288067986184686,0.09352028491785691,True,0.30068680483557175,0.3413264098915818,True,0.0881448421734865,0.12878444722949656,True,0.13373620793637664,0.1743758129923867,True,0.16695059689919511
arena-pref:heldout:000350,350,9,other,16,182,91,0.597193833235856,True,LGSD-Medium,0.3372164086981133,-0.25997742453774264,True,0.7272640270191233,0.13007019378326734,True,0.5165297120482055,-0.08066412118765043,True,0.28127416673597416,-0.3159196664998818,True,0.3366830008370534,-0.26051083239880257,True,0.17984671121115214
arena-pref:heldout:000351,351,4,creativity;real_world;specificity,17,374,385,-0.13436804626441523,False,OPSD,-0.4060861475327435,-0.2717181012683283,False,-0.42490691949248416,-0.29053887322806893,False,-0.5955525288243075,-0.4611844825598923,False,-0.4542137463644682,-0.319845700100053,False,-0.35702007110106115,-0.22265202483664592,False,-0.23853245772324638
arena-pref:heldout:000352,352,1,code;creativity;real_world;specificity,19,81,244,-0.7439887486496233,False,LGSD-High,-1.9582152946640474,-1.2142265460144241,False,-2.18932086710649,-1.4453321184568668,False,-2.844218031160022,-2.1002292825103988,False,-1.8717108571898522,-1.127722108540229,False,-2.1246332449605174,-1.3806444963108941,False,-0.7195847861995044
arena-pref:heldout:000353,353,3,domain_knowledge,98,231,263,-0.25773268979957464,False,OPSD,-0.6752086654348384,-0.41747597563526373,False,-0.7647742665950301,-0.5070415767954555,False,-0.8251678384604411,-0.5674351486608664,False,-0.5715635860493915,-0.31383089624981686,False,-0.5148112832800389,-0.25707859348046425,False,-0.31035655518040217
arena-pref:heldout:000354,354,5,creativity;domain_knowledge;real_world;technical_accuracy,22,628,368,-0.006412464705440657,False,LGSD-Medium,0.011975242338230663,0.01838770704367132,True,0.07181298594103724,0.0782254506464779,True,0.050131640187329296,0.05654410489276995,True,0.0008940846264380298,0.007306549331878687,True,0.012500682124072071,0.018913146829512728,True,0.037630958063257225
arena-pref:heldout:000355,355,2,creativity;domain_knowledge;problem_solving;real_world,51,525,402,-0.32966744231093226,False,LGSD-Small,0.019946359961102278,0.34961380227203454,True,-0.18850375413386322,0.14116368817706904,False,-0.1692106377629412,0.16045680454799105,False,-0.04670998723098574,0.2829574550799465,False,0.0019647113499101643,0.3316321536608424,True,-0.17117534911285137
arena-pref:heldout:000356,356,9,code;complexity;domain_knowledge;math;problem_solving;real_world;specificity;technical_accuracy,45,350,129,0.3994054199506014,True,LGSD-Large,0.8203954207461537,0.42099000079555227,True,0.8274476348944544,0.42804221494385297,True,1.0004181786893083,0.6010127587387069,True,0.7992177786251504,0.399812358674549,True,0.597844381490815,0.19843896154021357,True,0.4025737971984933
arena-pref:heldout:000357,357,7,creativity;domain_knowledge;real_world,24,647,537,0.14557154401729133,True,LGSD-Small,0.11341726570401356,-0.03215427831327777,True,0.09564834286247281,-0.04992320115481852,True,0.035813971880231055,-0.10975757213706028,True,0.02896556884057322,-0.11660597517671811,True,0.001657750215880327,-0.143913793801411,True,0.03415622166435073
arena-pref:heldout:000358,358,9,domain_knowledge,11,197,387,0.4305276449549216,True,LGSD-Small,0.47881136986429973,0.048283724909378156,True,0.3874100180368618,-0.04311762691805976,True,0.1642881966420271,-0.2662394483128945,True,0.2919177565213573,-0.13860988843356425,True,0.44311367077392694,0.012586025819005364,True,-0.27882547413189984
arena-pref:heldout:000359,359,1,code;domain_knowledge;real_world;specificity;technical_accuracy,18,96,218,-0.5670455304125399,False,LGSD-Small,-1.1640169481983242,-0.5969714177857843,False,-1.3830945324095747,-0.8160490019970348,False,-1.5151259053373192,-0.9480803749247793,False,-1.2588829556736378,-0.6918374252610979,False,-1.1743754881237625,-0.6073299577112226,False,-0.3407504172135567
arena-pref:heldout:000360,360,7,complexity;domain_knowledge;instruction_following;math;problem_solving;real_world;specificity;technical_accuracy,34,796,505,0.185531686463696,True,LGSD-Large,0.1621496801026645,-0.023382006361031493,True,0.16636883320337004,-0.019162853260325963,True,0.21750093662974268,0.03196925016604668,True,0.18788066109387258,0.0023489746301765813,True,0.16150406536590267,-0.024027621097793328,True,0.05599687126384001
arena-pref:heldout:000361,361,2,domain_knowledge;real_world;specificity;technical_accuracy,29,541,399,-0.3414364352635435,False,OPSD,-0.35623469309491607,-0.014798257831372563,False,-0.39803560393820114,-0.05659916867465764,False,-0.40133609473687337,-0.05989965947332987,False,-0.35684114541648215,-0.01540471015293865,False,-0.28483395196105654,0.05660248330248696,False,-0.11650214277581683
arena-pref:heldout:000362,362,4,other,21,311,252,-0.09452417813964376,False,OPSD,0.07975674108737829,0.17428091922702205,True,0.007708353391012501,0.10223253153065626,True,0.08510798713864354,0.1796321652782873,True,0.3068038760042966,0.40132805414394035,True,0.3778917170201255,0.47241589515976923,True,-0.29278372988148194
arena-pref:heldout:000363,363,3,code;complexity;creativity;domain_knowledge;instruction_following;problem_solving;real_world;specificity;technical_accuracy,74,452,378,-0.18832513695157926,False,LGSD-High,-0.21307242963233353,-0.024747292680754263,False,-0.231734519829357,-0.043409382877777736,False,-0.32797192676564024,-0.13964678981406098,False,-0.09250083663811104,0.09582430031346822,False,-0.16106948402873822,0.027255652922841045,False,-0.16690244273690202
arena-pref:heldout:000364,364,5,domain_knowledge,46,213,364,0.0007128962999107813,True,LGSD-Large,-0.08737991803670164,-0.08809281433661242,False,-0.22826548997372953,-0.2289783862736403,False,-0.08105293198745755,-0.08176582828736834,False,-0.1536714830788728,-0.15438437937878358,False,-0.1804103093613958,-0.18112320566130657,False,0.09935737737393824
arena-pref:heldout:000365,365,8,complexity;domain_knowledge;problem_solving;real_world;specificity;technical_accuracy,29,285,437,0.37954835869900416,True,OPSD,0.06748699476298814,-0.312061363936016,True,-0.08772097543211577,-0.46726933413111993,False,-0.1552134233790441,-0.5347617820780483,False,0.08506779645254925,-0.2944805622464549,True,0.11646799193730706,-0.2630803667616971,True,-0.27168141531635115
arena-pref:heldout:000366,366,1,creativity;domain_knowledge;real_world;specificity;technical_accuracy,21,421,445,-0.7875995736981276,False,LGSD-Medium,-0.9570354754168395,-0.16943590171871192,False,-0.9456280816205522,-0.15802850792242462,False,-1.0926124261929737,-0.3050128524948461,False,-0.9554211488618027,-0.16782157516367513,False,-0.9560304572951368,-0.1684308835970092,False,-0.13658196889783691
arena-pref:heldout:000367,367,5,complexity;domain_knowledge;math;problem_solving;real_world;specificity;technical_accuracy,24,245,229,-0.030364708951020725,False,LGSD-Small,-0.1239643426685556,-0.09359963371753488,False,-0.16801222908381053,-0.1376475201327898,False,-0.21605815923147031,-0.1856934502804496,False,-0.14524129958153187,-0.11487659063051114,False,-0.15756631152067435,-0.12720160256965363,False,-0.05849184771079596
arena-pref:heldout:000368,368,5,creativity;domain_knowledge;instruction_following;problem_solving;real_world;specificity,131,820,362,0.029833129666401392,True,OPSD,0.35633460623028324,0.32650147656388184,True,0.34061283956655464,0.31077970990015324,True,0.45067737042430034,0.42084424075789895,True,0.37759804295780297,0.3477649132914016,True,0.48857042012936214,0.45873729046296075,True,-0.0378930497050618
arena-pref:heldout:000369,369,2,creativity;domain_knowledge;instruction_following;problem_solving;real_world;specificity,75,191,245,-0.35729279100850353,False,OPSD,-0.6647004401509302,-0.3074076491424267,False,-0.9127112244627313,-0.5554184334542278,False,-0.6634843584385317,-0.3061915674300282,False,-0.5124386941587993,-0.15514590315029575,False,-0.39180065484774995,-0.03450786383924642,False,-0.27168370359078176
arena-pref:heldout:000370,370,1,code;complexity;domain_knowledge;instruction_following;real_world;specificity;technical_accuracy,59,1256,1797,-0.516591695013582,False,LGSD-Medium,-0.6353962746152048,-0.11880457960162272,False,-0.605108329750004,-0.0885166347364219,False,-0.6274872221782655,-0.11089552716468343,False,-0.6125309090558392,-0.09593921404225714,False,-0.6267512747388825,-0.11015957972530044,False,-0.000735947439382989
arena-pref:heldout:000371,371,4,complexity;creativity;domain_knowledge;problem_solving;real_world;specificity;technical_accuracy,40,686,731,-0.10141931217594335,False,LGSD-Small,0.07066076801696819,0.17208008019291154,True,0.012860033920644609,0.11427934609658796,True,0.04513794423996287,0.14655725641590622,True,-0.06865753899879268,0.03276177317715068,False,-0.011107602720615173,0.09031170945532818,False,0.05624554696057804
arena-pref:heldout:000372,372,8,code;complexity;creativity;domain_knowledge;instruction_following;problem_solving;real_world;specificity;technical_accuracy,136,1033,994,0.3630418441191326,True,LGSD-Large,0.4688762218266679,0.10583437770753529,True,0.5198678189975012,0.15682597487836863,True,0.5601518972906643,0.19711005317153169,True,0.43988295850149506,0.07684111438236246,True,0.43789772864757326,0.07485588452844066,True,0.12225416864309102
arena-pref:heldout:000373,373,1,domain_knowledge;real_world;specificity;technical_accuracy,68,260,198,-0.8597373208799562,False,LGSD-Large,-1.0834392375694102,-0.22370191668945394,False,-1.0903724414022187,-0.23063512052226243,False,-0.9572797114291487,-0.09754239054919245,False,-1.0305550669364067,-0.1708177460564505,False,-1.052367648322543,-0.1926303274425868,False,0.09508793689339434
arena-pref:heldout:000374,374,9,domain_knowledge;real_world;specificity;technical_accuracy,19,240,211,0.45268965607382494,True,LGSD-Medium,1.3953480337091722,0.9426583776353472,True,1.4576973877435238,1.0050077316696988,True,1.2334338703050056,0.7807442142311807,True,0.9627049539514818,0.5100152978776569,True,0.9887477875885806,0.5360581315147557,True,0.244686082716425
arena-pref:heldout:000375,375,9,domain_knowledge;real_world;specificity;technical_accuracy,310,1312,690,0.43680860153901435,True,LGSD-Medium,0.7770038132997905,0.34019521176077616,True,0.9992576759710208,0.5624490744320064,True,0.8714760785053963,0.43466747696638197,True,0.7142565158745897,0.27744791433557536,True,0.7620229054820458,0.3252143039430314,True,0.10945317302335056
arena-pref:heldout:000376,376,9,complexity;domain_knowledge;math;problem_solving;real_world;specificity;technical_accuracy,19,168,81,0.3873127499164938,True,LGSD-Large,0.7283745800166324,0.3410618301001386,True,0.7217877878293368,0.33447503791284305,True,0.9367746743365359,0.5494619244200422,True,0.6411883309614931,0.2538755810449993,True,0.716440625081407,0.32912787516491326,True,0.2203340492551289
arena-pref:heldout:000377,377,6,code;complexity;domain_knowledge;instruction_following;problem_solving;real_world;specificity;technical_accuracy,114,459,412,0.041565922191810434,True,OPSD,0.09025407684185449,0.04868815465004406,True,0.031653017961129404,-0.00991290423068103,True,0.14230408793483962,0.10073816574302918,True,0.0860415001439192,0.04447557795210877,True,0.20117852640280076,0.15961260421099033,True,-0.05887443846796114
arena-pref:heldout:000378,378,6,domain_knowledge;instruction_following;real_world;specificity;technical_accuracy,35,298,342,0.07283437567858764,True,OPSD,-0.4767287705475085,-0.5495631462260961,False,-0.47380147387709215,-0.5466358495556798,False,-0.4773076977571282,-0.5501420734357159,False,-0.31732091264010975,-0.3901552883186974,False,-0.23210706137764925,-0.3049414370562369,False,-0.24520063637947898
arena-pref:heldout:000379,379,3,domain_knowledge;math;real_world;specificity;technical_accuracy,24,394,300,-0.2868696748827113,False,OPSD,-0.5921085767536196,-0.3052389018709083,False,-0.6626479514197849,-0.37577827653707363,False,-0.42189548311701497,-0.13502580823430366,False,-0.44551419359778377,-0.15864451871507246,False,-0.3187623246672191,-0.03189264978450779,False,-0.10313315844979587
arena-pref:heldout:000380,380,6,creativity;domain_knowledge;real_world;specificity,31,200,271,0.062661440768365,True,LGSD-High,-0.3345584329555833,-0.3972198737239483,False,-0.27481522148385684,-0.33747666225222184,False,-0.27716665211638825,-0.33982809288475324,False,-0.1357821478966854,-0.1984435886650504,False,-0.16804250382849206,-0.23070394459685706,False,-0.10912414828789618
arena-pref:heldout:000381,381,10,creativity;domain_knowledge;real_world;specificity,27,299,107,1.6070758181193894,True,LGSD-Large,2.9761327895495753,1.369056971430186,True,3.5840405745061092,1.9769647563867199,True,3.8993908826666854,2.292315064547296,True,2.4720771422782777,0.8650013241588883,True,2.128907487484311,0.5218316693649216,True,1.7704833951823744
arena-pref:heldout:000382,382,1,domain_knowledge;real_world,11,189,261,-0.5991271366452762,False,OPSD,-0.9251319430775287,-0.3260048064322525,False,-1.1770150303470892,-0.577887893701813,False,-0.9787345156141538,-0.37960737896887764,False,-1.0056835460610645,-0.4065564094157883,False,-0.8520047097849033,-0.2528775731396271,False,-0.12672980582925053
arena-pref:heldout:000383,383,5,instruction_following,93,183,103,0.011421977319453935,True,LGSD-Large,-0.31955016182363094,-0.3309721391430849,False,-0.5195261762846597,-0.5309481536041136,False,-0.2175335115801782,-0.22895548889963213,False,-0.4056303703384605,-0.41705234765791444,False,-0.3090754799440856,-0.3204974572635395,False,0.09154196836390738
arena-pref:heldout:000384,384,6,code;complexity;domain_knowledge;problem_solving;real_world;specificity;technical_accuracy,20,400,335,0.06424946891727723,True,LGSD-Small,0.7891745394379348,0.7249250705206576,True,0.46190374338804774,0.3976542744707705,True,0.5490394990123919,0.4847900300951147,True,0.48134880144204684,0.4170993325247696,True,0.4225758165387967,0.3583263476215195,True,0.12646368247359518
arena-pref:heldout:000385,385,10,code;complexity;domain_knowledge;instruction_following;math;problem_solving;real_world;specificity;technical_accuracy,105,451,42,1.6815055329197248,True,LGSD-High,1.6260464829082486,-0.05545905001147622,True,1.399993735776508,-0.28151179714321684,True,1.2228475781532264,-0.4586579547664984,True,1.8307858608980112,0.1492803279782864,True,1.7748278604869343,0.09332232756720948,True,-0.5519802823337079
arena-pref:heldout:000386,386,2,creativity;specificity,24,180,119,-0.3747514676647026,False,LGSD-Large,-0.31280302498298296,0.06194844268171962,False,-0.22597626491087164,0.14877520275383094,False,0.5893560377489617,0.9641075054136643,True,-0.4348799179248113,-0.06012845026010871,False,-0.3036374043127177,0.07111406335198489,False,0.8929934420616794
arena-pref:heldout:000387,387,1,complexity;domain_knowledge;instruction_following;math;real_world;specificity;technical_accuracy,60,58,292,-2.488249122167343,False,LGSD-High,-3.5907873954196337,-1.1025382732522906,False,-4.199643775208355,-1.7113946530410122,False,-5.22114993943659,-2.7329008172692473,False,-3.3388991716283076,-0.8506500494609646,False,-3.4787139451103952,-0.9904648229430522,False,-1.7424359943261951
arena-pref:heldout:000388,388,7,code;instruction_following,288,1603,829,0.13537042420325274,True,OPSD,0.2365855400057243,0.10121511580247156,True,0.16245757491317003,0.027087150709917296,True,0.1674601901402455,0.032089765936992753,True,0.2111310668580495,0.07576064265479676,True,0.33368446397014684,0.1983140397668941,True,-0.16622427382990135
arena-pref:heldout:000389,389,5,creativity;domain_knowledge;problem_solving;real_world;specificity;technical_accuracy,31,646,474,-0.026791774017074443,False,LGSD-High,0.0020180934663771577,0.0288098674834516,True,-0.04859383007719842,-0.021802056060123975,False,0.10879635446143343,0.13558812847850787,True,0.14066906930623202,0.16746084332330646,True,0.10731574692384616,0.1341075209409206,True,0.0014806075375872751
arena-pref:heldout:000390,390,1,creativity;instruction_following;real_world;specificity,39,226,308,-0.7527420288145565,False,LGSD-High,-1.0126310695301401,-0.2598890407155836,False,-1.0523134392029307,-0.2995714103883742,False,-1.0080249783308006,-0.2552829495162441,False,-0.7137286856234475,0.03901334319110905,False,-1.1655176719733045,-0.41277564315874793,False,0.15749269364250384
arena-pref:heldout:000391,391,10,creativity;domain_knowledge;instruction_following;problem_solving;real_world;specificity,177,746,13,1.4048508134520552,True,LGSD-Large,1.1665420762335648,-0.23830873721849044,True,1.4040280991324348,-0.0008227143196204434,True,1.979990176599919,0.5751393631478638,True,1.4573803833032986,0.05252956985124335,True,1.1835844262552448,-0.22126638719681035,True,0.7964057503446742
arena-pref:heldout:000392,392,4,instruction_following;problem_solving;real_world;specificity,224,252,242,-0.06312062542347485,False,OPSD,-0.08810508462304623,-0.024984459199571374,False,-0.061472312462356404,0.0016483129611184477,False,-0.22149350501476728,-0.15837287959129243,False,-0.09859326228872778,-0.03547263686525293,False,-0.04580213966354618,0.01731848575992867,False,-0.1756913653512211
arena-pref:heldout:000393,393,1,complexity;domain_knowledge;math;real_world;specificity;technical_accuracy,23,6,104,-4.26440341044695,False,LGSD-Large,-5.800646726901714,-1.5362433164547644,False,-5.568883339564005,-1.304479929117055,False,-1.3421595707917824,2.9222438396551675,False,-4.0739354353684645,0.19046797507848545,False,-4.6857613783616285,-0.4213579679146786,False,3.343601807569846
arena-pref:heldout:000394,394,1,creativity;domain_knowledge;real_world,107,180,282,-0.7824030707068478,False,OPSD,-0.8179818133090402,-0.035578742602192404,False,-0.9608651785703977,-0.17846210786354988,False,-1.3450258800605792,-0.5626228093537314,False,-0.7341226280158293,0.0482804426910185,False,-0.5194612597742823,0.2629418109325655,False,-0.825564620286297
arena-pref:heldout:000395,395,5,domain_knowledge;instruction_following;problem_solving;specificity;technical_accuracy,395,395,315,0.008699253167353094,True,LGSD-High,-0.08575007128432888,-0.09444932445168197,False,-0.005461100983959799,-0.014160354151312893,False,-0.038063488117729305,-0.0467627412850824,False,-0.003512809466760025,-0.012212062634113119,False,-0.06193925659412702,-0.07063850976148012,False,0.02387576847639772
arena-pref:heldout:000396,396,7,math;real_world;specificity;technical_accuracy,15,147,144,0.16472359768657718,True,LGSD-Small,0.1995903542793258,0.03486675659274863,True,-0.03199633151765857,-0.19671992920423576,False,-0.10648683733950914,-0.2712104350260863,False,0.18643031179769798,0.021706714111120795,True,0.09409430400043917,-0.07062929368613802,True,-0.2005811413399483
arena-pref:heldout:000397,397,7,creativity;math;real_world;specificity,17,622,113,0.1999123732081598,True,LGSD-Large,0.9605384673661956,0.7606260941580358,True,1.3261495417944513,1.1262371685862915,True,1.6025357969191953,1.4026234237110355,True,0.7817745816065484,0.5818622083983886,True,0.8707183286141877,0.6708059554060279,True,0.7318174683050076
arena-pref:heldout:000398,398,3,creativity;real_world;specificity,15,357,424,-0.17843744426037977,False,LGSD-Large,-0.1883458037386736,-0.009908359478293827,False,-0.2165986451290669,-0.03816120086868713,False,-0.11512775498259087,0.0633096892777889,False,-0.1432648745395122,0.035172569720867575,False,-0.19480585865449984,-0.016368414394120068,False,0.07967810367190897
arena-pref:heldout:000399,399,3,code;domain_knowledge;real_world;specificity;technical_accuracy,22,411,608,-0.2222625319959871,False,LGSD-High,-0.390861098325761,-0.16859856632977388,False,-0.4734197683104755,-0.2511572363144884,False,-0.490056040940692,-0.2677935089447049,False,-0.35798178676729053,-0.13571925477130342,False,-0.3891492770169729,-0.16688674502098577,False,-0.10090676392371911
arena-pref:heldout:000400,400,7,creativity;domain_knowledge;problem_solving;real_world,33,573,443,0.12238825920434127,True,LGSD-Small,0.09046824070404957,-0.03192001850029169,True,-0.0066324557734858125,-0.12902071497782708,False,0.052912501370531384,-0.06947575783380988,True,-0.13576215782092005,-0.2581504170252613,False,0.026943936615328568,-0.0954443225890127,True,0.025968564755202816
arena-pref:heldout:000401,401,4,domain_knowledge;real_world;technical_accuracy,21,516,510,-0.11626196342464779,False,LGSD-Small,-0.14813036133696178,-0.031868397912313995,False,-0.2191716990838355,-0.1029097356591877,False,-0.2006674367762893,-0.0844054733516415,False,-0.198192840790129,-0.08193087736548121,False,-0.1483709647130378,-0.032109001288390004,False,-0.0522964720632515
arena-pref:heldout:000402,402,8,complexity;domain_knowledge;instruction_following;math;problem_solving;real_world;specificity;technical_accuracy,33,289,216,0.3643680205486316,True,LGSD-Large,0.1974845125050968,-0.1668835080435348,True,0.33925899028716966,-0.02510903026146194,True,0.4962532140193314,0.13188519347069982,True,0.4777097889021331,0.11334176835350152,True,0.334440237984174,-0.029927782564457606,True,0.16181297603515743
arena-pref:heldout:000403,403,9,code;complexity;domain_knowledge;problem_solving;real_world;specificity;technical_accuracy,15,916,374,0.42537809939881416,True,LGSD-Large,0.7391903648677558,0.31381226546894164,True,0.8573128823053915,0.43193478290657733,True,1.0070153962774402,0.5816372968786261,True,0.6065968314349154,0.18121873203610123,True,0.6360725941724942,0.21069449477368002,True,0.370942802104946
arena-pref:heldout:000404,404,2,instruction_following,1152,957,857,-0.46162490626212027,False,LGSD-High,-0.5729269142355672,-0.11130200797344691,False,-0.5720891085491484,-0.11046420228702813,False,-0.5611884059122204,-0.09956349965010014,False,-0.5312449195951966,-0.06962001333307632,False,-0.567792107015372,-0.1061672007532517,False,0.00660370110315156
arena-pref:heldout:000405,405,8,instruction_following,676,660,266,0.3318304546440508,True,LGSD-Medium,0.4404072716774443,0.1085768170333935,True,0.5337962162741825,0.2019657616301317,True,0.4540593979053926,0.12222894326134182,True,0.4864995196566926,0.15466906501264177,True,0.43784554597320513,0.10601509132915432,True,0.016213851932187495
arena-pref:heldout:000406,406,5,complexity;domain_knowledge;math;real_world;specificity;technical_accuracy,23,184,102,-0.01677634974168285,False,LGSD-Large,0.3224441938083191,0.339220543550002,True,0.6270763813077338,0.6438527310494166,True,0.7865002858567625,0.8032766355984453,True,0.16871673940900855,0.1854930891506914,True,0.27302474438991675,0.2898010941315996,True,0.5134755414668457
arena-pref:heldout:000407,407,10,creativity;domain_knowledge;problem_solving;real_world,25,532,84,1.7666409702826862,True,LGSD-Large,2.8426673023921802,1.076026332109494,True,3.8949612471692845,2.1283202768865985,True,4.010676072056133,2.244035101773447,True,3.185914791317512,1.4192738210348257,True,2.6949361930216167,0.9282952227389305,True,1.315739879034516
arena-pref:heldout:000408,408,7,creativity;domain_knowledge;instruction_following;problem_solving;real_world;specificity,65,523,195,0.21185915461122828,True,LGSD-Medium,1.349271993725453,1.1374128391142246,True,1.7293989452420604,1.517539790630832,True,1.6960969380784885,1.4842377834672602,True,1.3564454181676942,1.1445862635564659,True,1.2587758465573478,1.0469166919461195,True,0.43732109152114074
arena-pref:heldout:000409,409,1,domain_knowledge,28,101,191,-0.5984812871917065,False,LGSD-Large,-0.2738183187502834,0.32466296844142306,False,-0.5858314938916247,0.012649793300081758,False,-0.2305746455689648,0.36790664162274167,False,-0.42744907515396635,0.1710322120377401,False,-0.6152323432698124,-0.016751056078105897,False,0.38465769770084757
arena-pref:heldout:000410,410,10,specificity;technical_accuracy,18,74,13,1.6826132518585901,True,LGSD-Small,2.141887127485692,0.45927387562710176,True,1.694905766826162,0.012292514967571888,True,0.8201130512102726,-0.8625002006483176,True,2.037125496259598,0.3545122444010078,True,2.0453019052929786,0.3626886534343885,True,-1.225188854082706
arena-pref:heldout:000411,411,1,code;complexity;domain_knowledge;problem_solving;real_world;specificity;technical_accuracy,1021,869,577,-0.635728402124281,False,OPSD,-0.6758396627796412,-0.040111260655360303,False,-0.773612733047633,-0.13788433092335206,False,-0.80476352799614,-0.1690351258718591,False,-0.6350494672519023,0.0006789348723786892,False,-0.6012556300585401,0.03447277206574084,False,-0.20350789793759994
arena-pref:heldout:000412,412,2,domain_knowledge;real_world;technical_accuracy,26,288,800,-0.2988738324907091,False,LGSD-High,-1.0581949305534364,-0.7593210980627273,False,-1.1320468987358943,-0.8331730662451852,False,-1.1382285785675048,-0.8393547460767957,False,-0.899176537460751,-0.6003027049700419,False,-0.948622267511156,-0.6497484350204469,False,-0.18960631105634884
arena-pref:heldout:000413,413,3,creativity;domain_knowledge;real_world,18,187,225,-0.16468889777035622,False,LGSD-Medium,-0.1601450315714592,0.0045438661988970175,False,0.09715179815082697,0.2618406959211832,True,-0.04490011966589735,0.11978877810445887,False,-0.10983321989425487,0.05485567787610135,False,-0.08962145356004347,0.07506744421031275,False,0.04472133389414612
arena-pref:heldout:000414,414,9,creativity;domain_knowledge;real_world;specificity,15,476,246,0.40133216751316514,True,LGSD-Medium,0.3208723343517348,-0.08045983316143035,True,0.5098045771260598,0.10847240961289462,True,0.45237497046417796,0.05104280295101282,True,0.3995373445333512,-0.001794822979813926,True,0.24307641662469437,-0.15825575088847077,True,0.2092985538394836
arena-pref:heldout:000415,415,6,complexity;domain_knowledge;instruction_following;problem_solving;real_world;specificity;technical_accuracy,54,467,441,0.08585325830101875,True,LGSD-Small,0.5756372751025924,0.4897840168015737,True,0.5434918064868213,0.4576385481858025,True,0.5449692786709159,0.4591160203698972,True,0.3495926833030867,0.26373942500206793,True,0.4321792369912305,0.34632597869021176,True,0.11279004167968543
arena-pref:heldout:000416,416,3,code;domain_knowledge;instruction_following;real_world;specificity;technical_accuracy,34,290,438,-0.22840463499856967,False,OPSD,-0.07779619739179888,0.15060843760677078,False,-0.24774339943490742,-0.019338764436337752,False,-0.28041603633164036,-0.052011401333070695,False,-0.1776442196064718,0.05076041539209786,False,-0.06158260236742219,0.16682203263114748,False,-0.21883343396421817
arena-pref:heldout:000417,417,6,domain_knowledge;real_world,15,667,339,0.08973113867334925,True,LGSD-Medium,0.8220852970819159,0.7323541584085667,True,0.8774488853767071,0.7877177467033578,True,0.7105392719693993,0.62080813329605,True,0.5498988721651099,0.46016773349176066,True,0.6163483885180814,0.5266172498447321,True,0.09419088345131787
arena-pref:heldout:000418,418,4,other,77,147,203,-0.13303009657800513,False,LGSD-Medium,0.06960024957838051,0.20263034615638564,True,0.6016728881936162,0.7347029847716213,True,0.500288193532902,0.6333182901109071,True,-0.11782493430237628,0.015205162275628847,False,-0.04457379349402735,0.08845630308397778,False,0.5448619870269293
arena-pref:heldout:000419,419,5,domain_knowledge;real_world;specificity;technical_accuracy,113,154,70,-0.0051705570964069025,False,LGSD-High,0.5389128945090553,0.5440834516054622,True,0.3466714239739752,0.3518419810703821,True,0.2923663894851489,0.29753694658155583,True,0.5412436497675908,0.5464142068639977,True,0.33999664504806737,0.34516720214447427,True,-0.047630255562918444
arena-pref:heldout:000420,420,2,code;complexity;domain_knowledge;instruction_following;problem_solving;real_world;specificity;technical_accuracy,295,587,558,-0.3161786078131469,False,OPSD,-0.13316481453199935,0.18301379328114753,False,-0.16291097618036365,0.15326763163278323,False,-0.22101726244784792,0.09516134536529897,False,-0.11372066890585675,0.20245793890729014,False,-0.05165986322456517,0.2645187445885817,False,-0.16935739922328275
arena-pref:heldout:000421,421,6,domain_knowledge;real_world;specificity;technical_accuracy,27,115,45,0.10945789134444817,True,LGSD-High,-0.472006446727808,-0.5814643380722562,False,-0.5584510360938917,-0.6679089274383399,False,-0.8571965240625943,-0.9666544154070424,False,-0.3224425569248659,-0.43190044826931406,False,-0.5121004003257563,-0.6215582916702045,False,-0.34509612373683796
arena-pref:heldout:000422,422,8,code;complexity;domain_knowledge;problem_solving;real_world;specificity;technical_accuracy,17,398,320,0.36316599959704143,True,LGSD-Small,0.43448102528126387,0.07131502568422243,True,0.4269200034776526,0.06375400388061114,True,0.3624405802494317,-0.0007254193476097237,True,0.31927853804736883,-0.0438874615496726,True,0.36002075216877993,-0.0031452474282614995,True,0.002419828080651776
arena-pref:heldout:000423,423,10,complexity;domain_knowledge;instruction_following;math;problem_solving;real_world;specificity,135,949,102,1.3443040840684728,True,LGSD-Large,1.8484464870725512,0.5041424030040784,True,2.174377924913355,0.8300738408448822,True,2.339880116579614,0.9955760325111411,True,1.9726545390650447,0.6283504549965719,True,1.875776339721112,0.5314722556526392,True,0.4641037768585019
arena-pref:heldout:000424,424,9,domain_knowledge;real_world;technical_accuracy,17,149,122,0.42089052144706507,True,LGSD-Large,1.2312915700013676,0.8104010485543025,True,1.2065964143836783,0.7857058929366132,True,1.56623348437962,1.1453429629325549,True,0.7991504314538864,0.37825991000682135,True,0.6754161153955551,0.25452559394849006,True,0.8908173689840648
arena-pref:heldout:000425,425,5,domain_knowledge;real_world,13,276,239,-0.00845975134474064,False,LGSD-Large,0.15345980866466702,0.16191956000940766,True,0.10501593313413204,0.11347568447887268,True,0.23629905641003024,0.24475880775477088,True,0.20547515053043863,0.21393490187517927,True,0.12633444054117637,0.13479419188591701,True,0.10996461586885387
arena-pref:heldout:000426,426,2,creativity;domain_knowledge;real_world;specificity,20,274,204,-0.3101916974478396,False,OPSD,0.12446304764617278,0.43465474509401236,True,0.03782230367369799,0.3480140011215376,True,-0.13492137174059016,0.17527032570724943,False,0.13894894229882881,0.4491406397466684,True,0.19739116591173334,0.5075828633595729,True,-0.3323125376523235
arena-pref:heldout:000427,427,7,complexity;domain_knowledge;math;problem_solving;real_world;specificity;technical_accuracy,39,352,458,0.20119246041883593,True,OPSD,0.4107245307396499,0.20953207032081395,True,0.3811006746911112,0.17990821427227527,True,0.4428851364528722,0.24169267603403627,True,0.35645516678755984,0.1552627063687239,True,0.46462034071755337,0.26342788029871744,True,-0.021735204264681174
arena-pref:heldout:000428,428,7,domain_knowledge;real_world;specificity;technical_accuracy,18,566,696,0.20878072657654279,True,LGSD-High,-0.025732896227360413,-0.2345136228039032,False,0.07024763724800143,-0.13853308932854136,True,0.03191274428976709,-0.1768679822867757,True,0.07681015379214573,-0.13197057278439706,True,0.07240518778568594,-0.13637553879085684,True,-0.04049244349591885
arena-pref:heldout:000429,429,10,other,12,96,9,1.46013613541921,True,OPSD,0.7955268224080405,-0.6646093130111694,True,-0.01857635709974481,-1.4787124925189548,False,-2.015411588880751,-3.475547724299961,False,0.819514830907186,-0.6406213045120239,True,0.830929385291205,-0.629206750128005,True,-2.846340974171956
arena-pref:heldout:000430,430,1,math;problem_solving,24,104,146,-0.8427807812444528,False,LGSD-Small,-1.0115716072982934,-0.16879082605384066,False,-1.2208529629119456,-0.3780721816674928,False,-2.062082831801805,-1.2193020505573522,False,-1.314384309710391,-0.47160352846593834,False,-1.2722445275434326,-0.4294637462989799,False,-0.7898383042583723
arena-pref:heldout:000431,431,5,domain_knowledge;instruction_following;real_world;specificity;technical_accuracy,34,49,46,-0.03735373479238957,False,LGSD-Small,0.9210005830427974,0.958354317835187,True,0.09801752332469071,0.13537125811708028,True,-0.881641230545112,-0.8442874957527224,False,-0.2792258385334163,-0.24187210374102674,False,0.3244600516034106,0.3618137863958002,True,-1.2061012821485226
arena-pref:heldout:000432,432,8,code;complexity;domain_knowledge;problem_solving;real_world;specificity;technical_accuracy,69,396,303,0.3826543820096274,True,LGSD-Large,0.3592653886379391,-0.023388993371688316,True,0.30495157574686904,-0.07770280626275838,True,0.4754491515225894,0.09279476951296195,True,0.3849267439790245,0.002272361969397063,True,0.3233115246014806,-0.05934285740814682,True,0.15213762692110877
arena-pref:heldout:000433,433,9,domain_knowledge;real_world;specificity;technical_accuracy,24,313,238,0.463332211158034,True,LGSD-Large,1.2770964700615537,0.8137642589035197,True,1.168638590796988,0.705306379638954,True,1.3652174718159715,0.9018852606579375,True,1.0363030562827253,0.5729708451246913,True,0.9328563829061951,0.4695241717481611,True,0.4323610889097764
arena-pref:heldout:000434,434,10,creativity;domain_knowledge;instruction_following;problem_solving;real_world,138,248,68,1.3005937082265313,True,LGSD-Medium,2.170607153333342,0.8700134451068107,True,2.9504736940141423,1.649879985787611,True,2.6221477257006534,1.321554017474122,True,2.2885566676138023,0.987962959387271,True,2.0677013863196185,0.7671076780930872,True,0.5544463393810348
arena-pref:heldout:000435,435,4,domain_knowledge;real_world;specificity;technical_accuracy,19,411,399,-0.12594495863722843,False,LGSD-Small,0.13856260914739127,0.2645075677846197,True,0.041262298951615595,0.16720725758884403,True,0.0523440488713387,0.17828900750856713,True,-0.03191199457161509,0.09403296406561334,False,-0.015640878067615382,0.11030408056961305,False,0.06798492693895408
arena-pref:heldout:000436,436,1,creativity;domain_knowledge;real_world;specificity,28,137,88,-0.7452709603641865,False,OPSD,-1.4106857151722543,-0.6654147548080678,False,-1.465595570319365,-0.7203246099551786,False,-1.445617992512501,-0.7003470321483145,False,-1.6094075994295403,-0.8641366390653538,False,-1.3099866305745507,-0.5647156702103642,False,-0.13563136193795033
arena-pref:heldout:000437,437,2,creativity;domain_knowledge;instruction_following;problem_solving;real_world;specificity;technical_accuracy,593,362,437,-0.33028866235336674,False,LGSD-High,-0.30928108724331294,0.0210075751100538,False,-0.5852720048488864,-0.2549833424955197,False,-0.47912337388537374,-0.148834711532007,False,-0.2743743055651733,0.05591435678819345,False,-0.3401872905399055,-0.00989862818653875,False,-0.13893608334546825
arena-pref:heldout:000438,438,7,code;complexity;domain_knowledge;instruction_following;problem_solving;real_world;specificity;technical_accuracy,205,515,529,0.21702354780227917,True,LGSD-Large,0.03308370698972296,-0.1839398408125562,True,0.22046746079937085,0.0034439129970916804,True,0.25518342886843226,0.03815988106615309,True,0.18623901680277333,-0.030784530999505844,True,0.16157350727966013,-0.05545004052261904,True,0.09360992158877213
arena-pref:heldout:000439,439,10,creativity;domain_knowledge;real_world,20,405,115,0.7376467151406371,True,LGSD-Large,1.8217938245526577,1.0841471094120205,True,2.230728183813909,1.4930814686732718,True,2.57844544439884,1.8407987292582026,True,1.710157252100291,0.972510536959654,True,1.5782657611005357,0.8406190459598987,True,1.000179683298304
arena-pref:heldout:000440,440,5,code;complexity;creativity;domain_knowledge;instruction_following;problem_solving;real_world;specificity;technical_accuracy,89,732,1277,0.02597483254325389,True,OPSD,-0.0773605348622205,-0.10333536740547439,False,-0.06234892290683269,-0.08832375545008658,False,-0.09160429834398764,-0.11757913088724153,False,-0.06042279077992008,-0.08639762332317397,False,-0.05053775378290237,-0.07651258632615626,False,-0.04106654456108527
arena-pref:heldout:000441,441,4,creativity;domain_knowledge;real_world;specificity;technical_accuracy,34,338,247,-0.07809163951606479,False,LGSD-Medium,0.4081224083937576,0.48621404790982237,True,0.45554438947109155,0.5336360289871563,True,0.38712821367632655,0.46521985319239134,True,0.1860788702333651,0.2641705097494299,True,0.21636102059220863,0.2944526601082734,True,0.17076719308411792
arena-pref:heldout:000442,442,3,domain_knowledge;real_world,39,283,304,-0.18877705808064538,False,LGSD-Small,0.22076637327659965,0.409543431357245,True,0.13522724997094948,0.32400430805159486,True,0.15737419800619135,0.3461512560868367,True,0.05327041232942853,0.2420474704100739,True,0.025784987731119147,0.21456204581176452,True,0.1315892102750722
arena-pref:heldout:000443,443,5,code;instruction_following,116,530,631,-0.0332116086720472,False,LGSD-High,-0.05775376452686176,-0.024542155854814562,False,-0.06398738024640638,-0.03077577157435918,False,-0.10068250285471625,-0.06747089418266905,False,0.015932870085856865,0.049144478757904064,True,-0.0835821610106181,-0.050370552338570906,False,-0.017100341844098144
arena-pref:heldout:000444,444,10,code;complexity;domain_knowledge;problem_solving;real_world;specificity;technical_accuracy,2218,969,590,0.730963085526398,True,LGSD-Large,0.8145621863847906,0.08359910085839262,True,0.7565394569278604,0.025576371401462406,True,0.877321016356651,0.14635793083025306,True,0.8202517246950213,0.08928863916862328,True,0.8081230579433671,0.07715997241696915,True,0.06919795841328391
arena-pref:heldout:000445,445,8,domain_knowledge;real_world;specificity;technical_accuracy,92,610,358,0.24708114978277762,True,LGSD-Large,0.37516989782623167,0.12808874804345405,True,0.5244758112656129,0.2773946614828353,True,0.5252781056846842,0.27819695590190663,True,0.3918297571384357,0.1447486073556581,True,0.3389373007553469,0.09185615097256927,True,0.18634080492933736
arena-pref:heldout:000446,446,7,code;domain_knowledge;real_world;specificity;technical_accuracy,23,616,208,0.13239236323388082,True,LGSD-Large,0.186870103711253,0.054477740477372194,True,0.21920968269134744,0.08681731945746662,True,0.23343998664147136,0.10104762340759055,True,0.1970690160126356,0.06467665277875478,True,0.1883097315406228,0.05591736830674199,True,0.04513025510084856
arena-pref:heldout:000447,447,8,creativity;domain_knowledge;instruction_following;real_world;specificity,111,174,180,0.3809032480378718,True,LGSD-High,0.14932517786135602,-0.23157807017651577,True,0.06516479258336316,-0.3157384554545086,True,0.19361816859336622,-0.18728507944450556,True,0.2828100723325062,-0.09809317570536558,True,0.13618658803888684,-0.24471665999898495,True,0.05743158055447939
arena-pref:heldout:000448,448,8,domain_knowledge;real_world,17,414,459,0.26617338134109425,True,LGSD-Large,0.37044951937647386,0.1042761380353796,True,0.4296016724732741,0.16342829113217983,True,0.4679587428244809,0.20178536148338666,True,0.3236072183818406,0.05743383704074634,True,0.33518896421790423,0.06901558287680998,True,0.13276977860657668
arena-pref:heldout:000449,449,3,complexity;creativity;domain_knowledge;instruction_following;math;problem_solving;real_world;specificity,62,251,353,-0.23336609183531765,False,OPSD,-0.6382735423637689,-0.40490745052845123,False,-0.93843750935215,-0.7050714175168323,False,-1.063903714887119,-0.8305376230518015,False,-0.7133933372002871,-0.48002724536496943,False,-0.6197544469799254,-0.3863883551446078,False,-0.44414926790719367
arena-pref:heldout:000450,450,6,creativity;domain_knowledge;instruction_following;problem_solving;real_world;specificity,472,654,598,0.04349240856508729,True,LGSD-Medium,-0.005784000970534553,-0.049276409535621846,False,0.005552464388477452,-0.03793994417660984,True,-0.009240328383470331,-0.052732736948557624,False,-0.03278756699345475,-0.07627997555854205,False,-0.051040811681006826,-0.09453322024609412,False,0.041800483297536495
arena-pref:heldout:000451,451,1,creativity;domain_knowledge;problem_solving;real_world,23,157,234,-0.49844791875043115,False,LGSD-High,-0.3837847456557486,0.11466317309468255,False,-0.4382090971163435,0.06023882163408767,False,-0.26654900548713645,0.2318989132632947,False,-0.24343707180028362,0.25501084695014753,False,-0.24691979923650154,0.2515281195139296,False,-0.019629206250634912
arena-pref:heldout:000452,452,2,code;complexity;creativity;domain_knowledge;instruction_following;problem_solving;real_world;specificity;technical_accuracy,2972,1101,1414,-0.36067451879825085,False,OPSD,-0.37715217287834746,-0.016477654080096604,False,-0.4113549005542563,-0.05068038175600542,False,-0.4469903654091824,-0.08631584661093156,False,-0.3837772875435288,-0.023102768745277946,False,-0.37173938555684927,-0.011064866758598413,False,-0.07525097985233314
arena-pref:heldout:000453,453,8,code;domain_knowledge;problem_solving;real_world;specificity;technical_accuracy,1352,1014,590,0.27325536855878013,True,LGSD-Large,0.3699419470563144,0.09668657849753426,True,0.4855031550598094,0.21224778650102927,True,0.5174179353689441,0.24416256681016396,True,0.4433752517756307,0.17011988321685056,True,0.35568766925661155,0.08243230069783142,True,0.16173026611233254
arena-pref:heldout:000454,454,1,creativity;real_world;specificity,52,69,55,-0.6038065934212629,False,OPSD,-1.2457924331443895,-0.6419858397231266,False,-1.3329872201710984,-0.7291806267498355,False,-1.7224805346904848,-1.118673941269222,False,-0.7662773514296544,-0.1624707580083915,False,-0.6578985136331146,-0.05409192021185172,False,-1.0645820210573702
arena-pref:heldout:000455,455,4,code;complexity;creativity;domain_knowledge;instruction_following;problem_solving;real_world;specificity;technical_accuracy,2232,353,559,-0.07411857267678235,False,LGSD-Small,0.01183275206549217,0.08595132474227452,True,-0.059508117152042406,0.01461045552473994,False,-0.10513161268626048,-0.031013040009478132,False,-0.14453220635661146,-0.07041363367982911,False,-0.0015816512448547648,0.07253692143192758,False,-0.10354996144140571
arena-pref:heldout:000456,456,9,complexity;domain_knowledge;instruction_following;problem_solving;real_world;specificity;technical_accuracy,61,782,736,0.4663432554515732,True,LGSD-Large,0.48405127116786245,0.01770801571628927,True,0.497846822909382,0.0315035674578088,True,0.511530530727123,0.045187275275549776,True,0.4601082853648974,-0.006234970086675784,True,0.44974712795003907,-0.016596127501534108,True,0.061783402777083885
arena-pref:heldout:000457,457,3,code;complexity;domain_knowledge;math;problem_solving;real_world;specificity;technical_accuracy,40,707,465,-0.20901111898613556,False,LGSD-Small,-0.19627434736229987,0.012736771623835685,False,-0.20883537138502484,0.00017574760111072063,False,-0.278633277821009,-0.06962215883487344,False,-0.26706470586913045,-0.05805358688299489,False,-0.20161808286191318,0.007393036124222374,False,-0.07701519495909581
arena-pref:heldout:000458,458,8,domain_knowledge;instruction_following;real_world;specificity;technical_accuracy,80,595,406,0.3053211458659937,True,LGSD-Medium,0.45256064831433296,0.14723950244833928,True,0.5089215382808394,0.20360039241484573,True,0.4338367739610831,0.12851562809508943,True,0.4650065415149425,0.1596853956489488,True,0.4288946577860835,0.1235735119200898,True,0.004942116174999622
arena-pref:heldout:000459,459,9,creativity;domain_knowledge;problem_solving;real_world;specificity;technical_accuracy,39,578,420,0.5097820829610531,True,LGSD-Medium,1.2798665099961888,0.7700844270351357,True,1.3040924918142844,0.7943104088532313,True,1.0852066839717525,0.5754246010106994,True,0.961680719451351,0.45189863649029793,True,0.8983272673958391,0.38854518443478603,True,0.18687941657591334
arena-pref:heldout:000460,460,2,domain_knowledge;real_world;technical_accuracy,19,188,277,-0.4096099771985592,False,OPSD,-0.6108826328069259,-0.2012726556083667,False,-0.7899087578005595,-0.3802987806020003,False,-0.8353182088487279,-0.4257082316501687,False,-0.4913756165950196,-0.08176563939646042,False,-0.4272312776258038,-0.017621300427244635,False,-0.40808693122292405
arena-pref:heldout:000461,461,4,code;complexity;domain_knowledge;problem_solving;real_world;specificity;technical_accuracy,15,519,407,-0.07463476045920436,False,OPSD,-0.11065773881465435,-0.036022978355449986,False,-0.13383185292429367,-0.05919709246508931,False,-0.14624091392432903,-0.07160615346512467,False,-0.10761032927630154,-0.03297556881709718,False,-0.10439859625308201,-0.029763835793877647,False,-0.04184231767124702
arena-pref:heldout:000462,462,5,code;complexity;domain_knowledge;instruction_following;math;problem_solving;real_world;specificity;technical_accuracy,180,490,130,-0.034621031505159494,False,LGSD-High,-0.6258756377071937,-0.5912546062020342,False,-0.7762517791340826,-0.7416307476289231,False,-0.9196355568183647,-0.8850145253132052,False,-0.4737457158614178,-0.4391246843562583,False,-0.5270069310953329,-0.4923858995901734,False,-0.3926286257230318
arena-pref:heldout:000463,463,7,domain_knowledge;real_world;specificity;technical_accuracy,23,510,306,0.19474097482519204,True,LGSD-Medium,0.28284741195977914,0.0881064371345871,True,0.28401961108438334,0.0892786362591913,True,0.22198683296153754,0.027245858136345502,True,0.19825540929058805,0.0035144344653960102,True,0.2165204565509472,0.021779481725755168,True,0.0054663764105903345
arena-pref:heldout:000464,464,7,code;complexity;domain_knowledge;math;problem_solving;real_world;specificity;technical_accuracy,32,881,696,0.12825107743990893,True,LGSD-Large,0.21157273305319868,0.08332165561328975,True,0.21946780906537977,0.09121673162547084,True,0.2565794076941579,0.12832833025424895,True,0.16841527649444488,0.04016419905453594,True,0.13728293744278497,0.009031860002876035,True,0.11929647025137291
arena-pref:heldout:000465,465,3,real_world;specificity;technical_accuracy,15,84,192,-0.16807854175567627,False,LGSD-High,-0.5353397840545293,-0.36726124229885304,False,-0.8299009402592978,-0.6618223985036216,False,-1.051262092022669,-0.8831835502669927,False,-0.3312053907485235,-0.16312684899284724,False,-0.4293431923502964,-0.2612646505946201,False,-0.6219188996723726
arena-pref:heldout:000466,466,5,creativity;domain_knowledge;real_world;specificity,32,126,271,0.01183837370469476,True,LGSD-Medium,-0.48196939499552904,-0.4938077687002238,False,-0.21641421174218234,-0.2282525854468771,False,-0.7568673978600096,-0.7687057715647043,False,-0.617595473080411,-0.6294338467851057,False,-0.48868964224353784,-0.5005280159482326,False,-0.2681777556164717
arena-pref:heldout:000467,467,10,domain_knowledge;instruction_following;specificity;technical_accuracy,28,175,9,1.9118661898658391,True,OPSD,0.953651621985057,-0.9582145678807821,True,0.12811399671766477,-1.7837521931481743,True,-1.3249520123194132,-3.236818202185252,False,1.155340578593905,-0.7565256112719341,True,1.324194190615699,-0.58767199925014,True,-2.6491462029351123
arena-pref:heldout:000468,468,4,creativity;domain_knowledge;problem_solving;real_world;specificity,20,632,478,-0.07485808594285825,False,LGSD-Small,0.34666527959794213,0.4215233655408004,True,0.30196159934411626,0.3768196852869745,True,0.33952879511724743,0.4143868810601057,True,0.16096466682793298,0.23582275277079123,True,0.26504428725987395,0.3399023732027322,True,0.07448450785737348
arena-pref:heldout:000469,469,5,code;complexity;domain_knowledge;real_world;specificity;technical_accuracy,81,348,474,-0.022172438323055488,False,LGSD-Large,-0.2694846270786142,-0.24731218875555872,False,-0.08614868516226837,-0.06397624683921288,False,-0.014140991600566144,0.008031446722489344,False,-0.1623299457994627,-0.1401575074764072,False,-0.12644100952370452,-0.10426857120064903,False,0.11230001792313837
arena-pref:heldout:000470,470,4,complexity;creativity;domain_knowledge;instruction_following;real_world;specificity,248,922,781,-0.12497596892286644,False,LGSD-Large,-0.3509032117760609,-0.22592724285319443,False,-0.22325142351131677,-0.09827545458845033,False,-0.21548290239123702,-0.09050693346837058,False,-0.334853403361814,-0.20987743443894757,False,-0.4042446287609478,-0.27926865983808136,False,0.18876172636971078
arena-pref:heldout:000471,471,2,other,2185,575,481,-0.38281746413385964,False,LGSD-High,-0.5409552952472377,-0.1581378311133781,False,-0.5875624249156685,-0.20474496078180882,False,-0.564124824663921,-0.18130736053006136,False,-0.5114841785377462,-0.12866671440388655,False,-0.5743821168947983,-0.1915646527609387,False,0.010257292230877346
arena-pref:heldout:000472,472,8,other,54,127,64,0.3270311158473098,True,LGSD-Large,0.8432725114146553,0.5162413955673455,True,1.4968909747957246,1.1698598589484148,True,1.8924178926963506,1.5653867768490408,True,1.0300322780458946,0.7030011621985848,True,0.8651362892210956,0.5381051733737858,True,1.027281603475255
arena-pref:heldout:000473,473,6,domain_knowledge;real_world;specificity;technical_accuracy,24,538,432,0.04030111169874151,True,LGSD-Large,0.21117532491257207,0.17087421321383056,True,0.3200294700483636,0.27972835834962206,True,0.34954208927543196,0.30924097757669045,True,0.2589625176624475,0.21866140596370598,True,0.2160034074150432,0.1757022957163017,True,0.13353868186038875
arena-pref:heldout:000474,474,5,code;instruction_following,1313,821,535,-0.011086883431150052,False,LGSD-Large,0.17770612605226244,0.1887930094834125,True,0.1485382653409577,0.15962514877210776,True,0.22558175190249008,0.23666863533364013,True,0.1888983372148062,0.19998522064595625,True,0.16272559173499568,0.17381247516614573,True,0.0628561601674944
arena-pref:heldout:000475,475,6,creativity;real_world,40,241,55,0.042250366095820224,True,LGSD-Large,0.481676541576292,0.4394261754804718,True,0.5519258073931232,0.509675441297303,True,1.3778505395107201,1.3356001734149,True,0.9301689119169914,0.8879185458211711,True,1.2492347849669971,1.206984418871177,True,0.12861575454372298
arena-pref:heldout:000476,476,7,instruction_following,540,329,600,0.21844489253159116,True,LGSD-Medium,-0.012148008288583423,-0.23059290082017458,False,0.20356521867328858,-0.014879673858302578,True,0.17861715878155215,-0.03982773375003901,True,0.05142939426495552,-0.16701549826663564,True,0.07667699823505125,-0.1417678942965399,True,0.1019401605465009
arena-pref:heldout:000477,477,7,domain_knowledge;instruction_following;math;real_world;specificity;technical_accuracy,25,373,630,0.1935205775172899,True,LGSD-Medium,0.2659119901263849,0.07239141260909498,True,0.3357443471407199,0.14222376962342997,True,0.27345622313611584,0.07993564561882593,True,0.2522268419473941,0.05870626443010418,True,0.31927019702286874,0.12574961950557884,True,-0.0458139738867529
arena-pref:heldout:000478,478,2,domain_knowledge;real_world,35,411,330,-0.2956085164155139,False,LGSD-High,-0.6504965773094968,-0.35488806089398295,False,-0.62337379966049,-0.3277652832449761,False,-0.6405218116373805,-0.34491329522186664,False,-0.5324261120899778,-0.23681759567446392,False,-0.6375942296882668,-0.34198571327275296,False,-0.002927581949113689
arena-pref:heldout:000479,479,8,other,11,262,155,0.2750087918861839,True,LGSD-Medium,0.5983692576397348,0.32336046575355093,True,0.6767994290530113,0.4017906371668274,True,0.4526530343539257,0.1776442424677418,True,0.34235714891514046,0.06734835702895658,True,0.39745939724905055,0.12245060536286667,True,0.055193637104875126
arena-pref:heldout:000480,480,2,code;instruction_following,110,319,380,-0.36793134249076853,False,LGSD-Medium,-0.3203297281005637,0.04760161439020483,False,-0.23731533845763964,0.1306160040331289,False,-0.425408259572575,-0.05747691708180647,False,-0.45325901350591913,-0.0853276710151506,False,-0.41096276064710513,-0.0430314181563366,False,-0.014445498925469868
arena-pref:heldout:000481,481,6,code;complexity;domain_knowledge;problem_solving;real_world;specificity;technical_accuracy,19,547,678,0.10752904194819102,True,LGSD-High,0.09436823320888421,-0.013160808739306806,True,0.07688804399824933,-0.030640997949941684,True,0.052440934026590336,-0.05508810792160068,True,0.12482973372267736,0.017300691774486343,True,-0.02909241273570018,-0.1366214546838912,False,0.08153334676229052
arena-pref:heldout:000482,482,1,code;domain_knowledge;real_world;specificity;technical_accuracy,18,671,456,-0.6171282583533866,False,OPSD,-0.6878536240547801,-0.07072536570139354,False,-0.9495971682904066,-0.33246890993702005,False,-0.9516405084383928,-0.3345122500850062,False,-0.7057118506532191,-0.08858359229983248,False,-0.6862204397638243,-0.06909218141043771,False,-0.26542006867456847
arena-pref:heldout:000483,483,9,creativity;domain_knowledge;real_world;specificity,31,823,602,0.42732918946824827,True,LGSD-Large,0.8367587285826334,0.4094295391143852,True,1.0273483666486558,0.6000191771804075,True,1.073725626174277,0.6463964367060286,True,0.802996736235301,0.3756675467670527,True,0.7886196761106015,0.3612904866423532,True,0.28510595006367545
arena-pref:heldout:000484,484,6,code;complexity;domain_knowledge;instruction_following;problem_solving;real_world;specificity;technical_accuracy,97,631,883,0.08150437552103235,True,LGSD-Large,0.19260105346099865,0.1110966779399663,True,0.22336018267490243,0.14185580715387008,True,0.25857135686856547,0.17706698134753313,True,0.1718104547653695,0.09030607924433715,True,0.17995677560094647,0.09845240007991413,True,0.078614581267619
arena-pref:heldout:000485,485,2,domain_knowledge;instruction_following;problem_solving;real_world;specificity;technical_accuracy,100,312,436,-0.3707494356020342,False,LGSD-High,-0.9459819176762954,-0.5752324820742611,False,-1.0522213315885225,-0.6814718959864883,False,-1.2932074610639028,-0.9224580254618686,False,-0.7841884335527081,-0.41343899795067385,False,-0.8311567734449339,-0.46040733784289967,False,-0.46205068761896895
arena-pref:heldout:000486,486,4,domain_knowledge;real_world;specificity;technical_accuracy,105,196,234,-0.08164931749270332,False,LGSD-Large,0.1718324377298477,0.253481755222551,True,0.2914951950930269,0.3731445125857302,True,0.4553823770496126,0.5370316945423159,True,0.11548258067632888,0.1971318981690322,True,0.20383881807285675,0.2854881355655601,True,0.25154355897675584
arena-pref:heldout:000487,487,10,creativity;domain_knowledge;problem_solving;real_world,26,374,55,1.4394211947599196,True,LGSD-Large,3.53547148475035,2.0960502899904303,True,3.7170120116861107,2.277590816926191,True,4.680229895892628,3.2408087011327087,True,3.6045049402165543,2.1650837454566347,True,3.0727348592829573,1.6333136645230377,True,1.607495036609671
arena-pref:heldout:000488,488,6,domain_knowledge;real_world,10,632,608,0.061596526494429704,True,LGSD-Large,0.027722871716541864,-0.03387365477788784,True,0.004671034655675976,-0.05692549183875373,True,0.035831745428533734,-0.02576478106589597,True,0.007641408659472937,-0.05395511783495677,True,0.004959202424277498,-0.056637324070152206,True,0.030872543004256237
arena-pref:heldout:000489,489,6,domain_knowledge;real_world;specificity;technical_accuracy,111,216,58,0.09048254523392996,True,LGSD-Medium,-0.06424850613678101,-0.15473105137071097,False,0.5658542577029797,0.47537171246904975,True,0.43635294842385086,0.3458704031899209,True,0.2925418284965504,0.20205928326262046,True,0.031894421973295284,-0.05858812326063467,True,0.4044585264505556
arena-pref:heldout:000490,490,5,code;complexity;creativity;domain_knowledge;problem_solving;real_world;specificity;technical_accuracy,3546,421,396,-0.03622718456739393,False,LGSD-Small,0.22089019408967725,0.2571173786570712,True,0.18832485653902808,0.22455204110642202,True,0.20839459122867576,0.2446217757960697,True,0.1239115452737245,0.16013872984111843,True,0.13041718367259914,0.16664436823999307,True,0.07797740755607663
arena-pref:heldout:000491,491,8,real_world;specificity;technical_accuracy,58,83,229,0.2768270657428431,True,LGSD-Large,1.2714316183007823,0.9946045525579392,True,1.2616778717065098,0.9848508059636667,True,1.4573410705720549,1.1805140048292118,True,0.890408234499164,0.6135811687563208,True,0.6713771410641178,0.39455007532127473,True,0.785963929507937
arena-pref:heldout:000492,492,1,complexity;domain_knowledge;instruction_following;math;problem_solving;real_world;specificity;technical_accuracy,34,97,390,-0.8705534480974974,False,OPSD,-1.8703861913194486,-0.9998327432219513,False,-2.422174588353931,-1.5516211402564335,False,-2.2935201233983067,-1.4229666753008092,False,-1.6251142252257282,-0.7545607771282309,False,-1.54823472413505,-0.6776812760375527,False,-0.7452853992632567
arena-pref:heldout:000493,493,4,code;complexity;domain_knowledge;instruction_following;math;problem_solving;real_world;specificity;technical_accuracy,61,605,344,-0.09749662972816286,False,LGSD-Large,-0.28512024957355153,-0.18762361984538867,False,-0.292970845324934,-0.19547421559677114,False,-0.22008741587005232,-0.12259078614188945,False,-0.2956575632049513,-0.19816093347678843,False,-0.23386257591555493,-0.13636594618739206,False,0.01377516004550261
arena-pref:heldout:000494,494,9,code;complexity;domain_knowledge;problem_solving;real_world;specificity;technical_accuracy,192,708,429,0.5471586987048294,True,LGSD-Large,0.43014073173134415,-0.11701796697348521,True,0.5850907056684207,0.037932006963591336,True,0.6157314940238525,0.06857279531902316,True,0.5283190526521822,-0.018839646052647208,True,0.5514384118021698,0.004279713097340432,True,0.06429308222168273
arena-pref:heldout:000495,495,8,domain_knowledge;real_world;technical_accuracy,18,384,121,0.26104231716515947,True,LGSD-Small,0.9708951355340396,0.7098528183688801,True,0.8014665759956214,0.540424258830462,True,0.8565548807793086,0.5955125636141492,True,0.5739778153003083,0.31293549813514887,True,0.5255722332920252,0.2645299161268657,True,0.33098264748728345
arena-pref:heldout:000496,496,5,code;domain_knowledge;specificity;technical_accuracy,19,374,276,0.026491254593506874,True,LGSD-Medium,0.25497043105989214,0.22847917646638527,True,0.29510940722344525,0.2686181526299384,True,0.2653956952450174,0.2389044406515105,True,-0.007525971533946851,-0.034017226127453726,False,0.004847134673890308,-0.021644119919616567,True,0.2605485605711271
arena-pref:heldout:000497,497,9,instruction_following,295,558,612,0.5183541216278238,True,OPSD,0.6771742931127098,0.15882017148488603,True,0.6943684215412951,0.17601429991347128,True,0.7442562268953046,0.22590210526748078,True,0.6492848040407628,0.13093068241293904,True,0.76760200134139,0.2492478797135662,True,-0.023345774446085432
arena-pref:heldout:000498,498,8,creativity;domain_knowledge;real_world,16,338,88,0.27076092543558383,True,LGSD-Large,0.5948376009193654,0.3240766754837816,True,0.9659947835995086,0.6952338581639248,True,1.0691741155385333,0.7984131901029494,True,0.6989511422664645,0.42819021683088065,True,0.7030049347633827,0.43224400932779883,True,0.3661691807751506
arena-pref:heldout:000499,499,4,domain_knowledge;instruction_following;math;real_world;specificity;technical_accuracy,25,187,239,-0.11147936695365102,False,OPSD,-0.290212373373116,-0.178733006419465,False,-0.31407434053250105,-0.20259497357885003,False,-0.38475749056969755,-0.27327812361604653,False,-0.30083922886617465,-0.18935986191252363,False,-0.18211049156350279,-0.07063112460985177,False,-0.20264699900619476
arena-pref:heldout:000500,500,7,complexity;instruction_following;math;problem_solving;real_world;specificity;technical_accuracy,33,486,225,0.17794985563176158,True,LGSD-Large,0.39513198726952337,0.2171821316377618,True,0.4187275400671939,0.24077768443543235,True,0.4702347257009749,0.29228487006921333,True,0.3941186135688436,0.216168757937082,True,0.3312760130956831,0.15332615746392153,True,0.1389587126052918
arena-pref:heldout:000501,501,5,creativity;domain_knowledge;real_world;specificity,24,743,705,0.00841268582741539,True,LGSD-Large,0.18808452143068832,0.17967183560327293,True,0.2625727798234554,0.25416009399604,True,0.2695541022370369,0.2611414164096215,True,0.08431846455742198,0.07590577873000659,True,0.08038968267513913,0.07197699684772374,True,0.18916441956189778
arena-pref:heldout:000502,502,7,code;complexity;domain_knowledge;instruction_following;real_world;specificity;technical_accuracy,676,617,680,0.12409544673453793,True,LGSD-Large,0.45459131203476044,0.3304958653002225,True,0.4983737576324932,0.37427831089795527,True,0.5570798103570005,0.43298436362246256,True,0.38281655288399524,0.2587211061494573,True,0.43581510525275285,0.3117196585182149,True,0.12126470510424764
arena-pref:heldout:000503,503,3,code;complexity;domain_knowledge;instruction_following;math;problem_solving;real_world;specificity;technical_accuracy,42,329,317,-0.2675680936662457,False,OPSD,-0.16329350188529812,0.10427459178094756,False,-0.24310989286977902,0.024458200796466656,False,-0.32829751760170733,-0.06072942393546166,False,-0.22973144642955345,0.03783664723669222,False,-0.11583114596883504,0.15173694769741064,False,-0.2124663716328723
arena-pref:heldout:000504,504,5,code;complexity;creativity;domain_knowledge;instruction_following;problem_solving;real_world;specificity;technical_accuracy,43,1566,1350,-0.005332538414732302,False,LGSD-Small,-0.11103625164787123,-0.10570371323313893,False,-0.11809524156124662,-0.11276270314651432,False,-0.12681135550312617,-0.12147881708839386,False,-0.14238555611017267,-0.13705301769544037,False,-0.17147963858807835,-0.16614710017334605,False,0.04466828308495219
arena-pref:heldout:000505,505,3,code;complexity;domain_knowledge;instruction_following;problem_solving;real_world;specificity;technical_accuracy,46,455,891,-0.2831852556643766,False,LGSD-Small,-0.537474112502977,-0.2542888568386005,False,-0.6078202609453881,-0.3246350052810115,False,-0.6504307946735264,-0.3672455390091498,False,-0.5788911252976804,-0.2957058696333038,False,-0.560890297302727,-0.2777050416383504,False,-0.08954049737079939
arena-pref:heldout:000506,506,8,creativity;problem_solving;real_world;specificity,83,429,264,0.34985139153220435,True,LGSD-Medium,0.17821528583695567,-0.17163610569524868,True,0.2512502581367402,-0.09860113339546417,True,0.038481019871496436,-0.3113703716607079,True,0.08378186814990674,-0.2660695233822976,True,0.12165719034510625,-0.2281942011870981,True,-0.08317617047360981
arena-pref:heldout:000507,507,4,domain_knowledge;instruction_following;real_world;specificity;technical_accuracy,300,385,427,-0.05775384137496964,False,LGSD-Small,-0.09062842104519736,-0.03287457967022772,False,-0.18793479638427574,-0.1301809550093061,False,-0.288063495514975,-0.23030965414000537,False,-0.14355811593581796,-0.08580427456084833,False,-0.14599899201030697,-0.08824515063533733,False,-0.14206450350466804
arena-pref:heldout:000508,508,1,complexity;domain_knowledge;problem_solving;real_world;specificity;technical_accuracy,35,27,155,-1.0205053450243733,False,LGSD-High,-2.6251213265148974,-1.604615981490524,False,-2.941554781641442,-1.9210494366170685,False,-3.928417478354031,-2.907912133329658,False,-2.6080117730399333,-1.58750642801556,False,-3.1196767061841952,-2.099171361159822,False,-0.8087407721698359
arena-pref:heldout:000509,509,7,code;complexity;domain_knowledge;instruction_following;problem_solving;real_world;specificity;technical_accuracy,1559,898,633,0.20614509218923582,True,LGSD-Large,0.44586317917298157,0.23971808698374575,True,0.4825123692359783,0.27636727704674247,True,0.5949854803574719,0.3888403881682361,True,0.39417753533774746,0.18803244314851164,True,0.41272871451268034,0.20658362232344452,True,0.18225676584479156
arena-pref:heldout:000510,510,4,other,208,436,318,-0.1224825850925817,False,LGSD-Large,-0.09034211664066083,0.03214046845192087,False,-0.02193883817515463,0.10054374691742707,False,0.13918424801339224,0.26166683310597394,True,0.04927724906270292,0.17175983415528462,True,0.09527392844390059,0.2177565135364823,True,0.04391031956949165
arena-pref:heldout:000511,511,4,complexity;creativity;domain_knowledge;instruction_following;problem_solving;real_world;specificity,120,229,224,-0.07689793185747495,False,LGSD-Medium,-0.4232795059271921,-0.34638157406971715,False,-0.2989424028325214,-0.22204447097504643,False,-0.3979714139134005,-0.32107348205592556,False,-0.3319648676043516,-0.25506693574687667,False,-0.3304975653765576,-0.25359963351908266,False,-0.0674738485368429
arena-pref:heldout:000512,512,8,code;complexity;instruction_following;real_world;specificity;technical_accuracy,48,251,43,0.310395461949893,True,LGSD-High,-0.29615771250255185,-0.6065531744524448,False,-0.5104933655384591,-0.8208888274883521,False,-0.8875647806142686,-1.1979602425641616,False,0.2311348775048787,-0.07926058444501427,True,-0.17051073306021913,-0.4809061950101121,False,-0.7170540475540494
arena-pref:heldout:000513,513,10,domain_knowledge;real_world;specificity,62,205,28,1.3444423967952925,True,OPSD,2.659095112870379,1.3146527160750865,True,2.6179461861321323,1.2735037893368397,True,2.5293555734880298,1.1849131766927372,True,2.632294865518497,1.2878524687232042,True,3.0749287223151334,1.7304863255198408,True,-0.5455731488271036
arena-pref:heldout:000514,514,9,creativity;domain_knowledge;problem_solving;real_world;specificity;technical_accuracy,264,432,248,0.4063339939823858,True,LGSD-Large,1.0246746699584999,0.6183406759761141,True,1.1377398318287288,0.731405837846343,True,1.3670795472292063,0.9607455532468205,True,0.9304784853968286,0.5241444914144429,True,0.8545724075185217,0.4482384135361359,True,0.5125071397106846
arena-pref:heldout:000515,515,10,domain_knowledge;real_world;specificity;technical_accuracy,25,185,55,0.7333045715781923,True,LGSD-Medium,0.449919321496012,-0.2833852500821803,True,1.4644483280416205,0.7311437564634282,True,1.387926648114179,0.6546220765359867,True,0.7937184298653568,0.0604138582871645,True,0.8305061443431958,0.09720157276500352,True,0.5574205037709832
arena-pref:heldout:000516,516,1,creativity;specificity,14,60,138,-0.7104486797166909,False,OPSD,-0.8832100743832796,-0.17276139466658869,False,-1.1632130719613336,-0.4527643922446427,False,-1.5670079770295513,-0.8565592973128604,False,-1.1424155387325565,-0.4319668590158656,False,-0.6544853265734689,0.05596335314322198,False,-0.9125226504560824
arena-pref:heldout:000517,517,10,instruction_following;problem_solving;real_world;specificity,67,143,7,4.685103425017365,True,OPSD,5.3102860465035455,0.6251826214861804,True,3.0310998548875436,-1.6540035701298215,True,1.554181299962245,-3.13092212505512,True,3.7971667614611953,-0.8879366635561698,True,7.210635855004981,2.5255324299876163,True,-5.656454555042736
arena-pref:heldout:000518,518,9,code;complexity;domain_knowledge;instruction_following;problem_solving;real_world;specificity;technical_accuracy,19,1020,111,0.580762573771838,True,LGSD-Large,1.2551318499671762,0.6743692761953382,True,1.4907907477370255,0.9100281739651874,True,1.794643575398456,1.213881001626618,True,1.1968215788743708,0.6160590051025328,True,1.0900519223458311,0.5092893485739931,True,0.7045916530526248
arena-pref:heldout:000519,519,4,code;complexity;domain_knowledge;instruction_following;problem_solving;real_world;specificity;technical_accuracy,64,285,328,-0.07534325372779982,False,LGSD-High,-0.8739084949338338,-0.798565241206034,False,-0.7044898443258774,-0.6291465905980775,False,-0.48343759466554026,-0.40809434093774044,False,-0.4389491332000679,-0.3636058794722681,False,-0.5132168979995724,-0.43787364427177256,False,0.029779303334032114
arena-pref:heldout:000520,520,7,creativity;domain_knowledge;problem_solving;real_world;specificity,31,516,454,0.17841218955138294,True,LGSD-Medium,0.4843906284139867,0.3059784388626038,True,0.6212176686650934,0.4428054791137105,True,0.6042940102285306,0.42588182067714764,True,0.3721843669882108,0.19377217743682784,True,0.37434683582746353,0.1959346462760806,True,0.22994717440106704
arena-pref:heldout:000521,521,6,domain_knowledge;instruction_following;real_world;specificity;technical_accuracy,25,261,158,0.04279373432027889,True,LGSD-Medium,0.32697783011840653,0.28418409579812764,True,0.563376284933754,0.5205825506134751,True,0.3841600641951515,0.3413663298748726,True,0.14496183254316497,0.10216809822288608,True,0.2832751965810687,0.2404814622607898,True,0.10088486761408277
arena-pref:heldout:000522,522,5,code;complexity;domain_knowledge;instruction_following;problem_solving;real_world;specificity;technical_accuracy,497,798,418,-0.008710958116226741,False,LGSD-Large,-0.12157960936484835,-0.11286865124862161,False,-0.031053903136011085,-0.022342945019784344,False,0.008901926998017506,0.017612885114244248,True,-0.08684276833733062,-0.07813181022110388,False,-0.07178436082869089,-0.06307340271246414,False,0.08068628782670839
arena-pref:heldout:000523,523,9,creativity;domain_knowledge;real_world,20,495,208,0.5121512578269172,True,LGSD-Large,2.0055006477012127,1.4933493898742956,True,2.3297060065058286,1.8175547486789114,True,2.3737772311734524,1.8616259733465352,True,1.3594089321878962,0.847257674360979,True,1.485797427547191,0.9736461697202738,True,0.8879798036262614
arena-pref:heldout:000524,524,4,domain_knowledge;real_world;specificity;technical_accuracy,21,185,255,-0.1470390621037727,False,OPSD,-0.6991208707711403,-0.5520818086673676,False,-0.7670176517666492,-0.6199785896628764,False,-0.898606379498359,-0.7515673173945863,False,-0.6335110960021877,-0.486472033898415,False,-0.5842358373370069,-0.4371967752332342,False,-0.3143705421613521
arena-pref:heldout:000525,525,7,domain_knowledge;real_world;specificity;technical_accuracy,67,632,466,0.2047732122472763,True,LGSD-Large,0.4668809908414422,0.2621077785941659,True,0.41888069838387443,0.21410748613659814,True,0.5292072497555569,0.3244340375082806,True,0.3288091058130598,0.12403589356578348,True,0.34074235187838675,0.13596913963111046,True,0.18846489787717013
arena-pref:heldout:000526,526,8,complexity;domain_knowledge;instruction_following;math;problem_solving;real_world;specificity;technical_accuracy,131,129,92,0.34274070143177326,True,LGSD-Large,0.6566799735637237,0.3139392721319504,True,0.721281342366588,0.37854064093481476,True,0.9768973496131395,0.6341566481813662,True,0.5284867400788763,0.18574603864710304,True,0.6341173421424529,0.2913766407106796,True,0.3427800074706866
arena-pref:heldout:000527,527,9,code;complexity;domain_knowledge;problem_solving;real_world;specificity;technical_accuracy,39,697,552,0.5552167160786206,True,LGSD-Large,0.77708648059342,0.22186976451479945,True,0.8380341514478101,0.2828174353691896,True,0.9794372482556403,0.4242205321770197,True,0.7573674259739439,0.20215070989532335,True,0.8010911780857408,0.24587446200712026,True,0.17834607016989945
arena-pref:heldout:000528,528,10,code;complexity;domain_knowledge;instruction_following;math;problem_solving;real_world;specificity;technical_accuracy,152,202,83,0.829001560936989,True,LGSD-High,0.468777274880676,-0.36022428605631296,True,0.3938244721008686,-0.4351770888361204,True,0.3876844636156491,-0.44131709732133984,True,0.7686007573754468,-0.060400803561542205,True,0.6678945545249775,-0.16110700641201148,True,-0.28021009090932836
arena-pref:heldout:000529,529,3,code;complexity;creativity;domain_knowledge;instruction_following;problem_solving;real_world;specificity;technical_accuracy,39,1017,916,-0.28097092979653826,False,OPSD,-0.4531868450052775,-0.17221591520873925,False,-0.5458741399141582,-0.26490321011761997,False,-0.5794473578670868,-0.2984764280705485,False,-0.4092642513728092,-0.12829332157627094,False,-0.36802331418079126,-0.087052384384253,False,-0.21142404368629553
arena-pref:heldout:000530,530,2,code;domain_knowledge;real_world;specificity;technical_accuracy,29,242,290,-0.3682590219362335,False,LGSD-Large,-0.27869655927656445,0.08956246265966905,False,-0.2734882103068499,0.09477081162938361,False,-0.06391668751831547,0.304342334417918,False,-0.28538563788939353,0.08287338404683997,False,-0.3492492159400171,0.019009805996216378,False,0.28533252842170165
arena-pref:heldout:000531,531,10,complexity;domain_knowledge;instruction_following;math;problem_solving;real_world;specificity;technical_accuracy,29,136,36,2.110810226864285,True,LGSD-Large,2.971927516600665,0.8611172897363799,True,2.691895597121295,0.5810853702570098,True,4.115709638283923,2.0048994114196383,True,3.0039181740455376,0.8931079471812526,True,3.130353340136459,1.019543113272174,True,0.9853562981474644
arena-pref:heldout:000532,532,3,other,537,794,770,-0.17978836473123483,False,LGSD-High,-0.21248602554684182,-0.03269766081560699,False,-0.20131345426507097,-0.02152508953383614,False,-0.22135762045539364,-0.041569255724158816,False,-0.18064280142474176,-0.0008544366935069325,False,-0.22655332766156688,-0.046764962930332055,False,0.005195707206173239
arena-pref:heldout:000533,533,5,domain_knowledge;instruction_following;real_world;specificity;technical_accuracy,56,767,750,-0.03707311070726926,False,LGSD-Small,0.10629872980826516,0.14337184051553442,True,0.03008598928439099,0.06715909999166025,True,0.08240558502581874,0.119478695733088,True,-0.05930087015018537,-0.022227759442916106,False,0.037842184956205394,0.07491529566347466,True,0.044563400069613346
arena-pref:heldout:000534,534,3,creativity;real_world;specificity,13,478,569,-0.2452433909879399,False,LGSD-High,-0.5254626339012123,-0.2802192429132724,False,-0.8919480634155899,-0.64670467242765,False,-0.8616964064313359,-0.616453015443396,False,-0.45297848295668763,-0.20773509196874773,False,-0.4680186024951034,-0.2227752115071635,False,-0.39367780393623253
arena-pref:heldout:000535,535,8,creativity;domain_knowledge;problem_solving;real_world;specificity;technical_accuracy,18,775,590,0.2291308669042823,True,LGSD-Medium,0.3920875802934334,0.16295671338915108,True,0.44832498315776736,0.21919411625348506,True,0.40657890674388764,0.17744803983960533,True,0.3890281827623172,0.1598973158580349,True,0.39162521091167113,0.16249434400738882,True,0.014953695832216507
arena-pref:heldout:000536,536,1,creativity;specificity,14,46,29,-0.7361009903754785,False,OPSD,-0.475636054729593,0.26046493564588546,False,-0.1936805759412774,0.5424204144342011,False,0.021238698773477616,0.7573396891489561,True,0.03695318688159599,0.7730541772570745,True,0.5467681655998176,1.282869155975296,True,-0.5255294668263399
arena-pref:heldout:000537,537,7,complexity;creativity;domain_knowledge;instruction_following;problem_solving;real_world;specificity;technical_accuracy,375,2098,904,0.1302890752003606,True,LGSD-Medium,0.14379645158834697,0.01350737638798638,True,0.18714431184651392,0.05685523664615333,True,0.16662352473926267,0.03633444953890208,True,0.09764673709728577,-0.03264233810307482,True,0.1070076920588594,-0.02328138314150119,True,0.05961583268040327
arena-pref:heldout:000538,538,2,complexity;domain_knowledge;instruction_following;math;problem_solving;real_world;specificity;technical_accuracy,42,358,568,-0.45113158370463813,False,OPSD,-0.5054263703912574,-0.054294786686619245,False,-0.6235633245918826,-0.17243174088724444,False,-0.6744269940130678,-0.2232954103084297,False,-0.43136166486950955,0.019769918835128575,False,-0.41990721022194455,0.03122437348269358,False,-0.2545197837911233
arena-pref:heldout:000539,539,2,creativity;domain_knowledge;instruction_following;real_world;specificity,42,120,209,-0.3064826752390397,False,LGSD-Medium,-0.882952536502333,-0.5764698612632932,False,-0.8775645424874776,-0.5710818672484379,False,-0.992432604033791,-0.6859499287947513,False,-0.8978733557072935,-0.5913906804682538,False,-0.998061727678947,-0.6915790524399072,False,0.005629123645155998
arena-pref:heldout:000540,540,9,domain_knowledge;instruction_following;real_world;specificity;technical_accuracy,39,490,522,0.6472458551651299,True,LGSD-Large,0.8592859463114171,0.2120400911462872,True,1.0043778438360813,0.3571319886709514,True,1.1160037530261775,0.4687578978610476,True,0.7183746958610384,0.07112884069590852,True,0.8118506257757176,0.16460477061058776,True,0.30415312725045984
arena-pref:heldout:000541,541,1,domain_knowledge;real_world;specificity;technical_accuracy,21,229,314,-0.47893108609514945,False,LGSD-Small,-0.5221775298065141,-0.04324644371136466,False,-0.6968792540086806,-0.2179481679135311,False,-0.9095808033471948,-0.43064971725204537,False,-0.547080241174581,-0.06814915507943153,False,-0.5300327308240349,-0.051101644728885454,False,-0.3795480725231599
arena-pref:heldout:000542,542,4,code;complexity;creativity;domain_knowledge;problem_solving;real_world;specificity;technical_accuracy,17,893,496,-0.14806384630847114,False,LGSD-High,0.0424859158475932,0.19054976215606434,True,0.041895646337216874,0.189959492645688,True,0.021228149805102348,0.16929199611357348,True,0.0675286608047534,0.21559250711322453,True,-0.049674841919520096,0.09838900438895104,False,0.07090299172462244
arena-pref:heldout:000543,543,7,creativity;domain_knowledge;real_world,68,816,559,0.1825021879345763,True,LGSD-Small,0.21084111051041954,0.02833892257584325,True,0.049335124328815594,-0.1331670636057607,True,0.14318076358891374,-0.03932142434566255,True,0.12644903261912677,-0.05605315531544952,True,0.19442343102195903,0.011921243087382738,True,-0.051242667433045286
arena-pref:heldout:000544,544,1,creativity;domain_knowledge;instruction_following;real_world;specificity;technical_accuracy,52,359,774,-0.7689445386230112,False,OPSD,-1.1699013206355797,-0.40095678201256857,False,-1.3927198568955872,-0.623775318272576,False,-1.5073564070789276,-0.7384118684559164,False,-1.1538339856367086,-0.3848894470136974,False,-1.081819574210653,-0.31287503558764174,False,-0.4255368328682747
arena-pref:heldout:000545,545,10,domain_knowledge;real_world;specificity;technical_accuracy,71,234,68,0.7146310789492814,True,LGSD-Large,1.3161751510750535,0.6015440721257721,True,1.6843796740110462,0.9697485950617648,True,2.785621272432798,2.0709901934835164,True,1.454142094857133,0.7395110159078517,True,1.4890331179128333,0.774402038963552,True,1.2965881545199647
arena-pref:heldout:000546,546,6,domain_knowledge;problem_solving;real_world;specificity;technical_accuracy,149,626,472,0.061420359311728956,True,LGSD-Medium,0.07981755692563652,0.018397197613907568,True,0.20048045939059556,0.1390601000788666,True,0.18548168461859982,0.12406132530687086,True,0.024988370884954092,-0.036431988426774864,True,0.0007608366133933231,-0.06065952269833563,True,0.1847208480052065
arena-pref:heldout:000547,547,2,complexity;domain_knowledge;instruction_following;problem_solving;real_world;specificity;technical_accuracy,2071,608,1133,-0.4619841240261636,False,LGSD-Medium,-0.5222319149132607,-0.060247790887097086,False,-0.5151153643082415,-0.05313124028207783,False,-0.5388171774464866,-0.07683305342032298,False,-0.5355456184038423,-0.07356149437767867,False,-0.5585112574928153,-0.09652713346665165,False,0.019694080046328666
arena-pref:heldout:000548,548,2,creativity;domain_knowledge;problem_solving;real_world;specificity;technical_accuracy,668,668,526,-0.4398196765773461,False,LGSD-Small,-0.517106776902895,-0.07728710032554886,False,-0.558030898848783,-0.11821122227143688,False,-0.5390006014320443,-0.0991809248546982,False,-0.5278916820466106,-0.08807200546926452,False,-0.5505704404020111,-0.11075076382466498,False,0.011569838969966773
arena-pref:heldout:000549,549,3,code;complexity;domain_knowledge;problem_solving;real_world;specificity;technical_accuracy,17,526,417,-0.2049794432085833,False,LGSD-Small,-0.2580325144587332,-0.05305307125014991,False,-0.41753508860709854,-0.21255564539851524,False,-0.5229043243169869,-0.31792488110840356,False,-0.34491620298263304,-0.13993675977404973,False,-0.3507510163232693,-0.14577157311468603,False,-0.17215330799371753
arena-pref:heldout:000550,550,4,domain_knowledge;real_world;specificity;technical_accuracy,18,460,247,-0.12086423292396731,False,LGSD-High,0.23033080424164587,0.3511950371656132,True,0.14417914766762552,0.2650433805915928,True,0.2612591549914143,0.3821233879153816,True,0.30224203973604613,0.42310627266001344,True,0.23399199715929764,0.35485623008326495,True,0.02726715783211664
arena-pref:heldout:000551,551,5,domain_knowledge;instruction_following;real_world;specificity;technical_accuracy,51,679,703,-0.024771091802096246,False,LGSD-Large,0.10727095076945292,0.13204204257154917,True,0.17697658877303546,0.2017476805751317,True,0.20796246972630072,0.23273356152839697,True,0.12535979835145628,0.15013089015355252,True,0.13173052319993128,0.15650161500202753,True,0.07623194652636944
arena-pref:heldout:000552,552,8,code;domain_knowledge;problem_solving;real_world;specificity;technical_accuracy,34,546,593,0.30556291692327875,True,LGSD-Medium,0.2761566574249561,-0.02940625949832265,True,0.3275715170557032,0.02200860013242445,True,0.23970923978602898,-0.06585367713724977,True,0.19593040740306833,-0.10963250952021042,True,0.1349868482165777,-0.17057606870670106,True,0.10472239156945129
arena-pref:heldout:000553,553,2,domain_knowledge;instruction_following;math;problem_solving;technical_accuracy,119,568,559,-0.3400384455107546,False,OPSD,-0.3919251240787449,-0.05188667856799034,False,-0.37920198545316786,-0.039163539942413284,False,-0.350509131803856,-0.010470686293101439,False,-0.43205170013391014,-0.09201325462315557,False,-0.334941512672307,0.005096932838447588,False,-0.015567619131549026
arena-pref:heldout:000554,554,7,creativity;domain_knowledge;real_world,33,212,581,0.1207897191203604,True,LGSD-Small,0.07018172104879827,-0.05060799807156213,True,-0.13317220594211454,-0.25396192506247495,False,-0.12284196003435799,-0.2436316791547184,False,-0.068903307372286,-0.1896930264926464,False,0.056138115008483425,-0.06465160411187698,True,-0.1789800750428414
arena-pref:heldout:000555,555,8,creativity;domain_knowledge;real_world,19,116,87,0.3109393448665225,True,LGSD-Large,1.1745122492998497,0.8635729044333271,True,1.2233065353042778,0.9123671904377553,True,1.6604588059173233,1.3495194610508008,True,1.403585280495128,1.0926459356286056,True,0.8273753571784357,0.5164360123119132,True,0.8330834487388876
arena-pref:heldout:000556,556,2,creativity;real_world;specificity,17,171,172,-0.4419957792841622,False,LGSD-Small,0.2175824815004872,0.6595782607846494,True,-0.03588404033551429,0.40611173894864794,False,-0.3737133329099134,0.06828244637424885,False,0.06652905739003856,0.5085248366742008,True,-0.13601092690434502,0.3059848523798172,False,-0.23770240600556836
arena-pref:heldout:000557,557,1,specificity;technical_accuracy,21,14,51,-0.7235090966318167,False,LGSD-Large,-1.0932829667206239,-0.36977387008880713,False,-0.40096799599356325,0.3225411006382535,False,0.3181573349554663,1.041666431587283,True,-1.2038042725635179,-0.4802951759317011,False,-1.255503304532262,-0.5319942079004454,False,1.5736606394877284
arena-pref:heldout:000558,558,9,domain_knowledge;real_world;technical_accuracy,18,528,247,0.4840998305468279,True,LGSD-Large,0.6440503687350212,0.15995053818819327,True,0.8572227756547981,0.37312294510797017,True,0.871333094246328,0.38723326369950006,True,0.6507660225554779,0.16666619200864996,True,0.6143075944952929,0.130207763948465,True,0.25702549975103506
arena-pref:heldout:000559,559,6,complexity;domain_knowledge;instruction_following;problem_solving;real_world;specificity;technical_accuracy,72,540,510,0.1010391042123433,True,LGSD-Medium,0.18607457582727238,0.08503547161492908,True,0.23138306831742161,0.1303439641050783,True,0.11137771938880792,0.010338615176464616,True,0.12382786320705041,0.022788758994707115,True,0.1781571760156837,0.0771180718033404,True,-0.06677945662687579
arena-pref:heldout:000560,560,7,creativity;domain_knowledge;real_world;specificity,20,153,139,0.12370286974622413,True,LGSD-Small,0.4464796268705107,0.32277675712428655,True,0.2944358458509786,0.17073297610475446,True,0.22006107263416608,0.09635820288794195,True,0.272167699710435,0.14846482996421084,True,0.3753833479272992,0.2516804781810751,True,-0.15532227529313314
arena-pref:heldout:000561,561,7,code;domain_knowledge;real_world;specificity;technical_accuracy,44,441,274,0.21682919472061846,True,LGSD-Large,0.3633399752145814,0.14651078049396293,True,0.47482977990453623,0.2580005851839178,True,0.5075136533506376,0.2906844586300191,True,0.34974809886820546,0.132918904147587,True,0.1872795723179005,-0.029549622402717968,True,0.3202340810327371
arena-pref:heldout:000562,562,6,code;complexity;domain_knowledge;instruction_following;problem_solving;real_world;specificity;technical_accuracy,468,739,916,0.046839260940736094,True,OPSD,-0.03202728904479635,-0.07886654998553244,False,0.028021246850828296,-0.018818014089907797,True,0.02240508806020003,-0.024434172880536065,True,0.006908769644342838,-0.039930491296393256,True,0.136360243009769,0.08952098206903292,True,-0.11395515494956898
arena-pref:heldout:000563,563,4,domain_knowledge;problem_solving;real_world;specificity;technical_accuracy,69,386,541,-0.14530514713110643,False,OPSD,-0.4613963858442116,-0.3160912387131052,False,-0.5392016819769629,-0.3938965348458565,False,-0.5674425841859745,-0.42213743705486806,False,-0.36230647222905765,-0.21700132509795123,False,-0.31559319719153445,-0.17028805006042802,False,-0.25184938699444004
arena-pref:heldout:000564,564,2,complexity;creativity;domain_knowledge;instruction_following;problem_solving;real_world;specificity;technical_accuracy,100,130,83,-0.36413112848969487,False,LGSD-Medium,-0.4955653064222221,-0.1314341779325272,False,-0.46331159204548444,-0.09918046355578958,False,-0.598639716960635,-0.23450858847094014,False,-0.6471534234047822,-0.28302229491508735,False,-0.6533983225287721,-0.2892671940390772,False,0.05475860556813705
arena-pref:heldout:000565,565,8,domain_knowledge;real_world;technical_accuracy,301,291,281,0.3282873621572525,True,LGSD-High,0.18556178507298893,-0.1427255770842636,True,0.21837713602632403,-0.10991022613092849,True,0.19310327994481002,-0.1351840822124425,True,0.22197876268597638,-0.10630859947127613,True,0.13481484542241895,-0.19347251673483357,True,0.058288434522391075
arena-pref:heldout:000566,566,9,code;complexity;domain_knowledge;problem_solving;real_world;specificity;technical_accuracy,21,812,519,0.4479230755568513,True,LGSD-Large,0.7889868886989216,0.34106381314207035,True,0.8360050164701768,0.3880819409133255,True,0.9936091363708933,0.545686060814042,True,0.7617493654737346,0.3138262899168833,True,0.7213811187807865,0.2734580432239352,True,0.27222801759010684
arena-pref:heldout:000567,567,3,complexity;creativity;domain_knowledge;problem_solving;real_world,48,323,355,-0.22216296423247228,False,OPSD,-0.19980916661296733,0.022353797619504956,False,-0.14232245684657707,0.07984050738589521,False,-0.1686817611490068,0.05348120308346549,False,-0.1958522456130911,0.026310718619381168,False,-0.13530592143455045,0.08685704279792184,False,-0.033375839714456346
arena-pref:heldout:000568,568,5,creativity;domain_knowledge;real_world,15,238,359,-0.03919713286932058,False,LGSD-Small,-0.013082896292186064,0.02611423657713452,False,-0.14401301628658025,-0.10481588341725967,False,-0.13246148271213132,-0.09326434984281073,False,-0.2600873347226802,-0.2208902018533596,False,-0.09965926495131017,-0.060462132081989584,False,-0.03280221776082115
arena-pref:heldout:000569,569,5,instruction_following,71,263,151,0.011905473057794325,True,LGSD-High,0.24229203719041914,0.23038656413262482,True,0.30920957679086714,0.2973041037330728,True,0.19430147429941158,0.18239600124161726,True,0.31737503412162305,0.3054695610638287,True,0.28136797224815213,0.2694624991903578,True,-0.08706649794874055
arena-pref:heldout:000570,570,1,creativity;domain_knowledge;real_world,16,212,451,-0.4912868766950642,False,OPSD,-1.2395530089131912,-0.748266132218127,False,-1.6060046613433343,-1.11471778464827,False,-1.7969022057512556,-1.3056153290561914,False,-1.1177905297791046,-0.6265036530840404,False,-1.070750347825766,-0.5794634711307018,False,-0.7261518579254895
arena-pref:heldout:000571,571,10,code;complexity;domain_knowledge;instruction_following;problem_solving;real_world;specificity;technical_accuracy,59,251,106,0.8226136341136551,True,LGSD-Large,1.5938465187516075,0.7712328846379525,True,2.0252909839202573,1.2026773498066023,True,2.326952816193905,1.5043391820802499,True,1.5697024577024026,0.7470888235887475,True,1.5260265041793781,0.7034128700657231,True,0.8009263120145267
arena-pref:heldout:000572,572,2,creativity;domain_knowledge;real_world;specificity;technical_accuracy,17,797,535,-0.30547466488987385,False,OPSD,-0.09391319266761111,0.21156147222226274,False,-0.10678164507021215,0.1986930198196617,False,-0.10745047482036374,0.1980241900695101,False,-0.09412957904953312,0.21134508584034073,False,-0.08557501214422758,0.21989965274564627,False,-0.02187546267613616
arena-pref:heldout:000573,573,4,domain_knowledge;math;real_world;specificity;technical_accuracy,23,180,266,-0.0757647888801849,False,LGSD-Large,0.23715957555555756,0.31292436443574245,True,0.1786287973797509,0.2543935862599358,True,0.30753650840561697,0.38330129728580187,True,0.16037273996555523,0.23613752884574013,True,0.14311567344761134,0.21888046232779623,True,0.16442083495800563
arena-pref:heldout:000574,574,9,creativity;real_world,21,537,115,0.5612871417284262,True,LGSD-Large,1.9047630966689344,1.3434759549405082,True,2.359162007238342,1.7978748655099157,True,2.894751671862191,2.3334645301337646,True,1.973700380668921,1.4124132389404949,True,1.8094440218369763,1.24815688010855,True,1.0853076500252148
arena-pref:heldout:000575,575,4,code;complexity;domain_knowledge;instruction_following;math;problem_solving;real_world;specificity;technical_accuracy,160,885,753,-0.143386434844889,False,LGSD-Small,-0.18718477167960723,-0.04379833683471823,False,-0.2567431731675599,-0.1133567383226709,False,-0.2973132203527764,-0.1539267855078874,False,-0.19814989865020738,-0.05476346380531838,False,-0.20517091847481417,-0.06178448362992517,False,-0.09214230187796224
arena-pref:heldout:000576,576,2,code;complexity;domain_knowledge;instruction_following;real_world;specificity;technical_accuracy,153,531,260,-0.46445150817457725,False,LGSD-Large,-0.3540384476484981,0.11041306052607913,False,-0.3468274678248662,0.11762404034971108,False,-0.2967362919735179,0.16771521620105934,False,-0.48531719535464024,-0.020865687180062986,False,-0.3276747837699394,0.13677672440463784,False,0.030938491796421497
arena-pref:heldout:000577,577,4,complexity;creativity;domain_knowledge;instruction_following;real_world;specificity;technical_accuracy,41,721,983,-0.04001886622482198,False,OPSD,-0.23236785479549282,-0.19234898857067084,False,-0.24253856794414475,-0.20251970171932276,False,-0.29125231115389494,-0.25123344492907296,False,-0.15212988470198208,-0.1121110184771601,False,-0.12369337041043749,-0.0836745041856155,False,-0.16755894074345745
arena-pref:heldout:000578,578,1,creativity;domain_knowledge;real_world,17,591,288,-0.5365217815532028,False,LGSD-Medium,-0.060161543779970295,0.47636023777323255,False,-0.04563616092636691,0.49088562062683594,False,-0.06171812422182743,0.4748036573313754,False,-0.12588870996011536,0.4106330715930875,False,-0.07990488734409373,0.4566168942091091,False,0.018186763122266303
arena-pref:heldout:000579,579,10,code;complexity;creativity;domain_knowledge;problem_solving;real_world;specificity;technical_accuracy,2960,2944,245,1.1456400746752333,True,LGSD-Large,1.9064458929762549,0.7608058183010216,True,2.1329422834047516,0.9873022087295182,True,2.5775047290452093,1.431864654369976,True,1.8975361407940219,0.7518960661187886,True,1.9342208332606088,0.7885807585853755,True,0.6432838957846005
arena-pref:heldout:000580,580,2,code;domain_knowledge;real_world;specificity;technical_accuracy,21,436,731,-0.31314804078848024,False,LGSD-High,-0.7181293945205736,-0.4049813537320933,False,-0.6327908482093942,-0.319642807420914,False,-0.773454800884184,-0.4603067600957037,False,-0.6189898849124597,-0.3058418441239794,False,-0.6734138103081946,-0.36026576951971434,False,-0.10004099057598936
arena-pref:heldout:000581,581,7,domain_knowledge;real_world;specificity;technical_accuracy,16,514,293,0.17509409401091003,True,OPSD,0.1980109431287973,0.022916849117887272,True,0.1311443612068337,-0.043949732804076325,True,0.2487621555603703,0.07366806154946026,True,0.13661948551170844,-0.03847460849920159,True,0.29256101520306443,0.1174669211921544,True,-0.04379885964269414
arena-pref:heldout:000582,582,3,creativity;instruction_following;real_world;specificity,19,153,213,-0.26633531503186614,False,LGSD-High,-0.7542715528267454,-0.48793623779487927,False,-0.7417164026214897,-0.4753810875896236,False,-0.971538165848437,-0.7052028508165709,False,-0.596173221560393,-0.32983790652852685,False,-0.6741192299808505,-0.40778391494898436,False,-0.2974189358675865
arena-pref:heldout:000583,583,2,creativity;domain_knowledge;real_world;specificity,13,247,530,-0.37517543511816487,False,LGSD-Small,-1.03999521154815,-0.664819776429985,False,-1.5323329426954342,-1.1571575075772693,False,-1.7033216896637011,-1.3281462545455363,False,-1.1926691731196586,-0.8174937380014937,False,-1.0933981277026392,-0.7182226925844744,False,-0.6099235619610619
arena-pref:heldout:000584,584,9,other,29,325,208,0.4800466618171104,True,LGSD-Medium,0.5877531781563393,0.1077065163392289,True,0.8607441054857695,0.3806974436686591,True,0.6788952423976018,0.19884858058049137,True,0.5426450586318969,0.06259839681478652,True,0.5608857173186084,0.08083905550149795,True,0.11800952507899343
arena-pref:heldout:000585,585,8,code;domain_knowledge;real_world;specificity;technical_accuracy,13,568,418,0.3435253974714806,True,LGSD-Large,0.583819863015216,0.24029446554373546,True,0.7894370891196489,0.44591169164816835,True,0.8545945294021121,0.5110691319306315,True,0.52876961993612,0.18524422246463945,True,0.4658797530201183,0.12235435554863772,True,0.3887147763819938
arena-pref:heldout:000586,586,3,domain_knowledge;real_world;technical_accuracy,18,468,419,-0.21332643567194132,False,LGSD-Small,-0.05477755206345636,0.15854888360848496,False,-0.08888234759117264,0.12444408808076868,False,-0.07315747498556524,0.14016896068637608,False,-0.07434510674035111,0.1389813289315902,False,-0.08867860529537186,0.12464783037656946,False,0.015521130309806619
arena-pref:heldout:000587,587,6,instruction_following,156,41,40,0.10003050711096773,True,LGSD-Medium,0.2404107256633481,0.14038021855238036,True,0.30177587648717386,0.20174536937620613,True,0.2471942320102598,0.14716372489929208,True,0.17239255672547893,0.0723620496145112,True,0.1929242855165063,0.09289377840553859,True,0.054269946493753496
arena-pref:heldout:000588,588,10,complexity;creativity;domain_knowledge;instruction_following;math;problem_solving;real_world;specificity;technical_accuracy,71,506,242,0.7295352810370678,True,LGSD-Large,1.4683462575404627,0.7388109765033949,True,1.4096317469452593,0.6800964659081915,True,1.8755490590546826,1.1460137780176147,True,1.4313413703608675,0.7018060893237997,True,1.3122405512402306,0.5827052702031629,True,0.563308507814452
arena-pref:heldout:000589,589,5,creativity;domain_knowledge;real_world;specificity,28,159,164,0.003127530301745507,True,OPSD,0.11513816507558605,0.11201063477384055,True,-0.18838232838864322,-0.19150985869038872,False,-0.02724309091206667,-0.030370621213812177,False,-0.08400141430296104,-0.08712894460470655,False,0.1332319162798581,0.13010438597811258,True,-0.16047500719192476
arena-pref:heldout:000590,590,4,complexity;creativity;domain_knowledge;instruction_following;problem_solving;real_world;specificity;technical_accuracy,43,447,517,-0.05077818418997704,False,LGSD-Large,-0.06417709108167591,-0.01339890689169887,False,0.17519048213147848,0.2259686663214555,True,0.1968898404432191,0.24766802463319615,True,0.09057367067893018,0.14135185486890722,True,0.000376522632091536,0.051154706822068574,True,0.19651331781112757
arena-pref:heldout:000591,591,8,domain_knowledge;real_world;specificity;technical_accuracy,30,99,114,0.3505182129344302,True,LGSD-High,0.6174365808709004,0.26691836793647017,True,0.2590332244191633,-0.09148498851526687,True,0.3379735992285626,-0.012544613705867569,True,0.6681398100703402,0.31762159713591,True,0.5016907433890587,0.15117253045462853,True,-0.1637171441604961
arena-pref:heldout:000592,592,1,creativity,175,150,157,-0.49372328140679944,False,LGSD-High,-0.4918539762395706,0.0018693051672288297,False,-0.5738002752802174,-0.08007699387341793,False,-0.4953776764110396,-0.001654395004240139,False,-0.32390655387991796,0.16981672752688148,False,-0.3855154099839002,0.10820787142289923,False,-0.10986226642713937
arena-pref:heldout:000593,593,3,complexity;creativity;domain_knowledge;instruction_following;problem_solving;real_world;specificity;technical_accuracy,205,80,118,-0.16381959874751195,False,LGSD-Medium,0.08849888009540141,0.25231847884291336,True,0.17577068361185377,0.3395902823593657,True,-0.1165975841425233,0.04722201460498865,False,-0.0908850884033463,0.07293451034416565,False,-0.05330132347042271,0.11051827527708924,False,-0.06329626067210059
arena-pref:heldout:000594,594,1,other,29,129,204,-0.8445201678956638,False,LGSD-Small,-0.14672064357188752,0.6977995243237762,False,-1.045045080111008,-0.2005249122153443,False,-0.9582690109795644,-0.11374884308390065,False,-0.5633479258375953,0.28117224205806846,False,-0.6357483074537869,0.2087718604418769,False,-0.32252070352577755
arena-pref:heldout:000595,595,8,domain_knowledge;instruction_following;real_world;specificity;technical_accuracy,446,938,496,0.3836615844280915,True,LGSD-Large,0.2920670705383095,-0.09159451388978201,True,0.3465220942130909,-0.037139490215000626,True,0.3677907471102859,-0.015870837317805586,True,0.3216179021656518,-0.062043682262439726,True,0.2331380315344831,-0.15052355289360841,True,0.13465271557580283
arena-pref:heldout:000596,596,3,code;complexity;domain_knowledge;math;problem_solving;real_world;specificity;technical_accuracy,111,463,476,-0.2463238537825414,False,OPSD,-0.360280269022734,-0.11395641524019262,False,-0.5148427453143114,-0.26851889153177,False,-0.45215842323878574,-0.20583456945624434,False,-0.38117056555706175,-0.13484671177452034,False,-0.3504030617996532,-0.10407920801711179,False,-0.10175536143913255
arena-pref:heldout:000597,597,2,creativity;instruction_following;real_world;specificity,14,129,142,-0.37850940944664546,False,LGSD-Small,-0.9146338488964783,-0.5361244394498328,False,-0.9303757363186218,-0.5518663268719763,False,-1.3441127102790742,-0.9656033008324287,False,-1.034206425366619,-0.6556970159199735,False,-0.9551855926105506,-0.5766761831639051,False,-0.3889271176685236
arena-pref:heldout:000598,598,8,domain_knowledge;real_world;technical_accuracy,15,399,166,0.353394357752864,True,LGSD-Large,0.9129574587909763,0.5595631010381124,True,1.0770450314667128,0.7236506737138488,True,1.1364332018193155,0.7830388440664515,True,0.9066397386188001,0.5532453808659361,True,0.8036048891579113,0.4502105314050473,True,0.3328283126614042
arena-pref:heldout:000599,599,4,creativity;domain_knowledge;instruction_following;real_world;specificity,65,725,726,-0.1308126591707528,False,LGSD-Large,-0.1258440026034766,0.004968656567276186,False,-0.06941815646339977,0.06139450270735303,False,-0.054415968895592526,0.07639669027516027,False,-0.059773177615006556,0.07103948155574624,False,-0.13962662284911231,-0.008813963678359515,False,0.08521065395351979
